2026-04-22 11:55:00,000 643417 INFO ? odoo.service.server: Worker 643417 (PID:643417) started and waiting for connections.
2026-04-22 11:55:03,000 643416 INFO ? odoo.service.server: Worker 643416 (PID:643416) started and waiting for connections.
2026-04-22 11:55:07,000 643420 INFO ? odoo.service.server: Worker 643420 (PID:643420) started and waiting for connections.
2026-04-22 11:55:08,000 643419 INFO ? odoo.service.server: Worker 643419 (PID:643419) started and waiting for connections.
2026-04-22 11:55:20,000 643415 INFO ? odoo.service.server: Worker 643415 (PID:643415) started and waiting for connections.
2026-04-22 11:55:23,000 643418 INFO ? odoo.service.server: Worker 643418 (PID:643418) started and waiting for connections.
2026-04-22 11:56:00,621 643416 DEBUG MASTER_BASE_DEMO_STD_V10 odoo.addons.base.models: SELECT id, name FROM res_partner WHERE active = true LIMIT 80
2026-04-22 11:56:01,623 643416 INFO MASTER_BASE_DEMO_STD_V10 odoo.addons.base: Registry loaded for database MASTER_BASE_DEMO_STD_V10
2026-04-22 11:56:03,512 643416 DEBUG MASTER_BASE_DEMO_STD_V10 odoo.sql_db: Query time: 0.0352s
2026-04-22 11:56:04,443 643416 ERROR PROD_DB_01 odoo.sql_db: psycopg2.OperationalError: connection to server failed
2026-04-22 11:56:04,889 643418 INFO PROD_DB_01 odoo.addons.base: HTTP POST /web/dataset/call_kw/res.partner/read HTTP/1.1 200
2026-04-22 11:56:06,489 643415 INFO PROD_DB_01 odoo.addons.base: Request from 192.168.1.227 processed in 446ms
2026-04-22 11:56:09,247 643415 INFO PROD_DB_01 odoo.service.server: Registry loaded for database PROD_DB_01
2026-04-22 11:56:10,791 643420 INFO PROD_DB_01 odoo.modules.loading: Request from 192.168.1.172 processed in 141ms
2026-04-22 11:56:13,441 643419 INFO MASTER_BASE_DEMO_STD_V10 odoo.modules.loading: HTTP POST /web/dataset/call_kw/res.partner/read HTTP/1.1 200
2026-04-22 11:56:16,295 643416 INFO MASTER_BASE_DEMO_STD_V10 odoo.modules.loading: Request from 192.168.1.211 processed in 21ms
2026-04-22 11:56:18,668 643416 WARNING PROD_DB_01 odoo.http: Memory usage high: 90%
2026-04-22 11:56:19,802 643416 INFO PROD_DB_01 odoo.addons.base: Worker (643416) serving request count: 75, registry count: 1.
2026-04-22 11:56:21,939 643416 INFO MASTER_BASE_DEMO_STD_V10 odoo.service.server: Registry loaded for database MASTER_BASE_DEMO_STD_V10
2026-04-22 11:56:22,249 643419 INFO ? odoo.addons.base: Request from 192.168.1.65 processed in 288ms
2026-04-22 11:56:24,498 643420 WARNING PROD_DB_01 odoo.sql_db: Deprecated method called in module sale
2026-04-22 11:56:27,495 643420 INFO MASTER_BASE_DEMO_STD_V10 odoo.addons.base: HTTP POST /web/dataset/call_kw/res.partner/read HTTP/1.1 200
2026-04-22 11:56:28,359 643419 INFO MASTER_BASE_DEMO_STD_V10 odoo.addons.base: HTTP POST /web/dataset/call_kw/res.partner/read HTTP/1.1 200
2026-04-22 11:56:30,410 643417 INFO PROD_DB_01 odoo.http: Request from 192.168.1.62 processed in 34ms
2026-04-22 11:56:32,450 643415 WARNING MASTER_BASE_DEMO_STD_V10 odoo.http: Memory usage high: 78%
2026-04-22 11:56:34,708 643416 WARNING MASTER_BASE_DEMO_STD_V10 odoo.service.server: Memory usage high: 84%
2026-04-22 11:56:35,773 643415 INFO PROD_DB_01 odoo.service.server: Request from 192.168.1.151 processed in 288ms
2026-04-22 11:56:38,722 643415 DEBUG MASTER_BASE_DEMO_STD_V10 odoo.sql_db: SELECT id, name FROM res_partner WHERE active = true LIMIT 80
2026-04-22 11:56:39,746 643419 INFO ? odoo.modules.loading: HTTP POST /web/dataset/call_kw/res.partner/read HTTP/1.1 200
2026-04-22 11:56:41,732 643419 INFO ? werkzeug: Module base loaded in 1.682s
2026-04-22 11:56:43,465 643418 INFO MASTER_BASE_DEMO_STD_V10 odoo.service.server: Request from 192.168.1.16 processed in 211ms
2026-04-22 11:56:44,299 643416 INFO ? odoo.modules.loading: Request from 192.168.1.109 processed in 98ms
2026-04-22 11:56:46,603 643418 INFO MASTER_BASE_DEMO_STD_V10 odoo.service.server: Registry loaded for database MASTER_BASE_DEMO_STD_V10
2026-04-22 11:56:47,528 643418 WARNING MASTER_BASE_DEMO_STD_V10 odoo.http: Memory usage high: 78%
2026-04-22 11:56:49,310 643417 DEBUG ? odoo.sql_db: SELECT id, name FROM res_partner WHERE active = true LIMIT 80
2026-04-22 11:56:51,580 643419 INFO PROD_DB_01 odoo.service.server: HTTP POST /web/dataset/call_kw/res.partner/read HTTP/1.1 200
2026-04-22 11:56:51,862 643416 ERROR MASTER_BASE_DEMO_STD_V10 odoo.http: psycopg2.OperationalError: connection to server failed
2026-04-22 11:56:52,190 643419 DEBUG MASTER_BASE_DEMO_STD_V10 odoo.modules.registry: Registry cache hit for model res.users
2026-04-22 11:56:54,675 643419 INFO MASTER_BASE_DEMO_STD_V10 werkzeug: Module base loaded in 1.355s
2026-04-22 11:56:57,468 643416 DEBUG MASTER_BASE_DEMO_STD_V10 odoo.modules.registry: Query time: 0.0204s
2026-04-22 11:56:58,813 643418 ERROR MASTER_BASE_DEMO_STD_V10 odoo.sql_db: AccessError: You do not have access rights to write on res.partner
2026-04-22 11:57:01,169 643419 CRITICAL MASTER_BASE_DEMO_STD_V10 odoo.service.server: Out of memory: killing worker
2026-04-22 11:57:03,291 643416 INFO PROD_DB_01 odoo.service.server: Registry loaded for database PROD_DB_01
2026-04-22 11:57:06,222 643419 INFO MASTER_BASE_DEMO_STD_V10 odoo.addons.base: Worker (643419) serving request count: 85, registry count: 1.
2026-04-22 11:57:06,744 643417 ERROR MASTER_BASE_DEMO_STD_V10 odoo.service.server: HTTP 500 Internal Server Error on /web/action/load
2026-04-22 11:57:07,656 643419 DEBUG MASTER_BASE_DEMO_STD_V10 odoo.addons.base.models: Cache lookup for user 34
2026-04-22 11:57:07,914 643417 INFO ? odoo.http: Module base loaded in 1.951s
2026-04-22 11:57:09,773 643416 DEBUG ? odoo.addons.base.models: Registry cache hit for model res.users
2026-04-22 11:57:09,970 643419 WARNING MASTER_BASE_DEMO_STD_V10 werkzeug: Deprecated method called in module sale
2026-04-22 11:57:10,880 643417 DEBUG MASTER_BASE_DEMO_STD_V10 odoo.modules.registry: Registry cache hit for model res.users
2026-04-22 11:57:11,595 643416 CRITICAL MASTER_BASE_DEMO_STD_V10 odoo.service.server: Worker 643416 killed after timeout
2026-04-22 11:57:12,379 643415 DEBUG PROD_DB_01 odoo.modules.registry: Registry cache hit for model res.users
2026-04-22 11:57:13,081 643417 WARNING MASTER_BASE_DEMO_STD_V10 werkzeug: Slow query detected: 4.55s
2026-04-22 11:57:14,563 643418 INFO MASTER_BASE_DEMO_STD_V10 odoo.modules.loading: Module base loaded in 1.056s
2026-04-22 11:57:15,756 643415 INFO ? odoo.addons.base: Module base loaded in 0.377s
2026-04-22 11:57:18,184 643416 ERROR PROD_DB_01 odoo.sql_db: psycopg2.OperationalError: connection to server failed
2026-04-22 11:57:20,013 643419 INFO PROD_DB_01 werkzeug: HTTP POST /web/dataset/call_kw/res.partner/read HTTP/1.1 200
2026-04-22 11:57:21,106 643416 INFO ? odoo.service.server: Worker (643416) serving request count: 69, registry count: 1.
2026-04-22 11:57:22,922 643417 INFO PROD_DB_01 odoo.addons.base: Module base loaded in 1.827s
2026-04-22 11:57:24,238 643419 DEBUG PROD_DB_01 odoo.modules.registry: Registry cache hit for model res.users
2026-04-22 11:57:26,010 643416 DEBUG ? odoo.addons.base.models: Query time: 0.0377s
2026-04-22 11:57:28,304 643418 WARNING PROD_DB_01 odoo.service.server: Memory usage high: 84%
2026-04-22 11:57:31,121 643418 INFO ? odoo.modules.loading: HTTP POST /web/dataset/call_kw/res.partner/read HTTP/1.1 200
2026-04-22 11:57:31,553 643417 WARNING MASTER_BASE_DEMO_STD_V10 odoo.service.server: Deprecated method called in module sale
2026-04-22 11:57:32,605 643415 CRITICAL MASTER_BASE_DEMO_STD_V10 odoo.service.server: Worker 643415 killed after timeout
2026-04-22 11:57:35,234 643418 DEBUG ? odoo.modules.registry: SELECT id, name FROM res_partner WHERE active = true LIMIT 80
2026-04-22 11:57:37,025 643415 INFO ? odoo.service.server: Registry loaded for database ?
2026-04-22 11:57:39,250 643420 CRITICAL PROD_DB_01 odoo.service.server: Worker 643420 killed after timeout
2026-04-22 11:57:42,246 643419 ERROR ? werkzeug: Traceback (most recent call last):
  File "/odoo/odoo/http.py", line 1234, in dispatch
    return self._dispatch()
ValueError: invalid literal for int() with base 10
2026-04-22 11:57:44,240 643420 INFO MASTER_BASE_DEMO_STD_V10 odoo.http: Worker (643420) serving request count: 67, registry count: 1.
2026-04-22 11:57:46,091 643417 INFO PROD_DB_01 odoo.modules.loading: Request from 192.168.1.70 processed in 176ms
2026-04-22 11:57:46,758 643416 INFO MASTER_BASE_DEMO_STD_V10 odoo.modules.loading: Registry loaded for database MASTER_BASE_DEMO_STD_V10
2026-04-22 11:57:47,063 643418 INFO ? werkzeug: Request from 192.168.1.232 processed in 399ms
2026-04-22 11:57:48,671 643419 INFO PROD_DB_01 odoo.http: HTTP POST /web/dataset/call_kw/res.partner/read HTTP/1.1 200
2026-04-22 11:57:49,624 643419 INFO PROD_DB_01 werkzeug: Registry loaded for database PROD_DB_01
2026-04-22 11:57:50,350 643420 WARNING MASTER_BASE_DEMO_STD_V10 odoo.sql_db: Memory usage high: 72%
2026-04-22 11:57:52,291 643416 INFO PROD_DB_01 werkzeug: Registry loaded for database PROD_DB_01
2026-04-22 11:57:54,067 643417 INFO MASTER_BASE_DEMO_STD_V10 werkzeug: Module base loaded in 0.225s
2026-04-22 11:57:56,779 643416 INFO MASTER_BASE_DEMO_STD_V10 odoo.service.server: HTTP POST /web/dataset/call_kw/res.partner/read HTTP/1.1 200
2026-04-22 11:57:57,806 643416 INFO MASTER_BASE_DEMO_STD_V10 odoo.addons.base: Module base loaded in 1.779s
2026-04-22 11:58:00,337 643416 DEBUG MASTER_BASE_DEMO_STD_V10 odoo.sql_db: SELECT id, name FROM res_partner WHERE active = true LIMIT 80
2026-04-22 11:58:02,745 643417 DEBUG ? odoo.modules.registry: SELECT id, name FROM res_partner WHERE active = true LIMIT 80
2026-04-22 11:58:05,623 643419 WARNING MASTER_BASE_DEMO_STD_V10 odoo.sql_db: Deprecated method called in module sale
2026-04-22 11:58:05,841 643419 INFO ? odoo.http: Registry loaded for database ?
2026-04-22 11:58:06,323 643418 INFO PROD_DB_01 werkzeug: HTTP POST /web/dataset/call_kw/res.partner/read HTTP/1.1 200
2026-04-22 11:58:07,479 643420 DEBUG ? odoo.modules.registry: Query time: 0.0223s
2026-04-22 11:58:08,534 643417 WARNING MASTER_BASE_DEMO_STD_V10 odoo.service.server: Memory usage high: 84%
2026-04-22 11:58:08,701 643417 INFO PROD_DB_01 odoo.modules.loading: Module base loaded in 2.015s
2026-04-22 11:58:11,192 643417 DEBUG PROD_DB_01 odoo.addons.base.models: SELECT id, name FROM res_partner WHERE active = true LIMIT 80
2026-04-22 11:58:14,191 643416 INFO MASTER_BASE_DEMO_STD_V10 werkzeug: Request from 192.168.1.166 processed in 369ms
2026-04-22 11:58:15,446 643415 INFO MASTER_BASE_DEMO_STD_V10 odoo.http: HTTP POST /web/dataset/call_kw/res.partner/read HTTP/1.1 200
2026-04-22 11:58:17,238 643417 CRITICAL PROD_DB_01 odoo.service.server: Worker 643417 killed after timeout
2026-04-22 11:58:19,146 643420 INFO PROD_DB_01 odoo.modules.loading: HTTP POST /web/dataset/call_kw/res.partner/read HTTP/1.1 200
2026-04-22 11:58:19,954 643420 INFO ? odoo.http: Module base loaded in 1.359s
2026-04-22 11:58:20,799 643415 INFO PROD_DB_01 odoo.modules.loading: Module base loaded in 1.382s
2026-04-22 11:58:21,072 643415 DEBUG MASTER_BASE_DEMO_STD_V10 odoo.addons.base.models: SELECT id, name FROM res_partner WHERE active = true LIMIT 80
2026-04-22 11:58:23,473 643415 INFO ? werkzeug: Registry loaded for database ?
2026-04-22 11:58:23,790 643415 INFO MASTER_BASE_DEMO_STD_V10 odoo.addons.base: HTTP POST /web/dataset/call_kw/res.partner/read HTTP/1.1 200
2026-04-22 11:58:24,188 643417 CRITICAL MASTER_BASE_DEMO_STD_V10 odoo.service.server: Out of memory: killing worker
2026-04-22 11:58:26,721 643418 DEBUG MASTER_BASE_DEMO_STD_V10 odoo.addons.base.models: Query time: 0.0196s
2026-04-22 11:58:28,527 643419 INFO MASTER_BASE_DEMO_STD_V10 odoo.addons.base: Worker (643419) serving request count: 13, registry count: 1.
2026-04-22 11:58:29,441 643420 INFO MASTER_BASE_DEMO_STD_V10 odoo.modules.loading: Request from 192.168.1.62 processed in 93ms
2026-04-22 11:58:31,336 643418 DEBUG ? odoo.modules.registry: Query time: 0.0026s
2026-04-22 11:58:33,245 643420 INFO MASTER_BASE_DEMO_STD_V10 odoo.http: Worker (643420) serving request count: 81, registry count: 1.
2026-04-22 11:58:33,765 643418 INFO MASTER_BASE_DEMO_STD_V10 odoo.http: Module base loaded in 0.243s
2026-04-22 11:58:36,146 643419 ERROR ? odoo.sql_db: AccessError: You do not have access rights to write on res.partner
2026-04-22 11:58:37,441 643420 DEBUG PROD_DB_01 odoo.addons.base.models: SELECT id, name FROM res_partner WHERE active = true LIMIT 80
2026-04-22 11:58:37,654 643419 ERROR PROD_DB_01 odoo.service.server: psycopg2.OperationalError: connection to server failed
2026-04-22 11:58:38,641 643415 ERROR MASTER_BASE_DEMO_STD_V10 odoo.service.server: psycopg2.OperationalError: connection to server failed
2026-04-22 11:58:40,618 643416 INFO ? odoo.http: Registry loaded for database ?
2026-04-22 11:58:42,593 643415 INFO PROD_DB_01 odoo.http: Registry loaded for database PROD_DB_01
2026-04-22 11:58:45,356 643417 ERROR MASTER_BASE_DEMO_STD_V10 werkzeug: psycopg2.OperationalError: connection to server failed
2026-04-22 11:58:46,439 643417 INFO ? odoo.addons.base: Registry loaded for database ?
2026-04-22 11:58:46,711 643418 INFO PROD_DB_01 odoo.addons.base: Request from 192.168.1.194 processed in 260ms
2026-04-22 11:58:47,854 643416 INFO PROD_DB_01 werkzeug: HTTP POST /web/dataset/call_kw/res.partner/read HTTP/1.1 200
2026-04-22 11:58:50,811 643416 INFO MASTER_BASE_DEMO_STD_V10 odoo.addons.base: Request from 192.168.1.105 processed in 52ms
2026-04-22 11:58:51,342 643418 DEBUG MASTER_BASE_DEMO_STD_V10 odoo.modules.registry: Query time: 0.0467s
2026-04-22 11:58:53,368 643418 CRITICAL MASTER_BASE_DEMO_STD_V10 odoo.service.server: Worker 643418 killed after timeout
2026-04-22 11:58:54,010 643419 INFO MASTER_BASE_DEMO_STD_V10 odoo.service.server: HTTP POST /web/dataset/call_kw/res.partner/read HTTP/1.1 200
2026-04-22 11:58:54,070 643417 INFO PROD_DB_01 odoo.addons.base: Registry loaded for database PROD_DB_01
2026-04-22 11:58:56,103 643419 INFO ? werkzeug: Worker (643419) serving request count: 25, registry count: 1.
2026-04-22 11:58:57,721 643419 INFO ? odoo.service.server: Registry loaded for database ?
2026-04-22 11:59:00,489 643418 WARNING MASTER_BASE_DEMO_STD_V10 werkzeug: Connection pool near capacity: 84/100
2026-04-22 11:59:02,342 643415 INFO ? odoo.service.server: Worker (643415) serving request count: 53, registry count: 1.
2026-04-22 11:59:04,315 643415 WARNING PROD_DB_01 odoo.service.server: Deprecated method called in module sale
2026-04-22 11:59:07,127 643417 WARNING ? odoo.service.server: Deprecated method called in module sale
2026-04-22 11:59:07,457 643419 INFO PROD_DB_01 odoo.modules.loading: Request from 192.168.1.192 processed in 51ms
2026-04-22 11:59:08,188 643418 DEBUG MASTER_BASE_DEMO_STD_V10 odoo.sql_db: Query time: 0.0169s
2026-04-22 11:59:09,773 643417 INFO MASTER_BASE_DEMO_STD_V10 odoo.addons.base: Worker (643417) serving request count: 88, registry count: 1.
2026-04-22 11:59:10,146 643416 DEBUG ? odoo.addons.base.models: Registry cache hit for model res.users
2026-04-22 11:59:12,084 643416 DEBUG ? odoo.modules.registry: Query time: 0.0337s
2026-04-22 11:59:14,372 643420 INFO ? odoo.http: Registry loaded for database ?
2026-04-22 11:59:15,446 643420 INFO PROD_DB_01 odoo.modules.loading: Registry loaded for database PROD_DB_01
2026-04-22 11:59:16,966 643419 DEBUG PROD_DB_01 odoo.sql_db: Cache lookup for user 85
2026-04-22 11:59:17,049 643417 DEBUG MASTER_BASE_DEMO_STD_V10 odoo.addons.base.models: Registry cache hit for model res.users
2026-04-22 11:59:18,542 643419 INFO MASTER_BASE_DEMO_STD_V10 odoo.addons.base: Worker (643419) serving request count: 97, registry count: 1.
2026-04-22 11:59:18,989 643420 ERROR MASTER_BASE_DEMO_STD_V10 odoo.service.server: AccessError: You do not have access rights to write on res.partner
2026-04-22 11:59:21,412 643415 INFO MASTER_BASE_DEMO_STD_V10 odoo.service.server: Worker (643415) serving request count: 42, registry count: 1.
2026-04-22 11:59:22,003 643416 WARNING PROD_DB_01 odoo.service.server: Connection pool near capacity: 88/100
2026-04-22 11:59:23,440 643420 WARNING ? odoo.sql_db: Connection pool near capacity: 87/100
2026-04-22 11:59:25,106 643415 INFO MASTER_BASE_DEMO_STD_V10 werkzeug: HTTP POST /web/dataset/call_kw/res.partner/read HTTP/1.1 200
2026-04-22 11:59:27,771 643418 ERROR MASTER_BASE_DEMO_STD_V10 odoo.http: AccessError: You do not have access rights to write on res.partner
2026-04-22 11:59:30,358 643415 ERROR PROD_DB_01 odoo.http: psycopg2.OperationalError: connection to server failed
2026-04-22 11:59:32,309 643420 ERROR PROD_DB_01 werkzeug: psycopg2.OperationalError: connection to server failed
2026-04-22 11:59:32,544 643416 ERROR PROD_DB_01 werkzeug: psycopg2.OperationalError: connection to server failed
2026-04-22 11:59:33,555 643415 ERROR MASTER_BASE_DEMO_STD_V10 werkzeug: AccessError: You do not have access rights to write on res.partner
2026-04-22 11:59:36,351 643417 ERROR ? odoo.http: AccessError: You do not have access rights to write on res.partner
2026-04-22 11:59:36,806 643420 WARNING ? odoo.service.server: Memory usage high: 76%
2026-04-22 11:59:37,823 643418 WARNING MASTER_BASE_DEMO_STD_V10 odoo.service.server: Memory usage high: 71%
2026-04-22 11:59:38,650 643417 ERROR ? odoo.sql_db: Traceback (most recent call last):
  File "/odoo/odoo/http.py", line 1234, in dispatch
    return self._dispatch()
ValueError: invalid literal for int() with base 10
2026-04-22 11:59:41,319 643420 DEBUG MASTER_BASE_DEMO_STD_V10 odoo.sql_db: Registry cache hit for model res.users
2026-04-22 11:59:42,209 643419 INFO MASTER_BASE_DEMO_STD_V10 odoo.addons.base: Worker (643419) serving request count: 30, registry count: 1.
2026-04-22 11:59:42,270 643419 INFO MASTER_BASE_DEMO_STD_V10 odoo.modules.loading: Request from 192.168.1.139 processed in 133ms
2026-04-22 11:59:42,380 643416 INFO MASTER_BASE_DEMO_STD_V10 odoo.addons.base: Worker (643416) serving request count: 23, registry count: 1.
2026-04-22 11:59:44,154 643420 INFO MASTER_BASE_DEMO_STD_V10 werkzeug: Request from 192.168.1.115 processed in 403ms
2026-04-22 11:59:46,267 643418 INFO MASTER_BASE_DEMO_STD_V10 odoo.addons.base: Request from 192.168.1.78 processed in 239ms
2026-04-22 11:59:47,962 643418 INFO MASTER_BASE_DEMO_STD_V10 werkzeug: Request from 192.168.1.183 processed in 470ms
2026-04-22 11:59:50,503 643417 INFO MASTER_BASE_DEMO_STD_V10 odoo.http: Module base loaded in 1.416s
2026-04-22 11:59:52,999 643418 INFO ? odoo.addons.base: Request from 192.168.1.155 processed in 225ms
2026-04-22 11:59:55,715 643420 WARNING MASTER_BASE_DEMO_STD_V10 werkzeug: Connection pool near capacity: 87/100
2026-04-22 11:59:57,398 643418 INFO MASTER_BASE_DEMO_STD_V10 odoo.http: Worker (643418) serving request count: 86, registry count: 1.
2026-04-22 11:59:59,390 643420 INFO MASTER_BASE_DEMO_STD_V10 odoo.service.server: Worker (643420) serving request count: 96, registry count: 1.
2026-04-22 11:59:59,685 643419 DEBUG PROD_DB_01 odoo.addons.base.models: Cache lookup for user 46
2026-04-22 11:59:59,945 643420 ERROR PROD_DB_01 odoo.service.server: psycopg2.OperationalError: connection to server failed
2026-04-22 12:00:02,073 643419 INFO ? odoo.modules.loading: Module base loaded in 2.129s
2026-04-22 12:00:03,264 643415 DEBUG ? odoo.addons.base.models: SELECT id, name FROM res_partner WHERE active = true LIMIT 80
2026-04-22 12:00:06,008 643419 WARNING PROD_DB_01 odoo.sql_db: Connection pool near capacity: 89/100
2026-04-22 12:00:06,801 643415 WARNING ? odoo.sql_db: Slow query detected: 2.00s
2026-04-22 12:00:08,570 643418 INFO MASTER_BASE_DEMO_STD_V10 odoo.http: HTTP POST /web/dataset/call_kw/res.partner/read HTTP/1.1 200
2026-04-22 12:00:08,967 643419 ERROR MASTER_BASE_DEMO_STD_V10 odoo.http: psycopg2.OperationalError: connection to server failed
2026-04-22 12:00:09,351 643420 INFO ? werkzeug: HTTP POST /web/dataset/call_kw/res.partner/read HTTP/1.1 200
2026-04-22 12:00:10,814 643415 INFO PROD_DB_01 odoo.addons.base: Worker (643415) serving request count: 86, registry count: 1.
2026-04-22 12:00:13,318 643418 INFO MASTER_BASE_DEMO_STD_V10 odoo.http: Module base loaded in 0.429s
2026-04-22 12:00:14,711 643417 INFO ? werkzeug: Worker (643417) serving request count: 49, registry count: 1.
2026-04-22 12:00:17,049 643419 WARNING PROD_DB_01 odoo.sql_db: Deprecated method called in module sale
2026-04-22 12:00:17,417 643418 WARNING ? werkzeug: Deprecated method called in module sale
2026-04-22 12:00:17,552 643418 ERROR MASTER_BASE_DEMO_STD_V10 werkzeug: HTTP 500 Internal Server Error on /web/action/load
2026-04-22 12:00:19,390 643415 WARNING MASTER_BASE_DEMO_STD_V10 werkzeug: Connection pool near capacity: 82/100
2026-04-22 12:00:20,830 643420 INFO MASTER_BASE_DEMO_STD_V10 odoo.service.server: Worker (643420) serving request count: 15, registry count: 1.
2026-04-22 12:00:22,318 643417 DEBUG MASTER_BASE_DEMO_STD_V10 odoo.sql_db: Registry cache hit for model res.users
2026-04-22 12:00:24,835 643416 INFO MASTER_BASE_DEMO_STD_V10 odoo.modules.loading: HTTP POST /web/dataset/call_kw/res.partner/read HTTP/1.1 200
2026-04-22 12:00:26,723 643419 DEBUG PROD_DB_01 odoo.addons.base.models: SELECT id, name FROM res_partner WHERE active = true LIMIT 80
2026-04-22 12:00:28,584 643418 DEBUG PROD_DB_01 odoo.addons.base.models: SELECT id, name FROM res_partner WHERE active = true LIMIT 80
2026-04-22 12:00:30,525 643417 INFO MASTER_BASE_DEMO_STD_V10 odoo.http: Request from 192.168.1.213 processed in 151ms
2026-04-22 12:00:33,008 643419 INFO ? odoo.addons.base: Registry loaded for database ?
2026-04-22 12:00:35,727 643419 INFO ? odoo.addons.base: Module base loaded in 1.181s
2026-04-22 12:00:36,122 643420 INFO MASTER_BASE_DEMO_STD_V10 odoo.service.server: HTTP POST /web/dataset/call_kw/res.partner/read HTTP/1.1 200
2026-04-22 12:00:38,669 643419 INFO PROD_DB_01 odoo.http: HTTP POST /web/dataset/call_kw/res.partner/read HTTP/1.1 200
2026-04-22 12:00:41,303 643415 DEBUG MASTER_BASE_DEMO_STD_V10 odoo.modules.registry: Cache lookup for user 87
2026-04-22 12:00:42,385 643417 DEBUG MASTER_BASE_DEMO_STD_V10 odoo.modules.registry: Registry cache hit for model res.users
2026-04-22 12:00:43,705 643417 ERROR ? odoo.http: psycopg2.OperationalError: connection to server failed
2026-04-22 12:00:46,044 643417 INFO PROD_DB_01 odoo.modules.loading: HTTP POST /web/dataset/call_kw/res.partner/read HTTP/1.1 200
2026-04-22 12:00:48,740 643415 DEBUG PROD_DB_01 odoo.sql_db: Registry cache hit for model res.users
2026-04-22 12:00:50,781 643417 INFO MASTER_BASE_DEMO_STD_V10 odoo.modules.loading: HTTP POST /web/dataset/call_kw/res.partner/read HTTP/1.1 200
2026-04-22 12:00:52,987 643420 INFO PROD_DB_01 odoo.addons.base: Worker (643420) serving request count: 49, registry count: 1.
2026-04-22 12:00:55,595 643420 WARNING MASTER_BASE_DEMO_STD_V10 werkzeug: Memory usage high: 77%
2026-04-22 12:00:56,812 643419 WARNING ? odoo.http: Slow query detected: 3.37s
2026-04-22 12:00:59,640 643417 ERROR ? werkzeug: HTTP 500 Internal Server Error on /web/action/load
2026-04-22 12:01:01,749 643418 INFO MASTER_BASE_DEMO_STD_V10 odoo.modules.loading: Request from 192.168.1.206 processed in 314ms
2026-04-22 12:01:03,767 643420 WARNING MASTER_BASE_DEMO_STD_V10 odoo.sql_db: Memory usage high: 78%
2026-04-22 12:01:04,420 643419 WARNING MASTER_BASE_DEMO_STD_V10 odoo.http: Memory usage high: 70%
2026-04-22 12:01:06,093 643415 INFO MASTER_BASE_DEMO_STD_V10 werkzeug: Request from 192.168.1.21 processed in 196ms
2026-04-22 12:01:08,805 643420 INFO MASTER_BASE_DEMO_STD_V10 odoo.modules.loading: Worker (643420) serving request count: 61, registry count: 1.
2026-04-22 12:01:10,776 643420 INFO MASTER_BASE_DEMO_STD_V10 odoo.service.server: HTTP POST /web/dataset/call_kw/res.partner/read HTTP/1.1 200
2026-04-22 12:01:13,319 643420 INFO MASTER_BASE_DEMO_STD_V10 odoo.http: Registry loaded for database MASTER_BASE_DEMO_STD_V10
2026-04-22 12:01:15,920 643420 INFO MASTER_BASE_DEMO_STD_V10 werkzeug: HTTP POST /web/dataset/call_kw/res.partner/read HTTP/1.1 200
2026-04-22 12:01:18,913 643416 INFO ? odoo.service.server: Worker (643416) serving request count: 31, registry count: 1.
2026-04-22 12:01:21,700 643420 INFO PROD_DB_01 odoo.service.server: HTTP POST /web/dataset/call_kw/res.partner/read HTTP/1.1 200
2026-04-22 12:01:21,833 643419 INFO ? odoo.service.server: Request from 192.168.1.163 processed in 203ms
2026-04-22 12:01:22,159 643417 INFO MASTER_BASE_DEMO_STD_V10 odoo.addons.base: Module base loaded in 0.420s
2026-04-22 12:01:23,595 643419 WARNING MASTER_BASE_DEMO_STD_V10 werkzeug: Slow query detected: 4.93s
2026-04-22 12:01:23,903 643416 DEBUG ? odoo.sql_db: Registry cache hit for model res.users
2026-04-22 12:01:25,245 643415 ERROR ? werkzeug: HTTP 500 Internal Server Error on /web/action/load
2026-04-22 12:01:27,944 643415 INFO PROD_DB_01 odoo.service.server: Module base loaded in 0.756s
2026-04-22 12:01:29,632 643418 DEBUG ? odoo.modules.registry: Cache lookup for user 64
2026-04-22 12:01:31,808 643417 INFO MASTER_BASE_DEMO_STD_V10 werkzeug: Worker (643417) serving request count: 78, registry count: 1.
2026-04-22 12:01:33,061 643419 INFO MASTER_BASE_DEMO_STD_V10 odoo.http: Registry loaded for database MASTER_BASE_DEMO_STD_V10
2026-04-22 12:01:35,936 643416 INFO ? odoo.service.server: Registry loaded for database ?
2026-04-22 12:01:38,605 643417 CRITICAL MASTER_BASE_DEMO_STD_V10 odoo.service.server: Failed to load registry for MASTER_BASE_DEMO_STD_V10: database does not exist
2026-04-22 12:01:41,266 643420 INFO MASTER_BASE_DEMO_STD_V10 odoo.service.server: Registry loaded for database MASTER_BASE_DEMO_STD_V10
2026-04-22 12:01:41,833 643415 INFO PROD_DB_01 odoo.http: Worker (643415) serving request count: 73, registry count: 1.
2026-04-22 12:01:43,725 643420 ERROR PROD_DB_01 werkzeug: psycopg2.OperationalError: connection to server failed
2026-04-22 12:01:44,338 643419 INFO ? odoo.http: Request from 192.168.1.167 processed in 147ms
2026-04-22 12:01:45,150 643420 INFO ? odoo.addons.base: Registry loaded for database ?
2026-04-22 12:01:47,706 643416 INFO ? odoo.modules.loading: Registry loaded for database ?
2026-04-22 12:01:50,549 643415 ERROR PROD_DB_01 odoo.service.server: psycopg2.OperationalError: connection to server failed
2026-04-22 12:01:52,819 643419 INFO PROD_DB_01 odoo.modules.loading: Module base loaded in 1.630s
2026-04-22 12:01:53,787 643419 INFO MASTER_BASE_DEMO_STD_V10 odoo.modules.loading: HTTP POST /web/dataset/call_kw/res.partner/read HTTP/1.1 200
2026-04-22 12:01:55,348 643419 INFO MASTER_BASE_DEMO_STD_V10 odoo.addons.base: Registry loaded for database MASTER_BASE_DEMO_STD_V10
2026-04-22 12:01:57,080 643419 WARNING MASTER_BASE_DEMO_STD_V10 odoo.http: Memory usage high: 84%
2026-04-22 12:01:59,249 643420 INFO MASTER_BASE_DEMO_STD_V10 odoo.modules.loading: HTTP POST /web/dataset/call_kw/res.partner/read HTTP/1.1 200
2026-04-22 12:02:00,544 643416 INFO PROD_DB_01 odoo.modules.loading: Request from 192.168.1.89 processed in 490ms
2026-04-22 12:02:01,398 643417 DEBUG PROD_DB_01 odoo.sql_db: SELECT id, name FROM res_partner WHERE active = true LIMIT 80
2026-04-22 12:02:04,073 643419 INFO MASTER_BASE_DEMO_STD_V10 odoo.modules.loading: Module base loaded in 2.265s
2026-04-22 12:02:04,291 643419 WARNING MASTER_BASE_DEMO_STD_V10 odoo.sql_db: Slow query detected: 1.66s
2026-04-22 12:02:06,047 643419 DEBUG MASTER_BASE_DEMO_STD_V10 odoo.modules.registry: Query time: 0.0446s
2026-04-22 12:02:07,334 643420 INFO ? odoo.http: Registry loaded for database ?
2026-04-22 12:02:09,367 643418 INFO PROD_DB_01 odoo.addons.base: Module base loaded in 0.866s
2026-04-22 12:02:09,952 643418 WARNING MASTER_BASE_DEMO_STD_V10 odoo.service.server: Memory usage high: 78%
2026-04-22 12:02:10,579 643416 INFO PROD_DB_01 werkzeug: Worker (643416) serving request count: 54, registry count: 1.
2026-04-22 12:02:12,995 643417 DEBUG MASTER_BASE_DEMO_STD_V10 odoo.sql_db: Cache lookup for user 66
2026-04-22 12:02:14,308 643418 INFO MASTER_BASE_DEMO_STD_V10 werkzeug: Module base loaded in 0.616s
2026-04-22 12:02:14,565 643415 INFO ? odoo.http: Module base loaded in 1.134s
2026-04-22 12:02:16,113 643420 WARNING PROD_DB_01 odoo.sql_db: Connection pool near capacity: 86/100
2026-04-22 12:02:17,745 643415 INFO PROD_DB_01 odoo.addons.base: Request from 192.168.1.175 processed in 317ms
2026-04-22 12:02:19,323 643418 WARNING PROD_DB_01 odoo.service.server: Memory usage high: 89%
2026-04-22 12:02:19,537 643419 INFO MASTER_BASE_DEMO_STD_V10 odoo.http: HTTP POST /web/dataset/call_kw/res.partner/read HTTP/1.1 200
2026-04-22 12:02:20,159 643419 INFO PROD_DB_01 odoo.modules.loading: HTTP POST /web/dataset/call_kw/res.partner/read HTTP/1.1 200
2026-04-22 12:02:22,286 643417 WARNING ? odoo.service.server: Connection pool near capacity: 80/100
2026-04-22 12:02:22,784 643420 CRITICAL PROD_DB_01 odoo.service.server: Out of memory: killing worker
2026-04-22 12:02:25,411 643420 INFO ? odoo.http: Worker (643420) serving request count: 100, registry count: 1.
2026-04-22 12:02:25,671 643420 DEBUG MASTER_BASE_DEMO_STD_V10 odoo.addons.base.models: Cache lookup for user 80
2026-04-22 12:02:28,509 643416 INFO MASTER_BASE_DEMO_STD_V10 odoo.modules.loading: Registry loaded for database MASTER_BASE_DEMO_STD_V10
2026-04-22 12:02:29,394 643420 INFO ? odoo.service.server: Module base loaded in 0.598s
2026-04-22 12:02:31,403 643420 INFO PROD_DB_01 odoo.modules.loading: Module base loaded in 0.922s
2026-04-22 12:02:34,241 643420 DEBUG PROD_DB_01 odoo.addons.base.models: Query time: 0.0247s
2026-04-22 12:02:35,513 643419 INFO PROD_DB_01 odoo.http: Module base loaded in 1.792s
2026-04-22 12:02:36,991 643418 DEBUG PROD_DB_01 odoo.modules.registry: Cache lookup for user 87
2026-04-22 12:02:38,454 643418 ERROR MASTER_BASE_DEMO_STD_V10 odoo.service.server: psycopg2.OperationalError: connection to server failed
2026-04-22 12:02:41,429 643417 INFO ? odoo.http: HTTP POST /web/dataset/call_kw/res.partner/read HTTP/1.1 200
2026-04-22 12:02:43,781 643417 DEBUG MASTER_BASE_DEMO_STD_V10 odoo.sql_db: Registry cache hit for model res.users
2026-04-22 12:02:44,038 643416 DEBUG MASTER_BASE_DEMO_STD_V10 odoo.addons.base.models: Cache lookup for user 13
2026-04-22 12:02:47,026 643417 INFO MASTER_BASE_DEMO_STD_V10 odoo.service.server: Registry loaded for database MASTER_BASE_DEMO_STD_V10
2026-04-22 12:02:49,740 643418 INFO PROD_DB_01 odoo.http: Request from 192.168.1.74 processed in 335ms
2026-04-22 12:02:52,141 643420 INFO MASTER_BASE_DEMO_STD_V10 odoo.modules.loading: Request from 192.168.1.107 processed in 456ms
2026-04-22 12:02:54,220 643418 INFO PROD_DB_01 odoo.service.server: Module base loaded in 1.547s
2026-04-22 12:02:56,131 643417 CRITICAL ? odoo.service.server: Failed to load registry for ?: database does not exist
2026-04-22 12:02:58,098 643419 INFO MASTER_BASE_DEMO_STD_V10 odoo.http: Worker (643419) serving request count: 59, registry count: 1.
2026-04-22 12:02:59,528 643415 WARNING MASTER_BASE_DEMO_STD_V10 odoo.http: Connection pool near capacity: 92/100
2026-04-22 12:03:01,219 643415 DEBUG MASTER_BASE_DEMO_STD_V10 odoo.sql_db: SELECT id, name FROM res_partner WHERE active = true LIMIT 80
2026-04-22 12:03:02,840 643417 INFO PROD_DB_01 odoo.http: Module base loaded in 1.475s
2026-04-22 12:03:04,362 643420 DEBUG MASTER_BASE_DEMO_STD_V10 odoo.addons.base.models: Registry cache hit for model res.users
2026-04-22 12:03:07,222 643418 INFO PROD_DB_01 odoo.service.server: Worker (643418) serving request count: 38, registry count: 1.
2026-04-22 12:03:07,819 643416 INFO ? odoo.addons.base: Registry loaded for database ?
2026-04-22 12:03:10,589 643419 WARNING MASTER_BASE_DEMO_STD_V10 odoo.sql_db: Deprecated method called in module sale
2026-04-22 12:03:12,882 643415 ERROR MASTER_BASE_DEMO_STD_V10 odoo.http: Traceback (most recent call last):
  File "/odoo/odoo/http.py", line 1234, in dispatch
    return self._dispatch()
ValueError: invalid literal for int() with base 10
2026-04-22 12:03:15,063 643417 INFO MASTER_BASE_DEMO_STD_V10 odoo.addons.base: Request from 192.168.1.126 processed in 51ms
2026-04-22 12:03:15,653 643418 INFO ? odoo.addons.base: Module base loaded in 1.715s
2026-04-22 12:03:15,792 643420 INFO MASTER_BASE_DEMO_STD_V10 odoo.modules.loading: Request from 192.168.1.149 processed in 42ms
2026-04-22 12:03:16,088 643419 ERROR MASTER_BASE_DEMO_STD_V10 werkzeug: psycopg2.OperationalError: connection to server failed
2026-04-22 12:03:17,812 643417 INFO MASTER_BASE_DEMO_STD_V10 werkzeug: Registry loaded for database MASTER_BASE_DEMO_STD_V10
2026-04-22 12:03:18,190 643418 DEBUG MASTER_BASE_DEMO_STD_V10 odoo.addons.base.models: Registry cache hit for model res.users
2026-04-22 12:03:19,849 643419 INFO MASTER_BASE_DEMO_STD_V10 odoo.service.server: HTTP POST /web/dataset/call_kw/res.partner/read HTTP/1.1 200
2026-04-22 12:03:22,077 643418 INFO MASTER_BASE_DEMO_STD_V10 odoo.modules.loading: Request from 192.168.1.118 processed in 182ms
2026-04-22 12:03:24,831 643415 INFO MASTER_BASE_DEMO_STD_V10 odoo.modules.loading: Registry loaded for database MASTER_BASE_DEMO_STD_V10
2026-04-22 12:03:27,633 643419 DEBUG MASTER_BASE_DEMO_STD_V10 odoo.sql_db: Cache lookup for user 52
2026-04-22 12:03:29,893 643416 INFO MASTER_BASE_DEMO_STD_V10 odoo.modules.loading: HTTP POST /web/dataset/call_kw/res.partner/read HTTP/1.1 200
2026-04-22 12:03:32,308 643417 DEBUG PROD_DB_01 odoo.sql_db: Registry cache hit for model res.users
2026-04-22 12:03:33,588 643418 INFO MASTER_BASE_DEMO_STD_V10 werkzeug: Registry loaded for database MASTER_BASE_DEMO_STD_V10
2026-04-22 12:03:34,943 643419 DEBUG ? odoo.sql_db: Cache lookup for user 24
2026-04-22 12:03:35,916 643416 INFO MASTER_BASE_DEMO_STD_V10 werkzeug: Registry loaded for database MASTER_BASE_DEMO_STD_V10
2026-04-22 12:03:38,136 643419 INFO MASTER_BASE_DEMO_STD_V10 odoo.http: Registry loaded for database MASTER_BASE_DEMO_STD_V10
2026-04-22 12:03:38,564 643417 INFO MASTER_BASE_DEMO_STD_V10 odoo.service.server: Request from 192.168.1.69 processed in 198ms
2026-04-22 12:03:39,384 643415 WARNING MASTER_BASE_DEMO_STD_V10 werkzeug: Deprecated method called in module sale
2026-04-22 12:03:40,212 643416 ERROR MASTER_BASE_DEMO_STD_V10 werkzeug: Traceback (most recent call last):
  File "/odoo/odoo/http.py", line 1234, in dispatch
    return self._dispatch()
ValueError: invalid literal for int() with base 10
2026-04-22 12:03:42,737 643420 DEBUG ? odoo.sql_db: Query time: 0.0281s
2026-04-22 12:03:44,696 643418 INFO PROD_DB_01 odoo.http: Registry loaded for database PROD_DB_01
2026-04-22 12:03:46,669 643415 WARNING PROD_DB_01 odoo.http: Slow query detected: 2.80s
2026-04-22 12:03:47,316 643420 INFO ? odoo.http: HTTP POST /web/dataset/call_kw/res.partner/read HTTP/1.1 200
2026-04-22 12:03:49,411 643416 DEBUG PROD_DB_01 odoo.modules.registry: Cache lookup for user 63
2026-04-22 12:03:50,150 643418 DEBUG PROD_DB_01 odoo.sql_db: Cache lookup for user 70
2026-04-22 12:03:52,420 643416 CRITICAL MASTER_BASE_DEMO_STD_V10 odoo.service.server: Out of memory: killing worker
2026-04-22 12:03:52,774 643415 ERROR MASTER_BASE_DEMO_STD_V10 odoo.sql_db: AccessError: You do not have access rights to write on res.partner
2026-04-22 12:03:55,407 643416 INFO MASTER_BASE_DEMO_STD_V10 odoo.service.server: HTTP POST /web/dataset/call_kw/res.partner/read HTTP/1.1 200
2026-04-22 12:03:58,188 643420 ERROR ? werkzeug: psycopg2.OperationalError: connection to server failed
2026-04-22 12:04:00,417 643415 DEBUG MASTER_BASE_DEMO_STD_V10 odoo.sql_db: Query time: 0.0269s
2026-04-22 12:04:02,524 643415 WARNING ? odoo.http: Slow query detected: 1.87s
2026-04-22 12:04:03,360 643416 DEBUG PROD_DB_01 odoo.modules.registry: SELECT id, name FROM res_partner WHERE active = true LIMIT 80
2026-04-22 12:04:05,073 643417 INFO MASTER_BASE_DEMO_STD_V10 odoo.modules.loading: Request from 192.168.1.77 processed in 355ms
2026-04-22 12:04:06,783 643415 INFO ? odoo.service.server: Registry loaded for database ?
2026-04-22 12:04:09,474 643418 WARNING MASTER_BASE_DEMO_STD_V10 odoo.sql_db: Deprecated method called in module sale
2026-04-22 12:04:12,327 643415 ERROR MASTER_BASE_DEMO_STD_V10 odoo.http: HTTP 500 Internal Server Error on /web/action/load
2026-04-22 12:04:13,225 643415 DEBUG ? odoo.sql_db: Registry cache hit for model res.users
2026-04-22 12:04:14,868 643419 DEBUG PROD_DB_01 odoo.modules.registry: SELECT id, name FROM res_partner WHERE active = true LIMIT 80
2026-04-22 12:04:16,334 643419 INFO ? odoo.modules.loading: HTTP POST /web/dataset/call_kw/res.partner/read HTTP/1.1 200
2026-04-22 12:04:18,008 643419 ERROR PROD_DB_01 odoo.sql_db: HTTP 500 Internal Server Error on /web/action/load
2026-04-22 12:04:20,067 643418 INFO ? werkzeug: Request from 192.168.1.48 processed in 353ms
2026-04-22 12:04:21,326 643419 WARNING MASTER_BASE_DEMO_STD_V10 odoo.sql_db: Slow query detected: 2.44s
2026-04-22 12:04:22,971 643420 INFO MASTER_BASE_DEMO_STD_V10 odoo.service.server: Module base loaded in 1.167s
2026-04-22 12:04:23,563 643415 INFO ? werkzeug: Request from 192.168.1.143 processed in 289ms
2026-04-22 12:04:25,062 643415 DEBUG PROD_DB_01 odoo.modules.registry: Cache lookup for user 53
2026-04-22 12:04:27,403 643415 ERROR MASTER_BASE_DEMO_STD_V10 odoo.http: AccessError: You do not have access rights to write on res.partner
2026-04-22 12:04:28,021 643416 INFO PROD_DB_01 werkzeug: Registry loaded for database PROD_DB_01
2026-04-22 12:04:30,054 643417 WARNING PROD_DB_01 odoo.service.server: Slow query detected: 4.80s
2026-04-22 12:04:30,542 643418 INFO MASTER_BASE_DEMO_STD_V10 werkzeug: Module base loaded in 1.012s
2026-04-22 12:04:31,963 643418 INFO MASTER_BASE_DEMO_STD_V10 odoo.http: Module base loaded in 0.582s
2026-04-22 12:04:33,644 643416 ERROR PROD_DB_01 werkzeug: Traceback (most recent call last):
  File "/odoo/odoo/http.py", line 1234, in dispatch
    return self._dispatch()
ValueError: invalid literal for int() with base 10
2026-04-22 12:04:35,234 643417 INFO ? odoo.http: HTTP POST /web/dataset/call_kw/res.partner/read HTTP/1.1 200
2026-04-22 12:04:38,076 643416 WARNING MASTER_BASE_DEMO_STD_V10 werkzeug: Connection pool near capacity: 86/100
2026-04-22 12:04:38,409 643420 WARNING ? werkzeug: Connection pool near capacity: 89/100
2026-04-22 12:04:39,090 643420 DEBUG ? odoo.sql_db: Cache lookup for user 77
2026-04-22 12:04:40,781 643419 INFO ? odoo.addons.base: HTTP POST /web/dataset/call_kw/res.partner/read HTTP/1.1 200
2026-04-22 12:04:43,444 643419 ERROR MASTER_BASE_DEMO_STD_V10 odoo.http: HTTP 500 Internal Server Error on /web/action/load
2026-04-22 12:04:46,144 643416 DEBUG ? odoo.modules.registry: SELECT id, name FROM res_partner WHERE active = true LIMIT 80
2026-04-22 12:04:46,597 643415 INFO MASTER_BASE_DEMO_STD_V10 werkzeug: HTTP POST /web/dataset/call_kw/res.partner/read HTTP/1.1 200
2026-04-22 12:04:48,696 643420 INFO MASTER_BASE_DEMO_STD_V10 werkzeug: Request from 192.168.1.27 processed in 156ms
2026-04-22 12:04:49,326 643415 INFO PROD_DB_01 werkzeug: Registry loaded for database PROD_DB_01
2026-04-22 12:04:51,170 643415 DEBUG ? odoo.modules.registry: SELECT id, name FROM res_partner WHERE active = true LIMIT 80
2026-04-22 12:04:52,625 643415 DEBUG MASTER_BASE_DEMO_STD_V10 odoo.addons.base.models: Registry cache hit for model res.users
2026-04-22 12:04:54,968 643417 INFO ? odoo.modules.loading: Registry loaded for database ?
2026-04-22 12:04:55,137 643418 DEBUG MASTER_BASE_DEMO_STD_V10 odoo.modules.registry: SELECT id, name FROM res_partner WHERE active = true LIMIT 80
2026-04-22 12:04:56,066 643420 INFO MASTER_BASE_DEMO_STD_V10 odoo.addons.base: Module base loaded in 0.549s
2026-04-22 12:04:57,990 643416 INFO ? odoo.addons.base: HTTP POST /web/dataset/call_kw/res.partner/read HTTP/1.1 200
2026-04-22 12:05:00,444 643418 INFO PROD_DB_01 werkzeug: Module base loaded in 1.794s
2026-04-22 12:05:02,911 643419 INFO MASTER_BASE_DEMO_STD_V10 odoo.http: Module base loaded in 0.381s
2026-04-22 12:05:03,540 643420 INFO ? odoo.addons.base: Registry loaded for database ?
2026-04-22 12:05:05,791 643420 DEBUG MASTER_BASE_DEMO_STD_V10 odoo.addons.base.models: Registry cache hit for model res.users
2026-04-22 12:05:07,129 643416 WARNING MASTER_BASE_DEMO_STD_V10 odoo.service.server: Slow query detected: 4.83s
2026-04-22 12:05:09,479 643418 INFO ? werkzeug: Registry loaded for database ?
2026-04-22 12:05:10,214 643418 INFO MASTER_BASE_DEMO_STD_V10 odoo.modules.loading: Module base loaded in 0.640s
2026-04-22 12:05:12,137 643416 DEBUG ? odoo.addons.base.models: SELECT id, name FROM res_partner WHERE active = true LIMIT 80
2026-04-22 12:05:14,411 643417 WARNING PROD_DB_01 odoo.sql_db: Slow query detected: 4.16s
2026-04-22 12:05:14,880 643418 DEBUG MASTER_BASE_DEMO_STD_V10 odoo.modules.registry: Cache lookup for user 5
2026-04-22 12:05:16,357 643417 WARNING MASTER_BASE_DEMO_STD_V10 werkzeug: Slow query detected: 4.53s
2026-04-22 12:05:18,815 643420 DEBUG ? odoo.sql_db: Registry cache hit for model res.users
2026-04-22 12:05:21,200 643415 INFO PROD_DB_01 odoo.addons.base: Module base loaded in 2.450s
2026-04-22 12:05:23,595 643417 INFO MASTER_BASE_DEMO_STD_V10 odoo.modules.loading: Module base loaded in 2.305s
2026-04-22 12:05:24,164 643420 DEBUG MASTER_BASE_DEMO_STD_V10 odoo.sql_db: Registry cache hit for model res.users
2026-04-22 12:05:25,822 643420 INFO PROD_DB_01 werkzeug: Request from 192.168.1.97 processed in 236ms
2026-04-22 12:05:27,983 643418 DEBUG PROD_DB_01 odoo.modules.registry: SELECT id, name FROM res_partner WHERE active = true LIMIT 80
2026-04-22 12:05:28,414 643420 DEBUG ? odoo.addons.base.models: SELECT id, name FROM res_partner WHERE active = true LIMIT 80
2026-04-22 12:05:30,093 643419 INFO ? odoo.modules.loading: Module base loaded in 2.088s
2026-04-22 12:05:32,510 643419 INFO ? odoo.http: Request from 192.168.1.229 processed in 354ms
2026-04-22 12:05:34,442 643420 INFO MASTER_BASE_DEMO_STD_V10 werkzeug: Worker (643420) serving request count: 55, registry count: 1.
2026-04-22 12:05:35,728 643420 INFO PROD_DB_01 odoo.service.server: Worker (643420) serving request count: 33, registry count: 1.
2026-04-22 12:05:37,401 643415 DEBUG MASTER_BASE_DEMO_STD_V10 odoo.modules.registry: SELECT id, name FROM res_partner WHERE active = true LIMIT 80
2026-04-22 12:05:38,325 643415 INFO MASTER_BASE_DEMO_STD_V10 odoo.addons.base: Request from 192.168.1.58 processed in 270ms
2026-04-22 12:05:39,782 643420 WARNING ? odoo.http: Deprecated method called in module sale
2026-04-22 12:05:40,251 643420 INFO PROD_DB_01 odoo.http: Worker (643420) serving request count: 100, registry count: 1.
2026-04-22 12:05:43,074 643420 INFO MASTER_BASE_DEMO_STD_V10 odoo.addons.base: Worker (643420) serving request count: 57, registry count: 1.
2026-04-22 12:05:43,744 643420 ERROR ? odoo.http: psycopg2.OperationalError: connection to server failed
2026-04-22 12:05:44,367 643415 WARNING ? odoo.service.server: Slow query detected: 4.87s
2026-04-22 12:05:47,057 643417 INFO PROD_DB_01 odoo.service.server: Worker (643417) serving request count: 85, registry count: 1.
2026-04-22 12:05:49,592 643419 INFO ? odoo.http: Request from 192.168.1.166 processed in 32ms
2026-04-22 12:05:51,688 643416 DEBUG MASTER_BASE_DEMO_STD_V10 odoo.addons.base.models: Query time: 0.0445s
2026-04-22 12:05:52,278 643417 INFO ? odoo.http: Request from 192.168.1.140 processed in 354ms
2026-04-22 12:05:54,733 643415 INFO PROD_DB_01 odoo.modules.loading: Registry loaded for database PROD_DB_01
2026-04-22 12:05:55,956 643419 DEBUG ? odoo.modules.registry: Registry cache hit for model res.users
2026-04-22 12:05:56,348 643417 INFO MASTER_BASE_DEMO_STD_V10 odoo.modules.loading: Request from 192.168.1.138 processed in 172ms
2026-04-22 12:05:59,259 643417 INFO MASTER_BASE_DEMO_STD_V10 odoo.service.server: HTTP POST /web/dataset/call_kw/res.partner/read HTTP/1.1 200
2026-04-22 12:05:59,534 643419 INFO MASTER_BASE_DEMO_STD_V10 odoo.service.server: Worker (643419) serving request count: 18, registry count: 1.
2026-04-22 12:06:01,004 643418 INFO PROD_DB_01 odoo.modules.loading: Module base loaded in 1.975s
2026-04-22 12:06:01,537 643420 WARNING MASTER_BASE_DEMO_STD_V10 odoo.service.server: Deprecated method called in module sale
2026-04-22 12:06:04,504 643417 CRITICAL MASTER_BASE_DEMO_STD_V10 odoo.service.server: Worker 643417 killed after timeout
2026-04-22 12:06:06,646 643418 INFO ? odoo.addons.base: Request from 192.168.1.43 processed in 193ms
2026-04-22 12:06:09,457 643419 DEBUG MASTER_BASE_DEMO_STD_V10 odoo.addons.base.models: SELECT id, name FROM res_partner WHERE active = true LIMIT 80
2026-04-22 12:06:09,695 643416 INFO ? odoo.modules.loading: Registry loaded for database ?
2026-04-22 12:06:11,063 643416 INFO PROD_DB_01 odoo.http: HTTP POST /web/dataset/call_kw/res.partner/read HTTP/1.1 200
2026-04-22 12:06:11,328 643420 INFO MASTER_BASE_DEMO_STD_V10 werkzeug: Module base loaded in 2.178s
2026-04-22 12:06:11,731 643417 DEBUG MASTER_BASE_DEMO_STD_V10 odoo.modules.registry: Query time: 0.0108s
2026-04-22 12:06:14,331 643420 INFO PROD_DB_01 odoo.addons.base: HTTP POST /web/dataset/call_kw/res.partner/read HTTP/1.1 200
2026-04-22 12:06:14,997 643416 INFO ? odoo.service.server: Request from 192.168.1.60 processed in 282ms
2026-04-22 12:06:15,052 643417 WARNING ? odoo.service.server: Memory usage high: 83%
2026-04-22 12:06:15,685 643415 DEBUG MASTER_BASE_DEMO_STD_V10 odoo.sql_db: Cache lookup for user 67
2026-04-22 12:06:17,260 643420 INFO MASTER_BASE_DEMO_STD_V10 odoo.addons.base: Registry loaded for database MASTER_BASE_DEMO_STD_V10
2026-04-22 12:06:19,734 643415 DEBUG ? odoo.addons.base.models: Query time: 0.0482s
2026-04-22 12:06:21,074 643417 ERROR ? odoo.service.server: HTTP 500 Internal Server Error on /web/action/load
2026-04-22 12:06:22,237 643418 INFO MASTER_BASE_DEMO_STD_V10 odoo.modules.loading: Request from 192.168.1.200 processed in 399ms
2026-04-22 12:06:24,128 643416 INFO ? odoo.service.server: Module base loaded in 0.598s
2026-04-22 12:06:25,263 643418 WARNING MASTER_BASE_DEMO_STD_V10 odoo.http: Deprecated method called in module sale
2026-04-22 12:06:26,655 643416 INFO MASTER_BASE_DEMO_STD_V10 odoo.http: Module base loaded in 1.725s
2026-04-22 12:06:26,832 643416 ERROR ? odoo.http: psycopg2.OperationalError: connection to server failed
2026-04-22 12:06:27,299 643418 WARNING MASTER_BASE_DEMO_STD_V10 odoo.sql_db: Slow query detected: 1.54s
2026-04-22 12:06:28,873 643418 DEBUG MASTER_BASE_DEMO_STD_V10 odoo.addons.base.models: SELECT id, name FROM res_partner WHERE active = true LIMIT 80
2026-04-22 12:06:29,732 643415 ERROR ? odoo.http: psycopg2.OperationalError: connection to server failed
2026-04-22 12:06:30,283 643417 INFO ? odoo.service.server: Registry loaded for database ?
2026-04-22 12:06:30,453 643418 INFO ? odoo.modules.loading: Registry loaded for database ?
2026-04-22 12:06:30,644 643416 DEBUG MASTER_BASE_DEMO_STD_V10 odoo.addons.base.models: Cache lookup for user 53
2026-04-22 12:06:31,053 643415 INFO MASTER_BASE_DEMO_STD_V10 werkzeug: HTTP POST /web/dataset/call_kw/res.partner/read HTTP/1.1 200
2026-04-22 12:06:32,669 643415 WARNING PROD_DB_01 werkzeug: Connection pool near capacity: 95/100
2026-04-22 12:06:33,826 643418 INFO PROD_DB_01 odoo.addons.base: Registry loaded for database PROD_DB_01
2026-04-22 12:06:35,340 643419 WARNING MASTER_BASE_DEMO_STD_V10 odoo.http: Deprecated method called in module sale
2026-04-22 12:06:37,748 643416 WARNING ? odoo.service.server: Slow query detected: 4.77s
2026-04-22 12:06:39,100 643419 WARNING PROD_DB_01 odoo.sql_db: Slow query detected: 3.96s
2026-04-22 12:06:39,921 643419 WARNING ? odoo.service.server: Deprecated method called in module sale
2026-04-22 12:06:42,435 643416 INFO ? odoo.service.server: Worker (643416) serving request count: 79, registry count: 1.
2026-04-22 12:06:45,421 643417 INFO PROD_DB_01 odoo.service.server: Worker (643417) serving request count: 76, registry count: 1.
2026-04-22 12:06:47,626 643415 WARNING MASTER_BASE_DEMO_STD_V10 odoo.service.server: Deprecated method called in module sale
2026-04-22 12:06:48,912 643417 INFO MASTER_BASE_DEMO_STD_V10 werkzeug: Worker (643417) serving request count: 63, registry count: 1.
2026-04-22 12:06:51,263 643420 DEBUG PROD_DB_01 odoo.sql_db: Cache lookup for user 23
2026-04-22 12:06:54,133 643417 INFO MASTER_BASE_DEMO_STD_V10 odoo.service.server: HTTP POST /web/dataset/call_kw/res.partner/read HTTP/1.1 200
2026-04-22 12:06:54,928 643415 DEBUG MASTER_BASE_DEMO_STD_V10 odoo.addons.base.models: Registry cache hit for model res.users
2026-04-22 12:06:55,296 643417 INFO PROD_DB_01 odoo.modules.loading: Module base loaded in 2.072s
2026-04-22 12:06:55,392 643418 INFO MASTER_BASE_DEMO_STD_V10 odoo.service.server: Request from 192.168.1.90 processed in 136ms
2026-04-22 12:06:57,236 643418 DEBUG MASTER_BASE_DEMO_STD_V10 odoo.modules.registry: Query time: 0.0252s
2026-04-22 12:06:58,823 643419 INFO ? odoo.addons.base: Registry loaded for database ?
2026-04-22 12:06:59,009 643415 INFO PROD_DB_01 odoo.http: Registry loaded for database PROD_DB_01
2026-04-22 12:06:59,366 643416 INFO MASTER_BASE_DEMO_STD_V10 odoo.http: Registry loaded for database MASTER_BASE_DEMO_STD_V10
2026-04-22 12:07:00,091 643420 DEBUG ? odoo.sql_db: Registry cache hit for model res.users
2026-04-22 12:07:01,817 643416 DEBUG PROD_DB_01 odoo.addons.base.models: SELECT id, name FROM res_partner WHERE active = true LIMIT 80
2026-04-22 12:07:03,476 643415 DEBUG ? odoo.sql_db: Cache lookup for user 1
2026-04-22 12:07:04,732 643415 WARNING ? odoo.http: Connection pool near capacity: 86/100
2026-04-22 12:07:06,721 643415 WARNING PROD_DB_01 werkzeug: Memory usage high: 72%
2026-04-22 12:07:08,290 643416 ERROR PROD_DB_01 odoo.http: AccessError: You do not have access rights to write on res.partner
2026-04-22 12:07:09,418 643415 INFO PROD_DB_01 odoo.modules.loading: Request from 192.168.1.215 processed in 142ms
2026-04-22 12:07:12,204 643415 INFO ? odoo.addons.base: HTTP POST /web/dataset/call_kw/res.partner/read HTTP/1.1 200
2026-04-22 12:07:14,447 643418 DEBUG ? odoo.addons.base.models: Query time: 0.0442s
2026-04-22 12:07:16,114 643415 ERROR MASTER_BASE_DEMO_STD_V10 odoo.http: psycopg2.OperationalError: connection to server failed
2026-04-22 12:07:16,872 643418 ERROR MASTER_BASE_DEMO_STD_V10 odoo.http: Traceback (most recent call last):
  File "/odoo/odoo/http.py", line 1234, in dispatch
    return self._dispatch()
ValueError: invalid literal for int() with base 10
2026-04-22 12:07:17,096 643416 INFO ? odoo.modules.loading: Module base loaded in 2.102s
2026-04-22 12:07:17,420 643417 INFO ? odoo.addons.base: Request from 192.168.1.84 processed in 443ms
2026-04-22 12:07:20,022 643420 DEBUG ? odoo.sql_db: SELECT id, name FROM res_partner WHERE active = true LIMIT 80
2026-04-22 12:07:22,376 643415 WARNING PROD_DB_01 odoo.service.server: Memory usage high: 82%
2026-04-22 12:07:24,920 643419 INFO MASTER_BASE_DEMO_STD_V10 odoo.http: Registry loaded for database MASTER_BASE_DEMO_STD_V10
2026-04-22 12:07:26,591 643415 ERROR PROD_DB_01 odoo.http: psycopg2.OperationalError: connection to server failed
2026-04-22 12:07:28,587 643420 ERROR PROD_DB_01 odoo.sql_db: HTTP 500 Internal Server Error on /web/action/load
2026-04-22 12:07:29,910 643417 INFO ? odoo.service.server: Registry loaded for database ?
2026-04-22 12:07:31,063 643417 DEBUG MASTER_BASE_DEMO_STD_V10 odoo.sql_db: Cache lookup for user 53
2026-04-22 12:07:32,644 643419 WARNING MASTER_BASE_DEMO_STD_V10 odoo.sql_db: Deprecated method called in module sale
2026-04-22 12:07:33,483 643416 WARNING MASTER_BASE_DEMO_STD_V10 odoo.sql_db: Connection pool near capacity: 94/100
2026-04-22 12:07:34,348 643420 INFO ? odoo.addons.base: Worker (643420) serving request count: 16, registry count: 1.
2026-04-22 12:07:36,400 643417 DEBUG MASTER_BASE_DEMO_STD_V10 odoo.modules.registry: Query time: 0.0298s
2026-04-22 12:07:37,509 643416 DEBUG MASTER_BASE_DEMO_STD_V10 odoo.modules.registry: Registry cache hit for model res.users
2026-04-22 12:07:38,436 643419 WARNING MASTER_BASE_DEMO_STD_V10 odoo.http: Deprecated method called in module sale
2026-04-22 12:07:38,522 643420 INFO MASTER_BASE_DEMO_STD_V10 odoo.modules.loading: HTTP POST /web/dataset/call_kw/res.partner/read HTTP/1.1 200
2026-04-22 12:07:41,491 643417 ERROR PROD_DB_01 werkzeug: AccessError: You do not have access rights to write on res.partner
2026-04-22 12:07:43,421 643417 INFO ? odoo.http: Request from 192.168.1.174 processed in 271ms
2026-04-22 12:07:45,566 643415 CRITICAL PROD_DB_01 odoo.service.server: Out of memory: killing worker
2026-04-22 12:07:48,048 643420 DEBUG PROD_DB_01 odoo.addons.base.models: Query time: 0.0063s
2026-04-22 12:07:50,721 643417 INFO PROD_DB_01 odoo.http: Worker (643417) serving request count: 84, registry count: 1.
2026-04-22 12:07:51,755 643419 ERROR ? odoo.service.server: Traceback (most recent call last):
  File "/odoo/odoo/http.py", line 1234, in dispatch
    return self._dispatch()
ValueError: invalid literal for int() with base 10
2026-04-22 12:07:51,909 643420 DEBUG PROD_DB_01 odoo.modules.registry: Cache lookup for user 52
2026-04-22 12:07:52,103 643420 DEBUG MASTER_BASE_DEMO_STD_V10 odoo.modules.registry: Cache lookup for user 29
2026-04-22 12:07:53,621 643420 INFO MASTER_BASE_DEMO_STD_V10 odoo.addons.base: Module base loaded in 1.230s
2026-04-22 12:07:55,960 643420 WARNING MASTER_BASE_DEMO_STD_V10 odoo.service.server: Slow query detected: 3.79s
2026-04-22 12:07:57,267 643420 INFO PROD_DB_01 odoo.http: Request from 192.168.1.67 processed in 304ms
2026-04-22 12:07:57,536 643418 WARNING MASTER_BASE_DEMO_STD_V10 werkzeug: Connection pool near capacity: 83/100
2026-04-22 12:07:57,807 643418 WARNING MASTER_BASE_DEMO_STD_V10 odoo.http: Memory usage high: 83%
2026-04-22 12:07:59,152 643416 WARNING MASTER_BASE_DEMO_STD_V10 odoo.sql_db: Deprecated method called in module sale
2026-04-22 12:08:01,053 643415 INFO MASTER_BASE_DEMO_STD_V10 odoo.addons.base: Request from 192.168.1.196 processed in 86ms
2026-04-22 12:08:03,619 643416 INFO ? werkzeug: Request from 192.168.1.110 processed in 499ms
2026-04-22 12:08:04,485 643419 DEBUG MASTER_BASE_DEMO_STD_V10 odoo.modules.registry: Registry cache hit for model res.users
2026-04-22 12:08:07,306 643415 INFO MASTER_BASE_DEMO_STD_V10 odoo.modules.loading: Request from 192.168.1.178 processed in 454ms
2026-04-22 12:08:09,417 643418 DEBUG MASTER_BASE_DEMO_STD_V10 odoo.sql_db: Query time: 0.0414s
2026-04-22 12:08:11,598 643418 DEBUG PROD_DB_01 odoo.modules.registry: Query time: 0.0445s
2026-04-22 12:08:13,119 643418 WARNING MASTER_BASE_DEMO_STD_V10 werkzeug: Slow query detected: 1.57s
2026-04-22 12:08:13,258 643420 DEBUG MASTER_BASE_DEMO_STD_V10 odoo.sql_db: SELECT id, name FROM res_partner WHERE active = true LIMIT 80
2026-04-22 12:08:15,930 643418 INFO MASTER_BASE_DEMO_STD_V10 odoo.addons.base: Request from 192.168.1.13 processed in 343ms
2026-04-22 12:08:18,805 643415 INFO ? werkzeug: Worker (643415) serving request count: 33, registry count: 1.
2026-04-22 12:08:21,702 643416 DEBUG MASTER_BASE_DEMO_STD_V10 odoo.modules.registry: Query time: 0.0216s
2026-04-22 12:08:24,232 643419 DEBUG ? odoo.sql_db: SELECT id, name FROM res_partner WHERE active = true LIMIT 80
2026-04-22 12:08:24,748 643417 WARNING ? odoo.http: Slow query detected: 3.63s
2026-04-22 12:08:27,679 643417 INFO MASTER_BASE_DEMO_STD_V10 odoo.service.server: Registry loaded for database MASTER_BASE_DEMO_STD_V10
2026-04-22 12:08:28,689 643417 INFO MASTER_BASE_DEMO_STD_V10 odoo.service.server: Request from 192.168.1.214 processed in 298ms
2026-04-22 12:08:29,046 643419 DEBUG MASTER_BASE_DEMO_STD_V10 odoo.modules.registry: Query time: 0.0326s
2026-04-22 12:08:30,997 643417 INFO MASTER_BASE_DEMO_STD_V10 odoo.service.server: Module base loaded in 2.024s
2026-04-22 12:08:31,521 643418 INFO MASTER_BASE_DEMO_STD_V10 odoo.service.server: Module base loaded in 1.653s
2026-04-22 12:08:33,363 643417 ERROR PROD_DB_01 odoo.sql_db: HTTP 500 Internal Server Error on /web/action/load
2026-04-22 12:08:34,162 643417 INFO ? werkzeug: Registry loaded for database ?
2026-04-22 12:08:36,869 643418 ERROR MASTER_BASE_DEMO_STD_V10 odoo.sql_db: Traceback (most recent call last):
  File "/odoo/odoo/http.py", line 1234, in dispatch
    return self._dispatch()
ValueError: invalid literal for int() with base 10
2026-04-22 12:08:37,159 643420 CRITICAL MASTER_BASE_DEMO_STD_V10 odoo.service.server: Failed to load registry for MASTER_BASE_DEMO_STD_V10: database does not exist
2026-04-22 12:08:39,628 643418 INFO ? odoo.modules.loading: Request from 192.168.1.157 processed in 199ms
2026-04-22 12:08:40,213 643420 INFO ? odoo.service.server: Module base loaded in 0.210s
2026-04-22 12:08:41,550 643420 INFO MASTER_BASE_DEMO_STD_V10 odoo.http: Request from 192.168.1.133 processed in 272ms
2026-04-22 12:08:44,310 643418 DEBUG ? odoo.modules.registry: Cache lookup for user 83
2026-04-22 12:08:46,646 643416 ERROR MASTER_BASE_DEMO_STD_V10 odoo.sql_db: Traceback (most recent call last):
  File "/odoo/odoo/http.py", line 1234, in dispatch
    return self._dispatch()
ValueError: invalid literal for int() with base 10
2026-04-22 12:08:48,618 643419 WARNING MASTER_BASE_DEMO_STD_V10 odoo.sql_db: Connection pool near capacity: 90/100
2026-04-22 12:08:48,874 643417 INFO ? werkzeug: HTTP POST /web/dataset/call_kw/res.partner/read HTTP/1.1 200
2026-04-22 12:08:49,284 643418 WARNING ? odoo.service.server: Deprecated method called in module sale
2026-04-22 12:08:50,986 643415 INFO MASTER_BASE_DEMO_STD_V10 odoo.service.server: HTTP POST /web/dataset/call_kw/res.partner/read HTTP/1.1 200
2026-04-22 12:08:51,883 643419 DEBUG ? odoo.modules.registry: Registry cache hit for model res.users
2026-04-22 12:08:53,292 643418 DEBUG ? odoo.addons.base.models: Cache lookup for user 92
2026-04-22 12:08:53,741 643415 WARNING MASTER_BASE_DEMO_STD_V10 odoo.sql_db: Connection pool near capacity: 89/100
2026-04-22 12:08:54,226 643420 INFO MASTER_BASE_DEMO_STD_V10 werkzeug: Registry loaded for database MASTER_BASE_DEMO_STD_V10
2026-04-22 12:08:55,317 643415 DEBUG MASTER_BASE_DEMO_STD_V10 odoo.sql_db: Registry cache hit for model res.users
2026-04-22 12:08:56,147 643418 DEBUG MASTER_BASE_DEMO_STD_V10 odoo.modules.registry: SELECT id, name FROM res_partner WHERE active = true LIMIT 80
2026-04-22 12:08:58,070 643418 DEBUG MASTER_BASE_DEMO_STD_V10 odoo.modules.registry: SELECT id, name FROM res_partner WHERE active = true LIMIT 80
2026-04-22 12:08:59,892 643419 WARNING ? odoo.http: Deprecated method called in module sale
2026-04-22 12:09:02,635 643418 DEBUG PROD_DB_01 odoo.addons.base.models: Registry cache hit for model res.users
2026-04-22 12:09:04,314 643417 ERROR PROD_DB_01 werkzeug: Traceback (most recent call last):
  File "/odoo/odoo/http.py", line 1234, in dispatch
    return self._dispatch()
ValueError: invalid literal for int() with base 10
2026-04-22 12:09:06,054 643416 DEBUG PROD_DB_01 odoo.addons.base.models: Registry cache hit for model res.users
2026-04-22 12:09:06,962 643416 DEBUG PROD_DB_01 odoo.addons.base.models: Registry cache hit for model res.users
2026-04-22 12:09:09,674 643420 CRITICAL MASTER_BASE_DEMO_STD_V10 odoo.service.server: Out of memory: killing worker
2026-04-22 12:09:12,567 643419 DEBUG MASTER_BASE_DEMO_STD_V10 odoo.modules.registry: Cache lookup for user 75
2026-04-22 12:09:14,803 643420 INFO ? odoo.service.server: Request from 192.168.1.134 processed in 59ms
2026-04-22 12:09:15,084 643420 INFO MASTER_BASE_DEMO_STD_V10 odoo.http: Module base loaded in 2.115s
2026-04-22 12:09:17,350 643416 INFO ? odoo.service.server: Worker (643416) serving request count: 87, registry count: 1.
2026-04-22 12:09:20,050 643420 DEBUG MASTER_BASE_DEMO_STD_V10 odoo.addons.base.models: Query time: 0.0394s
2026-04-22 12:09:22,821 643420 INFO ? werkzeug: HTTP POST /web/dataset/call_kw/res.partner/read HTTP/1.1 200
2026-04-22 12:09:22,924 643415 DEBUG MASTER_BASE_DEMO_STD_V10 odoo.addons.base.models: Registry cache hit for model res.users
2026-04-22 12:09:25,860 643420 DEBUG PROD_DB_01 odoo.addons.base.models: Registry cache hit for model res.users
2026-04-22 12:09:26,702 643420 INFO MASTER_BASE_DEMO_STD_V10 odoo.service.server: Request from 192.168.1.48 processed in 497ms
2026-04-22 12:09:26,918 643418 INFO PROD_DB_01 odoo.modules.loading: Registry loaded for database PROD_DB_01
2026-04-22 12:09:27,602 643420 INFO PROD_DB_01 odoo.addons.base: Module base loaded in 1.577s
2026-04-22 12:09:29,997 643418 DEBUG MASTER_BASE_DEMO_STD_V10 odoo.addons.base.models: Registry cache hit for model res.users
2026-04-22 12:09:30,326 643419 WARNING MASTER_BASE_DEMO_STD_V10 werkzeug: Connection pool near capacity: 92/100
2026-04-22 12:09:31,249 643416 DEBUG PROD_DB_01 odoo.modules.registry: Cache lookup for user 97
2026-04-22 12:09:33,958 643419 INFO PROD_DB_01 werkzeug: HTTP POST /web/dataset/call_kw/res.partner/read HTTP/1.1 200
2026-04-22 12:09:34,171 643416 DEBUG PROD_DB_01 odoo.modules.registry: Cache lookup for user 15
2026-04-22 12:09:36,433 643417 DEBUG MASTER_BASE_DEMO_STD_V10 odoo.addons.base.models: Cache lookup for user 48
2026-04-22 12:09:36,662 643418 INFO MASTER_BASE_DEMO_STD_V10 odoo.http: HTTP POST /web/dataset/call_kw/res.partner/read HTTP/1.1 200
2026-04-22 12:09:36,742 643419 DEBUG MASTER_BASE_DEMO_STD_V10 odoo.addons.base.models: Cache lookup for user 28
2026-04-22 12:09:37,634 643415 INFO ? odoo.service.server: Module base loaded in 0.157s
2026-04-22 12:09:38,042 643415 INFO MASTER_BASE_DEMO_STD_V10 odoo.http: Module base loaded in 2.072s
2026-04-22 12:09:39,681 643418 INFO ? werkzeug: HTTP POST /web/dataset/call_kw/res.partner/read HTTP/1.1 200
2026-04-22 12:09:42,358 643415 DEBUG MASTER_BASE_DEMO_STD_V10 odoo.addons.base.models: SELECT id, name FROM res_partner WHERE active = true LIMIT 80
2026-04-22 12:09:44,467 643417 INFO PROD_DB_01 odoo.addons.base: Registry loaded for database PROD_DB_01
2026-04-22 12:09:47,223 643418 INFO MASTER_BASE_DEMO_STD_V10 odoo.addons.base: HTTP POST /web/dataset/call_kw/res.partner/read HTTP/1.1 200
2026-04-22 12:09:49,870 643417 INFO PROD_DB_01 odoo.service.server: Request from 192.168.1.142 processed in 452ms
2026-04-22 12:09:52,265 643415 DEBUG MASTER_BASE_DEMO_STD_V10 odoo.modules.registry: Query time: 0.0113s
2026-04-22 12:09:54,005 643416 ERROR MASTER_BASE_DEMO_STD_V10 odoo.http: Traceback (most recent call last):
  File "/odoo/odoo/http.py", line 1234, in dispatch
    return self._dispatch()
ValueError: invalid literal for int() with base 10
2026-04-22 12:09:56,581 643416 WARNING MASTER_BASE_DEMO_STD_V10 odoo.sql_db: Memory usage high: 87%
2026-04-22 12:09:58,882 643420 INFO MASTER_BASE_DEMO_STD_V10 odoo.http: Module base loaded in 1.493s
2026-04-22 12:09:59,457 643417 DEBUG MASTER_BASE_DEMO_STD_V10 odoo.sql_db: Registry cache hit for model res.users
2026-04-22 12:10:01,497 643417 INFO PROD_DB_01 odoo.addons.base: Module base loaded in 0.975s
2026-04-22 12:10:02,237 643418 INFO MASTER_BASE_DEMO_STD_V10 odoo.modules.loading: Module base loaded in 1.147s
2026-04-22 12:10:05,070 643416 DEBUG ? odoo.modules.registry: Query time: 0.0228s
2026-04-22 12:10:07,379 643418 INFO MASTER_BASE_DEMO_STD_V10 odoo.http: Worker (643418) serving request count: 18, registry count: 1.
2026-04-22 12:10:09,995 643417 INFO MASTER_BASE_DEMO_STD_V10 odoo.service.server: HTTP POST /web/dataset/call_kw/res.partner/read HTTP/1.1 200
2026-04-22 12:10:11,704 643419 WARNING MASTER_BASE_DEMO_STD_V10 odoo.sql_db: Slow query detected: 3.43s
2026-04-22 12:10:13,361 643417 INFO PROD_DB_01 odoo.modules.loading: Module base loaded in 0.317s
2026-04-22 12:10:13,454 643419 DEBUG MASTER_BASE_DEMO_STD_V10 odoo.addons.base.models: Registry cache hit for model res.users
2026-04-22 12:10:15,821 643419 DEBUG MASTER_BASE_DEMO_STD_V10 odoo.addons.base.models: SELECT id, name FROM res_partner WHERE active = true LIMIT 80
2026-04-22 12:10:17,868 643416 INFO PROD_DB_01 odoo.http: Module base loaded in 0.596s
2026-04-22 12:10:19,841 643418 ERROR MASTER_BASE_DEMO_STD_V10 odoo.sql_db: HTTP 500 Internal Server Error on /web/action/load
2026-04-22 12:10:22,773 643415 ERROR PROD_DB_01 odoo.service.server: Traceback (most recent call last):
  File "/odoo/odoo/http.py", line 1234, in dispatch
    return self._dispatch()
ValueError: invalid literal for int() with base 10
2026-04-22 12:10:25,500 643418 INFO MASTER_BASE_DEMO_STD_V10 odoo.addons.base: Module base loaded in 1.339s
2026-04-22 12:10:27,544 643417 WARNING MASTER_BASE_DEMO_STD_V10 odoo.http: Connection pool near capacity: 87/100
2026-04-22 12:10:28,209 643416 INFO PROD_DB_01 odoo.addons.base: Registry loaded for database PROD_DB_01
2026-04-22 12:10:31,209 643417 INFO ? werkzeug: Registry loaded for database ?
2026-04-22 12:10:32,257 643415 INFO MASTER_BASE_DEMO_STD_V10 odoo.modules.loading: Worker (643415) serving request count: 6, registry count: 1.
2026-04-22 12:10:32,988 643415 INFO MASTER_BASE_DEMO_STD_V10 odoo.addons.base: Request from 192.168.1.246 processed in 212ms
2026-04-22 12:10:35,748 643420 WARNING MASTER_BASE_DEMO_STD_V10 odoo.http: Slow query detected: 3.07s
2026-04-22 12:10:37,480 643416 DEBUG MASTER_BASE_DEMO_STD_V10 odoo.addons.base.models: Registry cache hit for model res.users
2026-04-22 12:10:40,338 643420 INFO ? odoo.addons.base: Worker (643420) serving request count: 30, registry count: 1.
2026-04-22 12:10:40,455 643415 INFO ? odoo.modules.loading: HTTP POST /web/dataset/call_kw/res.partner/read HTTP/1.1 200
2026-04-22 12:10:40,664 643419 WARNING MASTER_BASE_DEMO_STD_V10 odoo.sql_db: Deprecated method called in module sale
2026-04-22 12:10:43,373 643420 INFO ? odoo.http: Worker (643420) serving request count: 90, registry count: 1.
2026-04-22 12:10:44,984 643418 INFO MASTER_BASE_DEMO_STD_V10 werkzeug: Request from 192.168.1.35 processed in 135ms
2026-04-22 12:10:47,484 643417 WARNING ? odoo.service.server: Deprecated method called in module sale
2026-04-22 12:10:47,563 643419 INFO MASTER_BASE_DEMO_STD_V10 odoo.http: HTTP POST /web/dataset/call_kw/res.partner/read HTTP/1.1 200
2026-04-22 12:10:48,683 643417 WARNING ? odoo.service.server: Memory usage high: 76%
2026-04-22 12:10:51,016 643419 INFO PROD_DB_01 odoo.addons.base: HTTP POST /web/dataset/call_kw/res.partner/read HTTP/1.1 200
2026-04-22 12:10:53,955 643417 INFO MASTER_BASE_DEMO_STD_V10 odoo.service.server: Worker (643417) serving request count: 58, registry count: 1.
2026-04-22 12:10:54,883 643415 INFO PROD_DB_01 odoo.addons.base: Worker (643415) serving request count: 88, registry count: 1.
2026-04-22 12:10:57,537 643418 INFO MASTER_BASE_DEMO_STD_V10 odoo.modules.loading: Request from 192.168.1.121 processed in 479ms
2026-04-22 12:10:58,495 643417 INFO MASTER_BASE_DEMO_STD_V10 werkzeug: Module base loaded in 1.675s
2026-04-22 12:11:00,992 643420 INFO MASTER_BASE_DEMO_STD_V10 werkzeug: HTTP POST /web/dataset/call_kw/res.partner/read HTTP/1.1 200
2026-04-22 12:11:01,839 643417 INFO MASTER_BASE_DEMO_STD_V10 odoo.addons.base: Request from 192.168.1.44 processed in 350ms
2026-04-22 12:11:02,244 643416 CRITICAL ? odoo.service.server: Worker 643416 killed after timeout
2026-04-22 12:11:03,912 643420 INFO MASTER_BASE_DEMO_STD_V10 odoo.addons.base: Request from 192.168.1.4 processed in 382ms
2026-04-22 12:11:05,127 643419 DEBUG PROD_DB_01 odoo.modules.registry: Registry cache hit for model res.users
2026-04-22 12:11:05,973 643419 INFO ? odoo.addons.base: Request from 192.168.1.2 processed in 138ms
2026-04-22 12:11:06,319 643419 INFO PROD_DB_01 odoo.service.server: HTTP POST /web/dataset/call_kw/res.partner/read HTTP/1.1 200
2026-04-22 12:11:09,212 643417 INFO ? odoo.addons.base: Registry loaded for database ?
2026-04-22 12:11:11,149 643420 ERROR MASTER_BASE_DEMO_STD_V10 werkzeug: psycopg2.OperationalError: connection to server failed
2026-04-22 12:11:11,475 643417 INFO MASTER_BASE_DEMO_STD_V10 odoo.modules.loading: HTTP POST /web/dataset/call_kw/res.partner/read HTTP/1.1 200
2026-04-22 12:11:11,564 643419 DEBUG PROD_DB_01 odoo.sql_db: Query time: 0.0151s
2026-04-22 12:11:13,885 643415 ERROR ? odoo.service.server: HTTP 500 Internal Server Error on /web/action/load
2026-04-22 12:11:16,284 643416 INFO MASTER_BASE_DEMO_STD_V10 werkzeug: Module base loaded in 1.865s
2026-04-22 12:11:17,272 643416 INFO MASTER_BASE_DEMO_STD_V10 odoo.addons.base: Request from 192.168.1.92 processed in 84ms
2026-04-22 12:11:20,039 643420 INFO MASTER_BASE_DEMO_STD_V10 odoo.addons.base: Module base loaded in 0.991s
2026-04-22 12:11:22,442 643418 WARNING ? odoo.http: Slow query detected: 4.95s
2026-04-22 12:11:23,017 643419 INFO ? werkzeug: Registry loaded for database ?
2026-04-22 12:11:23,782 643420 INFO MASTER_BASE_DEMO_STD_V10 odoo.addons.base: Worker (643420) serving request count: 89, registry count: 1.
2026-04-22 12:11:26,211 643418 INFO PROD_DB_01 odoo.addons.base: Worker (643418) serving request count: 24, registry count: 1.
2026-04-22 12:11:28,191 643417 ERROR PROD_DB_01 odoo.service.server: Traceback (most recent call last):
  File "/odoo/odoo/http.py", line 1234, in dispatch
    return self._dispatch()
ValueError: invalid literal for int() with base 10
2026-04-22 12:11:29,977 643418 INFO PROD_DB_01 odoo.http: HTTP POST /web/dataset/call_kw/res.partner/read HTTP/1.1 200
2026-04-22 12:11:32,385 643416 DEBUG MASTER_BASE_DEMO_STD_V10 odoo.addons.base.models: Cache lookup for user 31
2026-04-22 12:11:33,238 643418 INFO MASTER_BASE_DEMO_STD_V10 werkzeug: Worker (643418) serving request count: 23, registry count: 1.
2026-04-22 12:11:35,405 643420 INFO PROD_DB_01 werkzeug: Request from 192.168.1.77 processed in 133ms
2026-04-22 12:11:35,860 643418 DEBUG MASTER_BASE_DEMO_STD_V10 odoo.sql_db: SELECT id, name FROM res_partner WHERE active = true LIMIT 80
2026-04-22 12:11:37,280 643418 INFO PROD_DB_01 odoo.addons.base: Registry loaded for database PROD_DB_01
2026-04-22 12:11:38,768 643415 WARNING MASTER_BASE_DEMO_STD_V10 odoo.http: Connection pool near capacity: 89/100
2026-04-22 12:11:40,908 643420 INFO ? odoo.service.server: Worker (643420) serving request count: 37, registry count: 1.
2026-04-22 12:11:43,581 643416 WARNING PROD_DB_01 werkzeug: Deprecated method called in module sale
2026-04-22 12:11:45,038 643416 INFO PROD_DB_01 odoo.http: Module base loaded in 1.647s
2026-04-22 12:11:46,575 643418 DEBUG ? odoo.modules.registry: Registry cache hit for model res.users
2026-04-22 12:11:47,586 643420 DEBUG MASTER_BASE_DEMO_STD_V10 odoo.sql_db: SELECT id, name FROM res_partner WHERE active = true LIMIT 80
2026-04-22 12:11:49,574 643415 INFO MASTER_BASE_DEMO_STD_V10 werkzeug: HTTP POST /web/dataset/call_kw/res.partner/read HTTP/1.1 200
2026-04-22 12:11:49,969 643416 DEBUG ? odoo.modules.registry: Query time: 0.0122s
2026-04-22 12:11:52,585 643418 INFO MASTER_BASE_DEMO_STD_V10 odoo.service.server: Module base loaded in 2.165s
2026-04-22 12:11:54,548 643418 CRITICAL PROD_DB_01 odoo.service.server: Out of memory: killing worker
2026-04-22 12:11:55,151 643418 ERROR MASTER_BASE_DEMO_STD_V10 werkzeug: AccessError: You do not have access rights to write on res.partner
2026-04-22 12:11:57,821 643419 DEBUG PROD_DB_01 odoo.modules.registry: SELECT id, name FROM res_partner WHERE active = true LIMIT 80
2026-04-22 12:11:59,132 643418 INFO PROD_DB_01 odoo.modules.loading: Worker (643418) serving request count: 1, registry count: 1.
2026-04-22 12:12:00,356 643417 INFO MASTER_BASE_DEMO_STD_V10 werkzeug: Registry loaded for database MASTER_BASE_DEMO_STD_V10
2026-04-22 12:12:02,851 643417 INFO MASTER_BASE_DEMO_STD_V10 odoo.addons.base: Registry loaded for database MASTER_BASE_DEMO_STD_V10
2026-04-22 12:12:03,924 643418 INFO ? werkzeug: Worker (643418) serving request count: 11, registry count: 1.
2026-04-22 12:12:06,485 643419 WARNING PROD_DB_01 odoo.service.server: Slow query detected: 3.77s
2026-04-22 12:12:07,282 643415 INFO MASTER_BASE_DEMO_STD_V10 werkzeug: Registry loaded for database MASTER_BASE_DEMO_STD_V10
2026-04-22 12:12:08,645 643416 INFO MASTER_BASE_DEMO_STD_V10 odoo.addons.base: Worker (643416) serving request count: 14, registry count: 1.
2026-04-22 12:12:10,490 643420 DEBUG MASTER_BASE_DEMO_STD_V10 odoo.sql_db: Registry cache hit for model res.users
2026-04-22 12:12:12,261 643417 INFO ? odoo.http: Worker (643417) serving request count: 5, registry count: 1.
2026-04-22 12:12:13,402 643415 WARNING MASTER_BASE_DEMO_STD_V10 werkzeug: Deprecated method called in module sale
2026-04-22 12:12:16,379 643415 INFO ? odoo.modules.loading: Request from 192.168.1.189 processed in 22ms
2026-04-22 12:12:19,156 643419 CRITICAL ? odoo.service.server: Worker 643419 killed after timeout
2026-04-22 12:12:20,484 643420 ERROR MASTER_BASE_DEMO_STD_V10 odoo.sql_db: psycopg2.OperationalError: connection to server failed
2026-04-22 12:12:22,505 643417 DEBUG MASTER_BASE_DEMO_STD_V10 odoo.modules.registry: Registry cache hit for model res.users
2026-04-22 12:12:23,521 643415 DEBUG PROD_DB_01 odoo.sql_db: SELECT id, name FROM res_partner WHERE active = true LIMIT 80
2026-04-22 12:12:24,566 643418 INFO MASTER_BASE_DEMO_STD_V10 odoo.addons.base: Worker (643418) serving request count: 61, registry count: 1.
2026-04-22 12:12:24,982 643417 INFO ? odoo.service.server: Request from 192.168.1.176 processed in 321ms
2026-04-22 12:12:26,488 643415 DEBUG MASTER_BASE_DEMO_STD_V10 odoo.sql_db: Query time: 0.0249s
2026-04-22 12:12:27,328 643418 INFO ? odoo.http: Registry loaded for database ?
2026-04-22 12:12:29,170 643420 DEBUG ? odoo.sql_db: Query time: 0.0288s
2026-04-22 12:12:31,138 643417 INFO MASTER_BASE_DEMO_STD_V10 odoo.service.server: Module base loaded in 0.810s
2026-04-22 12:12:32,691 643419 INFO ? odoo.modules.loading: HTTP POST /web/dataset/call_kw/res.partner/read HTTP/1.1 200
2026-04-22 12:12:34,054 643416 DEBUG ? odoo.sql_db: Registry cache hit for model res.users
2026-04-22 12:12:35,263 643419 INFO PROD_DB_01 odoo.service.server: Worker (643419) serving request count: 85, registry count: 1.
2026-04-22 12:12:35,441 643416 INFO ? odoo.modules.loading: Registry loaded for database ?
2026-04-22 12:12:37,497 643420 INFO PROD_DB_01 odoo.service.server: Request from 192.168.1.94 processed in 118ms
2026-04-22 12:12:40,232 643416 INFO MASTER_BASE_DEMO_STD_V10 werkzeug: Registry loaded for database MASTER_BASE_DEMO_STD_V10
2026-04-22 12:12:43,183 643417 INFO PROD_DB_01 odoo.addons.base: Request from 192.168.1.11 processed in 380ms
2026-04-22 12:12:45,360 643416 INFO MASTER_BASE_DEMO_STD_V10 odoo.addons.base: Worker (643416) serving request count: 25, registry count: 1.
2026-04-22 12:12:47,971 643419 ERROR ? odoo.sql_db: HTTP 500 Internal Server Error on /web/action/load
2026-04-22 12:12:49,899 643420 DEBUG ? odoo.sql_db: Cache lookup for user 24
2026-04-22 12:12:51,331 643419 DEBUG ? odoo.modules.registry: Query time: 0.0452s
2026-04-22 12:12:53,069 643417 WARNING ? odoo.service.server: Connection pool near capacity: 86/100
2026-04-22 12:12:54,972 643417 INFO ? odoo.service.server: HTTP POST /web/dataset/call_kw/res.partner/read HTTP/1.1 200
2026-04-22 12:12:56,258 643416 INFO MASTER_BASE_DEMO_STD_V10 odoo.modules.loading: Module base loaded in 1.952s
2026-04-22 12:12:58,402 643419 DEBUG MASTER_BASE_DEMO_STD_V10 odoo.sql_db: Registry cache hit for model res.users
2026-04-22 12:12:59,537 643416 INFO MASTER_BASE_DEMO_STD_V10 odoo.modules.loading: Registry loaded for database MASTER_BASE_DEMO_STD_V10
2026-04-22 12:13:00,477 643419 DEBUG PROD_DB_01 odoo.modules.registry: SELECT id, name FROM res_partner WHERE active = true LIMIT 80
2026-04-22 12:13:03,157 643419 INFO ? odoo.service.server: Registry loaded for database ?
2026-04-22 12:13:03,700 643418 WARNING MASTER_BASE_DEMO_STD_V10 odoo.sql_db: Connection pool near capacity: 92/100
2026-04-22 12:13:03,918 643419 INFO MASTER_BASE_DEMO_STD_V10 odoo.http: Registry loaded for database MASTER_BASE_DEMO_STD_V10
2026-04-22 12:13:06,405 643418 DEBUG MASTER_BASE_DEMO_STD_V10 odoo.sql_db: Registry cache hit for model res.users
2026-04-22 12:13:07,831 643416 INFO MASTER_BASE_DEMO_STD_V10 odoo.addons.base: Registry loaded for database MASTER_BASE_DEMO_STD_V10
2026-04-22 12:13:08,415 643420 WARNING ? odoo.http: Slow query detected: 3.21s
2026-04-22 12:13:08,758 643416 INFO ? odoo.http: Registry loaded for database ?
2026-04-22 12:13:10,304 643418 INFO PROD_DB_01 odoo.http: Worker (643418) serving request count: 4, registry count: 1.
2026-04-22 12:13:12,878 643417 WARNING ? odoo.http: Connection pool near capacity: 87/100
2026-04-22 12:13:13,279 643416 INFO MASTER_BASE_DEMO_STD_V10 odoo.modules.loading: Module base loaded in 2.185s
2026-04-22 12:13:14,735 643415 DEBUG MASTER_BASE_DEMO_STD_V10 odoo.modules.registry: Query time: 0.0231s
2026-04-22 12:13:16,988 643416 INFO PROD_DB_01 odoo.addons.base: Request from 192.168.1.124 processed in 323ms
2026-04-22 12:13:19,425 643418 ERROR MASTER_BASE_DEMO_STD_V10 odoo.service.server: Traceback (most recent call last):
  File "/odoo/odoo/http.py", line 1234, in dispatch
    return self._dispatch()
ValueError: invalid literal for int() with base 10
2026-04-22 12:13:20,638 643415 INFO PROD_DB_01 odoo.service.server: Module base loaded in 0.260s
2026-04-22 12:13:23,391 643420 INFO MASTER_BASE_DEMO_STD_V10 odoo.service.server: Registry loaded for database MASTER_BASE_DEMO_STD_V10
2026-04-22 12:13:26,347 643419 INFO PROD_DB_01 werkzeug: Worker (643419) serving request count: 69, registry count: 1.
2026-04-22 12:13:28,272 643419 DEBUG MASTER_BASE_DEMO_STD_V10 odoo.sql_db: Query time: 0.0131s
2026-04-22 12:13:30,328 643417 INFO MASTER_BASE_DEMO_STD_V10 odoo.service.server: Module base loaded in 0.953s
2026-04-22 12:13:32,431 643416 INFO MASTER_BASE_DEMO_STD_V10 odoo.http: Module base loaded in 2.366s
2026-04-22 12:13:33,102 643416 INFO ? odoo.modules.loading: HTTP POST /web/dataset/call_kw/res.partner/read HTTP/1.1 200
2026-04-22 12:13:35,963 643420 INFO MASTER_BASE_DEMO_STD_V10 odoo.addons.base: Module base loaded in 2.283s
2026-04-22 12:13:38,233 643418 INFO MASTER_BASE_DEMO_STD_V10 odoo.addons.base: Module base loaded in 2.170s
2026-04-22 12:13:41,171 643420 ERROR MASTER_BASE_DEMO_STD_V10 werkzeug: Traceback (most recent call last):
  File "/odoo/odoo/http.py", line 1234, in dispatch
    return self._dispatch()
ValueError: invalid literal for int() with base 10
2026-04-22 12:13:43,534 643420 ERROR PROD_DB_01 odoo.sql_db: psycopg2.OperationalError: connection to server failed
2026-04-22 12:13:44,884 643416 WARNING MASTER_BASE_DEMO_STD_V10 odoo.sql_db: Connection pool near capacity: 93/100
2026-04-22 12:13:47,542 643418 ERROR PROD_DB_01 odoo.http: Traceback (most recent call last):
  File "/odoo/odoo/http.py", line 1234, in dispatch
    return self._dispatch()
ValueError: invalid literal for int() with base 10
2026-04-22 12:13:48,130 643415 INFO PROD_DB_01 odoo.addons.base: Worker (643415) serving request count: 30, registry count: 1.
2026-04-22 12:13:48,286 643420 INFO ? odoo.modules.loading: Module base loaded in 1.225s
2026-04-22 12:13:49,923 643416 INFO MASTER_BASE_DEMO_STD_V10 odoo.modules.loading: Request from 192.168.1.50 processed in 120ms
2026-04-22 12:13:51,664 643417 INFO MASTER_BASE_DEMO_STD_V10 odoo.modules.loading: Registry loaded for database MASTER_BASE_DEMO_STD_V10
2026-04-22 12:13:53,044 643420 WARNING MASTER_BASE_DEMO_STD_V10 werkzeug: Memory usage high: 89%
2026-04-22 12:13:54,375 643420 INFO MASTER_BASE_DEMO_STD_V10 odoo.addons.base: Request from 192.168.1.28 processed in 236ms
2026-04-22 12:13:56,549 643416 INFO MASTER_BASE_DEMO_STD_V10 odoo.addons.base: Request from 192.168.1.100 processed in 269ms
2026-04-22 12:13:57,791 643416 INFO PROD_DB_01 odoo.http: Request from 192.168.1.119 processed in 90ms
2026-04-22 12:13:59,958 643420 ERROR ? werkzeug: psycopg2.OperationalError: connection to server failed
2026-04-22 12:14:02,058 643420 INFO MASTER_BASE_DEMO_STD_V10 werkzeug: Registry loaded for database MASTER_BASE_DEMO_STD_V10
2026-04-22 12:14:05,026 643419 ERROR ? odoo.sql_db: HTTP 500 Internal Server Error on /web/action/load
2026-04-22 12:14:07,909 643417 DEBUG MASTER_BASE_DEMO_STD_V10 odoo.addons.base.models: SELECT id, name FROM res_partner WHERE active = true LIMIT 80
2026-04-22 12:14:09,799 643420 DEBUG MASTER_BASE_DEMO_STD_V10 odoo.addons.base.models: Registry cache hit for model res.users
2026-04-22 12:14:12,103 643418 INFO MASTER_BASE_DEMO_STD_V10 odoo.http: Worker (643418) serving request count: 85, registry count: 1.
2026-04-22 12:14:12,885 643416 WARNING MASTER_BASE_DEMO_STD_V10 werkzeug: Slow query detected: 2.58s
2026-04-22 12:14:13,473 643415 ERROR MASTER_BASE_DEMO_STD_V10 odoo.service.server: psycopg2.OperationalError: connection to server failed
2026-04-22 12:14:15,561 643418 WARNING MASTER_BASE_DEMO_STD_V10 werkzeug: Memory usage high: 84%
2026-04-22 12:14:15,936 643418 DEBUG MASTER_BASE_DEMO_STD_V10 odoo.sql_db: Registry cache hit for model res.users
2026-04-22 12:14:16,743 643415 INFO PROD_DB_01 odoo.service.server: HTTP POST /web/dataset/call_kw/res.partner/read HTTP/1.1 200
2026-04-22 12:14:18,149 643417 ERROR MASTER_BASE_DEMO_STD_V10 odoo.sql_db: AccessError: You do not have access rights to write on res.partner
2026-04-22 12:14:18,859 643416 DEBUG MASTER_BASE_DEMO_STD_V10 odoo.modules.registry: SELECT id, name FROM res_partner WHERE active = true LIMIT 80
2026-04-22 12:14:20,134 643415 INFO ? odoo.service.server: Registry loaded for database ?
2026-04-22 12:14:20,683 643416 DEBUG PROD_DB_01 odoo.modules.registry: Registry cache hit for model res.users
2026-04-22 12:14:21,589 643420 DEBUG MASTER_BASE_DEMO_STD_V10 odoo.addons.base.models: SELECT id, name FROM res_partner WHERE active = true LIMIT 80
2026-04-22 12:14:24,459 643418 DEBUG PROD_DB_01 odoo.modules.registry: Query time: 0.0308s
2026-04-22 12:14:26,864 643419 CRITICAL PROD_DB_01 odoo.service.server: Failed to load registry for PROD_DB_01: database does not exist
2026-04-22 12:14:29,218 643419 INFO ? werkzeug: Module base loaded in 0.659s
2026-04-22 12:14:29,274 643416 INFO ? odoo.service.server: Registry loaded for database ?
2026-04-22 12:14:29,510 643418 INFO MASTER_BASE_DEMO_STD_V10 odoo.service.server: Request from 192.168.1.164 processed in 108ms
2026-04-22 12:14:30,789 643417 INFO PROD_DB_01 odoo.service.server: HTTP POST /web/dataset/call_kw/res.partner/read HTTP/1.1 200
2026-04-22 12:14:30,958 643419 WARNING MASTER_BASE_DEMO_STD_V10 odoo.service.server: Deprecated method called in module sale
2026-04-22 12:14:31,564 643420 INFO ? odoo.addons.base: Registry loaded for database ?
2026-04-22 12:14:31,843 643420 WARNING PROD_DB_01 odoo.service.server: Connection pool near capacity: 80/100
2026-04-22 12:14:32,164 643417 ERROR PROD_DB_01 odoo.sql_db: HTTP 500 Internal Server Error on /web/action/load
2026-04-22 12:14:34,780 643418 INFO MASTER_BASE_DEMO_STD_V10 odoo.addons.base: Module base loaded in 1.528s
2026-04-22 12:14:36,118 643420 DEBUG PROD_DB_01 odoo.modules.registry: Query time: 0.0053s
2026-04-22 12:14:37,407 643418 INFO PROD_DB_01 odoo.modules.loading: Request from 192.168.1.29 processed in 196ms
2026-04-22 12:14:39,529 643418 INFO ? odoo.addons.base: HTTP POST /web/dataset/call_kw/res.partner/read HTTP/1.1 200
2026-04-22 12:14:40,919 643417 INFO MASTER_BASE_DEMO_STD_V10 odoo.addons.base: Registry loaded for database MASTER_BASE_DEMO_STD_V10
2026-04-22 12:14:43,892 643418 WARNING MASTER_BASE_DEMO_STD_V10 odoo.sql_db: Deprecated method called in module sale
2026-04-22 12:14:45,854 643417 ERROR MASTER_BASE_DEMO_STD_V10 odoo.service.server: psycopg2.OperationalError: connection to server failed
2026-04-22 12:14:47,182 643419 DEBUG MASTER_BASE_DEMO_STD_V10 odoo.modules.registry: Query time: 0.0108s
2026-04-22 12:14:48,539 643419 WARNING MASTER_BASE_DEMO_STD_V10 odoo.service.server: Deprecated method called in module sale
2026-04-22 12:14:50,881 643419 INFO MASTER_BASE_DEMO_STD_V10 odoo.addons.base: Module base loaded in 0.751s
2026-04-22 12:14:51,933 643419 INFO PROD_DB_01 odoo.addons.base: Worker (643419) serving request count: 70, registry count: 1.
2026-04-22 12:14:53,911 643415 ERROR MASTER_BASE_DEMO_STD_V10 odoo.sql_db: AccessError: You do not have access rights to write on res.partner
2026-04-22 12:14:54,313 643415 INFO MASTER_BASE_DEMO_STD_V10 odoo.addons.base: Registry loaded for database MASTER_BASE_DEMO_STD_V10
2026-04-22 12:14:55,819 643419 INFO MASTER_BASE_DEMO_STD_V10 odoo.addons.base: HTTP POST /web/dataset/call_kw/res.partner/read HTTP/1.1 200
2026-04-22 12:14:56,249 643416 WARNING ? odoo.sql_db: Slow query detected: 3.09s
2026-04-22 12:14:56,887 643416 WARNING PROD_DB_01 odoo.service.server: Memory usage high: 80%
2026-04-22 12:14:57,060 643418 INFO MASTER_BASE_DEMO_STD_V10 odoo.http: Module base loaded in 0.777s
2026-04-22 12:14:59,463 643419 INFO MASTER_BASE_DEMO_STD_V10 werkzeug: Request from 192.168.1.210 processed in 370ms
2026-04-22 12:15:01,695 643417 INFO ? odoo.modules.loading: Registry loaded for database ?
2026-04-22 12:15:02,015 643418 INFO ? werkzeug: Worker (643418) serving request count: 44, registry count: 1.
2026-04-22 12:15:04,779 643416 DEBUG ? odoo.sql_db: Query time: 0.0300s
2026-04-22 12:15:05,228 643419 WARNING MASTER_BASE_DEMO_STD_V10 odoo.service.server: Deprecated method called in module sale
2026-04-22 12:15:07,720 643420 WARNING ? odoo.service.server: Slow query detected: 3.23s
2026-04-22 12:15:10,148 643416 ERROR MASTER_BASE_DEMO_STD_V10 odoo.http: Traceback (most recent call last):
  File "/odoo/odoo/http.py", line 1234, in dispatch
    return self._dispatch()
ValueError: invalid literal for int() with base 10
2026-04-22 12:15:12,374 643418 INFO ? odoo.modules.loading: Module base loaded in 0.819s
2026-04-22 12:15:15,364 643418 CRITICAL PROD_DB_01 odoo.service.server: Failed to load registry for PROD_DB_01: database does not exist
2026-04-22 12:15:15,447 643419 DEBUG ? odoo.sql_db: Query time: 0.0428s
2026-04-22 12:15:15,714 643419 INFO PROD_DB_01 odoo.service.server: HTTP POST /web/dataset/call_kw/res.partner/read HTTP/1.1 200
2026-04-22 12:15:18,324 643418 INFO ? werkzeug: Worker (643418) serving request count: 70, registry count: 1.
2026-04-22 12:15:18,943 643418 INFO ? odoo.http: Worker (643418) serving request count: 20, registry count: 1.
2026-04-22 12:15:19,040 643416 INFO MASTER_BASE_DEMO_STD_V10 odoo.modules.loading: Worker (643416) serving request count: 63, registry count: 1.
2026-04-22 12:15:19,652 643415 DEBUG ? odoo.modules.registry: Cache lookup for user 90
2026-04-22 12:15:20,438 643419 INFO ? odoo.addons.base: Worker (643419) serving request count: 50, registry count: 1.
2026-04-22 12:15:22,964 643418 INFO ? odoo.modules.loading: HTTP POST /web/dataset/call_kw/res.partner/read HTTP/1.1 200
2026-04-22 12:15:24,517 643419 INFO MASTER_BASE_DEMO_STD_V10 odoo.addons.base: Registry loaded for database MASTER_BASE_DEMO_STD_V10
2026-04-22 12:15:24,894 643420 INFO PROD_DB_01 werkzeug: Request from 192.168.1.133 processed in 45ms
2026-04-22 12:15:26,879 643416 DEBUG MASTER_BASE_DEMO_STD_V10 odoo.addons.base.models: Query time: 0.0321s
2026-04-22 12:15:27,145 643419 ERROR MASTER_BASE_DEMO_STD_V10 werkzeug: AccessError: You do not have access rights to write on res.partner
2026-04-22 12:15:29,116 643419 DEBUG PROD_DB_01 odoo.modules.registry: Query time: 0.0183s
2026-04-22 12:15:29,310 643416 DEBUG PROD_DB_01 odoo.addons.base.models: SELECT id, name FROM res_partner WHERE active = true LIMIT 80
2026-04-22 12:15:31,298 643420 DEBUG MASTER_BASE_DEMO_STD_V10 odoo.addons.base.models: SELECT id, name FROM res_partner WHERE active = true LIMIT 80
2026-04-22 12:15:33,333 643417 INFO MASTER_BASE_DEMO_STD_V10 odoo.http: Module base loaded in 0.774s
2026-04-22 12:15:33,839 643415 DEBUG MASTER_BASE_DEMO_STD_V10 odoo.addons.base.models: Query time: 0.0229s
2026-04-22 12:15:34,856 643420 INFO MASTER_BASE_DEMO_STD_V10 odoo.http: Worker (643420) serving request count: 19, registry count: 1.
2026-04-22 12:15:36,597 643418 WARNING MASTER_BASE_DEMO_STD_V10 werkzeug: Connection pool near capacity: 85/100
2026-04-22 12:15:39,277 643415 INFO MASTER_BASE_DEMO_STD_V10 odoo.service.server: Registry loaded for database MASTER_BASE_DEMO_STD_V10
2026-04-22 12:15:41,508 643420 INFO ? werkzeug: Request from 192.168.1.68 processed in 79ms
2026-04-22 12:15:43,396 643417 INFO PROD_DB_01 odoo.addons.base: HTTP POST /web/dataset/call_kw/res.partner/read HTTP/1.1 200
2026-04-22 12:15:44,895 643420 ERROR ? odoo.service.server: HTTP 500 Internal Server Error on /web/action/load
2026-04-22 12:15:46,038 643417 WARNING PROD_DB_01 werkzeug: Slow query detected: 3.11s
2026-04-22 12:15:47,470 643419 DEBUG MASTER_BASE_DEMO_STD_V10 odoo.modules.registry: SELECT id, name FROM res_partner WHERE active = true LIMIT 80
2026-04-22 12:15:47,568 643415 INFO MASTER_BASE_DEMO_STD_V10 werkzeug: Worker (643415) serving request count: 93, registry count: 1.
2026-04-22 12:15:47,715 643415 DEBUG MASTER_BASE_DEMO_STD_V10 odoo.addons.base.models: SELECT id, name FROM res_partner WHERE active = true LIMIT 80
2026-04-22 12:15:48,256 643420 INFO MASTER_BASE_DEMO_STD_V10 werkzeug: Worker (643420) serving request count: 83, registry count: 1.
2026-04-22 12:15:51,155 643415 INFO PROD_DB_01 werkzeug: Module base loaded in 1.633s
2026-04-22 12:15:54,040 643418 ERROR PROD_DB_01 odoo.service.server: Traceback (most recent call last):
  File "/odoo/odoo/http.py", line 1234, in dispatch
    return self._dispatch()
ValueError: invalid literal for int() with base 10
2026-04-22 12:15:55,225 643415 WARNING ? werkzeug: Connection pool near capacity: 81/100
2026-04-22 12:15:57,079 643416 INFO MASTER_BASE_DEMO_STD_V10 odoo.addons.base: Worker (643416) serving request count: 83, registry count: 1.
2026-04-22 12:15:58,895 643419 INFO MASTER_BASE_DEMO_STD_V10 werkzeug: Request from 192.168.1.184 processed in 137ms
2026-04-22 12:15:59,971 643419 WARNING MASTER_BASE_DEMO_STD_V10 werkzeug: Memory usage high: 71%
2026-04-22 12:16:00,641 643417 DEBUG ? odoo.addons.base.models: Cache lookup for user 91
2026-04-22 12:16:02,477 643418 INFO MASTER_BASE_DEMO_STD_V10 odoo.addons.base: Registry loaded for database MASTER_BASE_DEMO_STD_V10
2026-04-22 12:16:04,850 643415 INFO PROD_DB_01 odoo.http: Request from 192.168.1.175 processed in 160ms
2026-04-22 12:16:07,089 643417 WARNING PROD_DB_01 odoo.sql_db: Slow query detected: 4.44s
2026-04-22 12:16:09,410 643416 INFO ? odoo.modules.loading: Module base loaded in 2.252s
2026-04-22 12:16:09,807 643418 ERROR ? odoo.http: Traceback (most recent call last):
  File "/odoo/odoo/http.py", line 1234, in dispatch
    return self._dispatch()
ValueError: invalid literal for int() with base 10
2026-04-22 12:16:10,647 643415 INFO MASTER_BASE_DEMO_STD_V10 werkzeug: Registry loaded for database MASTER_BASE_DEMO_STD_V10
2026-04-22 12:16:12,537 643419 ERROR MASTER_BASE_DEMO_STD_V10 odoo.sql_db: HTTP 500 Internal Server Error on /web/action/load
2026-04-22 12:16:13,970 643415 WARNING MASTER_BASE_DEMO_STD_V10 werkzeug: Slow query detected: 1.91s
2026-04-22 12:16:16,393 643420 INFO MASTER_BASE_DEMO_STD_V10 odoo.service.server: Registry loaded for database MASTER_BASE_DEMO_STD_V10
2026-04-22 12:16:16,630 643419 INFO MASTER_BASE_DEMO_STD_V10 odoo.service.server: Request from 192.168.1.45 processed in 328ms
2026-04-22 12:16:19,183 643418 INFO MASTER_BASE_DEMO_STD_V10 odoo.service.server: Worker (643418) serving request count: 77, registry count: 1.
2026-04-22 12:16:20,063 643415 INFO ? odoo.http: Module base loaded in 1.410s
2026-04-22 12:16:20,299 643416 DEBUG PROD_DB_01 odoo.sql_db: Cache lookup for user 19
2026-04-22 12:16:23,201 643416 INFO MASTER_BASE_DEMO_STD_V10 werkzeug: Request from 192.168.1.63 processed in 478ms
2026-04-22 12:16:25,759 643420 INFO MASTER_BASE_DEMO_STD_V10 odoo.service.server: Worker (643420) serving request count: 11, registry count: 1.
2026-04-22 12:16:28,703 643415 DEBUG PROD_DB_01 odoo.modules.registry: Cache lookup for user 99
2026-04-22 12:16:29,272 643420 INFO PROD_DB_01 odoo.addons.base: HTTP POST /web/dataset/call_kw/res.partner/read HTTP/1.1 200
2026-04-22 12:16:29,476 643420 DEBUG ? odoo.addons.base.models: Query time: 0.0476s
2026-04-22 12:16:31,241 643417 INFO MASTER_BASE_DEMO_STD_V10 odoo.modules.loading: HTTP POST /web/dataset/call_kw/res.partner/read HTTP/1.1 200
2026-04-22 12:16:32,189 643419 INFO MASTER_BASE_DEMO_STD_V10 odoo.http: Registry loaded for database MASTER_BASE_DEMO_STD_V10
2026-04-22 12:16:32,961 643418 INFO MASTER_BASE_DEMO_STD_V10 odoo.service.server: Module base loaded in 0.603s
2026-04-22 12:16:35,537 643417 WARNING ? odoo.sql_db: Slow query detected: 1.87s
2026-04-22 12:16:35,706 643416 INFO MASTER_BASE_DEMO_STD_V10 odoo.service.server: HTTP POST /web/dataset/call_kw/res.partner/read HTTP/1.1 200
2026-04-22 12:16:37,472 643417 INFO PROD_DB_01 odoo.modules.loading: Worker (643417) serving request count: 42, registry count: 1.
2026-04-22 12:16:39,211 643420 WARNING ? odoo.http: Memory usage high: 71%
2026-04-22 12:16:40,146 643416 ERROR ? odoo.http: AccessError: You do not have access rights to write on res.partner
2026-04-22 12:16:40,754 643417 INFO MASTER_BASE_DEMO_STD_V10 odoo.http: Request from 192.168.1.250 processed in 143ms
2026-04-22 12:16:43,133 643420 INFO MASTER_BASE_DEMO_STD_V10 odoo.service.server: Module base loaded in 1.104s
2026-04-22 12:16:44,391 643416 DEBUG MASTER_BASE_DEMO_STD_V10 odoo.addons.base.models: SELECT id, name FROM res_partner WHERE active = true LIMIT 80
2026-04-22 12:16:46,578 643418 INFO MASTER_BASE_DEMO_STD_V10 odoo.addons.base: Registry loaded for database MASTER_BASE_DEMO_STD_V10
2026-04-22 12:16:47,638 643420 INFO ? odoo.addons.base: HTTP POST /web/dataset/call_kw/res.partner/read HTTP/1.1 200
2026-04-22 12:16:49,399 643415 CRITICAL MASTER_BASE_DEMO_STD_V10 odoo.service.server: Worker 643415 killed after timeout
2026-04-22 12:16:51,514 643420 INFO ? werkzeug: Registry loaded for database ?
2026-04-22 12:16:52,549 643418 INFO MASTER_BASE_DEMO_STD_V10 werkzeug: Worker (643418) serving request count: 17, registry count: 1.
2026-04-22 12:16:52,970 643420 INFO PROD_DB_01 odoo.modules.loading: Request from 192.168.1.181 processed in 240ms
2026-04-22 12:16:54,919 643418 WARNING ? odoo.http: Memory usage high: 90%
2026-04-22 12:16:57,563 643420 INFO MASTER_BASE_DEMO_STD_V10 werkzeug: Module base loaded in 1.374s
2026-04-22 12:16:58,718 643418 DEBUG MASTER_BASE_DEMO_STD_V10 odoo.addons.base.models: SELECT id, name FROM res_partner WHERE active = true LIMIT 80
2026-04-22 12:17:01,531 643419 INFO MASTER_BASE_DEMO_STD_V10 odoo.service.server: Module base loaded in 1.586s
2026-04-22 12:17:02,298 643417 DEBUG MASTER_BASE_DEMO_STD_V10 odoo.addons.base.models: Registry cache hit for model res.users
2026-04-22 12:17:03,325 643417 INFO ? odoo.addons.base: Worker (643417) serving request count: 90, registry count: 1.
2026-04-22 12:17:04,819 643417 ERROR ? odoo.service.server: psycopg2.OperationalError: connection to server failed
2026-04-22 12:17:06,396 643415 INFO ? odoo.addons.base: HTTP POST /web/dataset/call_kw/res.partner/read HTTP/1.1 200
2026-04-22 12:17:08,628 643420 ERROR ? odoo.service.server: psycopg2.OperationalError: connection to server failed
2026-04-22 12:17:10,553 643416 INFO ? odoo.modules.loading: Module base loaded in 0.362s
2026-04-22 12:17:13,458 643415 INFO MASTER_BASE_DEMO_STD_V10 odoo.modules.loading: Registry loaded for database MASTER_BASE_DEMO_STD_V10
2026-04-22 12:17:15,725 643420 ERROR ? odoo.service.server: AccessError: You do not have access rights to write on res.partner
2026-04-22 12:17:18,415 643418 INFO MASTER_BASE_DEMO_STD_V10 odoo.service.server: HTTP POST /web/dataset/call_kw/res.partner/read HTTP/1.1 200
2026-04-22 12:17:19,840 643420 INFO PROD_DB_01 odoo.http: HTTP POST /web/dataset/call_kw/res.partner/read HTTP/1.1 200
2026-04-22 12:17:21,765 643418 INFO MASTER_BASE_DEMO_STD_V10 odoo.http: Module base loaded in 0.644s
2026-04-22 12:17:22,008 643417 INFO PROD_DB_01 werkzeug: HTTP POST /web/dataset/call_kw/res.partner/read HTTP/1.1 200
2026-04-22 12:17:22,804 643417 CRITICAL MASTER_BASE_DEMO_STD_V10 odoo.service.server: Failed to load registry for MASTER_BASE_DEMO_STD_V10: database does not exist
2026-04-22 12:17:23,332 643416 INFO PROD_DB_01 odoo.addons.base: Worker (643416) serving request count: 34, registry count: 1.
2026-04-22 12:17:26,278 643419 INFO PROD_DB_01 odoo.http: Worker (643419) serving request count: 58, registry count: 1.
2026-04-22 12:17:27,563 643419 INFO MASTER_BASE_DEMO_STD_V10 werkzeug: Registry loaded for database MASTER_BASE_DEMO_STD_V10
2026-04-22 12:17:28,252 643417 INFO PROD_DB_01 odoo.http: HTTP POST /web/dataset/call_kw/res.partner/read HTTP/1.1 200
2026-04-22 12:17:28,904 643420 WARNING ? odoo.service.server: Slow query detected: 3.91s
2026-04-22 12:17:31,210 643420 INFO MASTER_BASE_DEMO_STD_V10 werkzeug: Request from 192.168.1.159 processed in 435ms
2026-04-22 12:17:31,485 643417 DEBUG MASTER_BASE_DEMO_STD_V10 odoo.addons.base.models: Query time: 0.0268s
2026-04-22 12:17:31,627 643416 INFO ? odoo.service.server: Module base loaded in 0.567s
2026-04-22 12:17:34,155 643419 INFO MASTER_BASE_DEMO_STD_V10 odoo.http: Module base loaded in 2.149s
2026-04-22 12:17:35,732 643418 INFO PROD_DB_01 odoo.http: Registry loaded for database PROD_DB_01
2026-04-22 12:17:37,484 643420 WARNING PROD_DB_01 odoo.http: Slow query detected: 4.32s
2026-04-22 12:17:39,983 643419 INFO MASTER_BASE_DEMO_STD_V10 odoo.http: Request from 192.168.1.122 processed in 449ms
2026-04-22 12:17:41,572 643419 INFO ? odoo.http: HTTP POST /web/dataset/call_kw/res.partner/read HTTP/1.1 200
2026-04-22 12:17:42,438 643416 INFO ? odoo.http: Module base loaded in 2.075s
2026-04-22 12:17:43,732 643419 INFO ? odoo.modules.loading: Module base loaded in 0.470s
2026-04-22 12:17:46,389 643420 INFO PROD_DB_01 werkzeug: Request from 192.168.1.46 processed in 256ms
2026-04-22 12:17:47,574 643415 INFO MASTER_BASE_DEMO_STD_V10 odoo.addons.base: Registry loaded for database MASTER_BASE_DEMO_STD_V10
2026-04-22 12:17:50,196 643417 DEBUG MASTER_BASE_DEMO_STD_V10 odoo.modules.registry: SELECT id, name FROM res_partner WHERE active = true LIMIT 80
2026-04-22 12:17:50,913 643417 DEBUG MASTER_BASE_DEMO_STD_V10 odoo.modules.registry: Registry cache hit for model res.users
2026-04-22 12:17:51,631 643417 INFO PROD_DB_01 werkzeug: Module base loaded in 0.217s
2026-04-22 12:17:54,298 643419 ERROR MASTER_BASE_DEMO_STD_V10 odoo.http: psycopg2.OperationalError: connection to server failed
2026-04-22 12:17:55,032 643419 INFO PROD_DB_01 odoo.http: Request from 192.168.1.70 processed in 355ms
2026-04-22 12:17:57,457 643419 INFO MASTER_BASE_DEMO_STD_V10 odoo.service.server: Registry loaded for database MASTER_BASE_DEMO_STD_V10
2026-04-22 12:17:58,900 643418 ERROR MASTER_BASE_DEMO_STD_V10 odoo.sql_db: Traceback (most recent call last):
  File "/odoo/odoo/http.py", line 1234, in dispatch
    return self._dispatch()
ValueError: invalid literal for int() with base 10
2026-04-22 12:18:01,011 643416 INFO MASTER_BASE_DEMO_STD_V10 odoo.addons.base: HTTP POST /web/dataset/call_kw/res.partner/read HTTP/1.1 200
2026-04-22 12:18:01,527 643420 INFO MASTER_BASE_DEMO_STD_V10 odoo.service.server: Module base loaded in 1.251s
2026-04-22 12:18:03,062 643420 INFO ? odoo.addons.base: Module base loaded in 0.513s
2026-04-22 12:18:03,597 643415 INFO MASTER_BASE_DEMO_STD_V10 odoo.modules.loading: Request from 192.168.1.79 processed in 69ms
2026-04-22 12:18:06,476 643418 WARNING MASTER_BASE_DEMO_STD_V10 odoo.sql_db: Deprecated method called in module sale
2026-04-22 12:18:06,967 643416 INFO MASTER_BASE_DEMO_STD_V10 werkzeug: Module base loaded in 0.204s
2026-04-22 12:18:07,059 643420 WARNING MASTER_BASE_DEMO_STD_V10 odoo.http: Connection pool near capacity: 86/100
2026-04-22 12:18:07,480 643415 INFO PROD_DB_01 odoo.addons.base: HTTP POST /web/dataset/call_kw/res.partner/read HTTP/1.1 200
2026-04-22 12:18:09,598 643416 DEBUG MASTER_BASE_DEMO_STD_V10 odoo.addons.base.models: Registry cache hit for model res.users
2026-04-22 12:18:10,432 643420 ERROR MASTER_BASE_DEMO_STD_V10 odoo.sql_db: psycopg2.OperationalError: connection to server failed
2026-04-22 12:18:12,547 643416 WARNING ? odoo.service.server: Deprecated method called in module sale
2026-04-22 12:18:14,050 643416 CRITICAL ? odoo.service.server: Failed to load registry for ?: database does not exist
2026-04-22 12:18:15,032 643419 INFO PROD_DB_01 odoo.service.server: Module base loaded in 0.426s
2026-04-22 12:18:16,262 643420 DEBUG MASTER_BASE_DEMO_STD_V10 odoo.sql_db: Cache lookup for user 15
2026-04-22 12:18:18,183 643417 DEBUG PROD_DB_01 odoo.addons.base.models: Registry cache hit for model res.users
2026-04-22 12:18:19,901 643419 INFO ? odoo.modules.loading: Module base loaded in 2.354s
2026-04-22 12:18:20,003 643416 CRITICAL ? odoo.service.server: Out of memory: killing worker
2026-04-22 12:18:21,676 643415 INFO MASTER_BASE_DEMO_STD_V10 odoo.service.server: Request from 192.168.1.37 processed in 207ms
2026-04-22 12:18:22,417 643420 INFO MASTER_BASE_DEMO_STD_V10 odoo.http: Registry loaded for database MASTER_BASE_DEMO_STD_V10
2026-04-22 12:18:24,511 643420 INFO PROD_DB_01 werkzeug: Registry loaded for database PROD_DB_01
2026-04-22 12:18:26,655 643418 INFO ? odoo.service.server: Worker (643418) serving request count: 63, registry count: 1.
2026-04-22 12:18:27,112 643415 DEBUG MASTER_BASE_DEMO_STD_V10 odoo.modules.registry: Cache lookup for user 23
2026-04-22 12:18:29,944 643419 INFO PROD_DB_01 odoo.addons.base: HTTP POST /web/dataset/call_kw/res.partner/read HTTP/1.1 200
2026-04-22 12:18:31,902 643418 INFO ? werkzeug: HTTP POST /web/dataset/call_kw/res.partner/read HTTP/1.1 200
2026-04-22 12:18:32,024 643419 ERROR MASTER_BASE_DEMO_STD_V10 werkzeug: psycopg2.OperationalError: connection to server failed
2026-04-22 12:18:33,917 643418 INFO ? werkzeug: Module base loaded in 0.524s
2026-04-22 12:18:34,639 643420 INFO MASTER_BASE_DEMO_STD_V10 odoo.http: HTTP POST /web/dataset/call_kw/res.partner/read HTTP/1.1 200
2026-04-22 12:18:36,698 643420 DEBUG ? odoo.modules.registry: SELECT id, name FROM res_partner WHERE active = true LIMIT 80
2026-04-22 12:18:37,826 643418 INFO ? odoo.addons.base: Module base loaded in 2.447s
2026-04-22 12:18:37,991 643415 DEBUG MASTER_BASE_DEMO_STD_V10 odoo.modules.registry: SELECT id, name FROM res_partner WHERE active = true LIMIT 80
2026-04-22 12:18:39,438 643420 INFO ? odoo.http: Worker (643420) serving request count: 53, registry count: 1.
2026-04-22 12:18:40,449 643416 DEBUG MASTER_BASE_DEMO_STD_V10 odoo.addons.base.models: SELECT id, name FROM res_partner WHERE active = true LIMIT 80
2026-04-22 12:18:41,194 643417 INFO PROD_DB_01 odoo.service.server: Registry loaded for database PROD_DB_01
2026-04-22 12:18:41,327 643417 DEBUG MASTER_BASE_DEMO_STD_V10 odoo.modules.registry: Query time: 0.0195s
2026-04-22 12:18:41,777 643419 WARNING MASTER_BASE_DEMO_STD_V10 odoo.http: Connection pool near capacity: 90/100
2026-04-22 12:18:43,612 643417 INFO MASTER_BASE_DEMO_STD_V10 odoo.addons.base: HTTP POST /web/dataset/call_kw/res.partner/read HTTP/1.1 200
2026-04-22 12:18:44,587 643418 DEBUG MASTER_BASE_DEMO_STD_V10 odoo.addons.base.models: Query time: 0.0424s
2026-04-22 12:18:44,912 643417 DEBUG ? odoo.modules.registry: Query time: 0.0113s
2026-04-22 12:18:46,190 643419 INFO PROD_DB_01 odoo.modules.loading: Registry loaded for database PROD_DB_01
2026-04-22 12:18:48,482 643420 INFO MASTER_BASE_DEMO_STD_V10 odoo.addons.base: Registry loaded for database MASTER_BASE_DEMO_STD_V10
2026-04-22 12:18:51,144 643417 INFO ? odoo.addons.base: Module base loaded in 1.353s
2026-04-22 12:18:51,799 643418 INFO PROD_DB_01 werkzeug: Registry loaded for database PROD_DB_01
2026-04-22 12:18:53,024 643417 DEBUG PROD_DB_01 odoo.addons.base.models: Registry cache hit for model res.users
2026-04-22 12:18:53,688 643415 INFO MASTER_BASE_DEMO_STD_V10 odoo.http: Registry loaded for database MASTER_BASE_DEMO_STD_V10
2026-04-22 12:18:53,889 643420 INFO PROD_DB_01 odoo.modules.loading: Worker (643420) serving request count: 36, registry count: 1.
2026-04-22 12:18:54,111 643420 ERROR ? odoo.sql_db: psycopg2.OperationalError: connection to server failed
2026-04-22 12:18:55,446 643415 DEBUG MASTER_BASE_DEMO_STD_V10 odoo.modules.registry: SELECT id, name FROM res_partner WHERE active = true LIMIT 80
2026-04-22 12:18:56,071 643418 INFO MASTER_BASE_DEMO_STD_V10 odoo.addons.base: HTTP POST /web/dataset/call_kw/res.partner/read HTTP/1.1 200
2026-04-22 12:18:58,154 643417 ERROR MASTER_BASE_DEMO_STD_V10 odoo.sql_db: HTTP 500 Internal Server Error on /web/action/load
2026-04-22 12:19:00,597 643417 DEBUG MASTER_BASE_DEMO_STD_V10 odoo.modules.registry: Registry cache hit for model res.users
2026-04-22 12:19:01,771 643416 INFO PROD_DB_01 odoo.addons.base: Request from 192.168.1.15 processed in 256ms
2026-04-22 12:19:04,056 643417 INFO MASTER_BASE_DEMO_STD_V10 odoo.http: Module base loaded in 0.971s
2026-04-22 12:19:04,192 643417 DEBUG MASTER_BASE_DEMO_STD_V10 odoo.addons.base.models: Registry cache hit for model res.users
2026-04-22 12:19:06,505 643417 INFO PROD_DB_01 odoo.service.server: Registry loaded for database PROD_DB_01
2026-04-22 12:19:08,164 643415 ERROR PROD_DB_01 odoo.service.server: psycopg2.OperationalError: connection to server failed
2026-04-22 12:19:09,432 643416 INFO MASTER_BASE_DEMO_STD_V10 werkzeug: Request from 192.168.1.162 processed in 167ms
2026-04-22 12:19:09,810 643417 WARNING ? werkzeug: Deprecated method called in module sale
2026-04-22 12:19:12,720 643416 INFO MASTER_BASE_DEMO_STD_V10 odoo.http: Module base loaded in 2.052s
2026-04-22 12:19:15,617 643418 INFO MASTER_BASE_DEMO_STD_V10 odoo.modules.loading: Registry loaded for database MASTER_BASE_DEMO_STD_V10
2026-04-22 12:19:18,240 643416 INFO MASTER_BASE_DEMO_STD_V10 odoo.service.server: Worker (643416) serving request count: 67, registry count: 1.
2026-04-22 12:19:21,098 643419 INFO PROD_DB_01 werkzeug: Worker (643419) serving request count: 95, registry count: 1.
2026-04-22 12:19:23,577 643420 WARNING PROD_DB_01 odoo.http: Memory usage high: 75%
2026-04-22 12:19:25,963 643418 INFO MASTER_BASE_DEMO_STD_V10 odoo.addons.base: Request from 192.168.1.166 processed in 318ms
2026-04-22 12:19:26,825 643418 INFO MASTER_BASE_DEMO_STD_V10 odoo.service.server: Worker (643418) serving request count: 55, registry count: 1.
2026-04-22 12:19:28,382 643415 INFO MASTER_BASE_DEMO_STD_V10 odoo.service.server: Registry loaded for database MASTER_BASE_DEMO_STD_V10
2026-04-22 12:19:30,456 643420 INFO MASTER_BASE_DEMO_STD_V10 odoo.modules.loading: Registry loaded for database MASTER_BASE_DEMO_STD_V10
2026-04-22 12:19:31,039 643418 INFO MASTER_BASE_DEMO_STD_V10 odoo.addons.base: Worker (643418) serving request count: 37, registry count: 1.
2026-04-22 12:19:31,827 643418 INFO MASTER_BASE_DEMO_STD_V10 odoo.service.server: Worker (643418) serving request count: 31, registry count: 1.
2026-04-22 12:19:34,264 643417 DEBUG ? odoo.sql_db: Query time: 0.0015s
2026-04-22 12:19:35,942 643420 DEBUG ? odoo.addons.base.models: Query time: 0.0217s
2026-04-22 12:19:36,382 643415 DEBUG MASTER_BASE_DEMO_STD_V10 odoo.modules.registry: Query time: 0.0466s
2026-04-22 12:19:39,179 643419 ERROR MASTER_BASE_DEMO_STD_V10 odoo.sql_db: HTTP 500 Internal Server Error on /web/action/load
2026-04-22 12:19:41,767 643419 INFO ? odoo.http: Worker (643419) serving request count: 72, registry count: 1.
2026-04-22 12:19:42,512 643417 INFO PROD_DB_01 werkzeug: Registry loaded for database PROD_DB_01
2026-04-22 12:19:43,628 643416 INFO MASTER_BASE_DEMO_STD_V10 odoo.modules.loading: Registry loaded for database MASTER_BASE_DEMO_STD_V10
2026-04-22 12:19:44,756 643417 DEBUG PROD_DB_01 odoo.addons.base.models: Query time: 0.0163s
2026-04-22 12:19:46,818 643420 WARNING MASTER_BASE_DEMO_STD_V10 werkzeug: Slow query detected: 1.69s
2026-04-22 12:19:47,014 643416 INFO MASTER_BASE_DEMO_STD_V10 werkzeug: Module base loaded in 0.198s
2026-04-22 12:19:49,361 643420 INFO ? odoo.service.server: Request from 192.168.1.217 processed in 373ms
2026-04-22 12:19:50,574 643416 INFO MASTER_BASE_DEMO_STD_V10 odoo.addons.base: HTTP POST /web/dataset/call_kw/res.partner/read HTTP/1.1 200
2026-04-22 12:19:53,014 643416 CRITICAL MASTER_BASE_DEMO_STD_V10 odoo.service.server: Out of memory: killing worker
2026-04-22 12:19:53,803 643419 INFO MASTER_BASE_DEMO_STD_V10 odoo.modules.loading: Module base loaded in 0.326s
2026-04-22 12:19:55,017 643415 DEBUG MASTER_BASE_DEMO_STD_V10 odoo.modules.registry: Query time: 0.0193s
2026-04-22 12:19:55,185 643416 INFO ? werkzeug: Request from 192.168.1.161 processed in 494ms
2026-04-22 12:19:55,414 643417 DEBUG ? odoo.modules.registry: Registry cache hit for model res.users
2026-04-22 12:19:55,663 643416 WARNING PROD_DB_01 odoo.service.server: Memory usage high: 87%
2026-04-22 12:19:57,346 643415 INFO MASTER_BASE_DEMO_STD_V10 werkzeug: Registry loaded for database MASTER_BASE_DEMO_STD_V10
2026-04-22 12:20:00,046 643417 WARNING MASTER_BASE_DEMO_STD_V10 odoo.sql_db: Slow query detected: 2.54s
2026-04-22 12:20:02,821 643417 INFO PROD_DB_01 odoo.addons.base: Registry loaded for database PROD_DB_01
2026-04-22 12:20:05,177 643417 DEBUG MASTER_BASE_DEMO_STD_V10 odoo.modules.registry: Registry cache hit for model res.users
2026-04-22 12:20:07,810 643418 INFO MASTER_BASE_DEMO_STD_V10 odoo.addons.base: Worker (643418) serving request count: 87, registry count: 1.
2026-04-22 12:20:10,019 643418 DEBUG MASTER_BASE_DEMO_STD_V10 odoo.modules.registry: Cache lookup for user 11
2026-04-22 12:20:10,677 643417 CRITICAL PROD_DB_01 odoo.service.server: Failed to load registry for PROD_DB_01: database does not exist
2026-04-22 12:20:12,478 643419 INFO MASTER_BASE_DEMO_STD_V10 odoo.addons.base: HTTP POST /web/dataset/call_kw/res.partner/read HTTP/1.1 200
2026-04-22 12:20:14,219 643418 INFO PROD_DB_01 odoo.http: Request from 192.168.1.66 processed in 304ms
2026-04-22 12:20:16,978 643415 INFO MASTER_BASE_DEMO_STD_V10 werkzeug: Module base loaded in 2.204s
2026-04-22 12:20:19,433 643417 DEBUG ? odoo.addons.base.models: Registry cache hit for model res.users
2026-04-22 12:20:20,241 643416 INFO PROD_DB_01 odoo.service.server: Request from 192.168.1.112 processed in 278ms
2026-04-22 12:20:20,994 643415 DEBUG ? odoo.addons.base.models: Cache lookup for user 85
2026-04-22 12:20:23,577 643417 WARNING PROD_DB_01 werkzeug: Slow query detected: 4.32s
2026-04-22 12:20:24,408 643415 INFO MASTER_BASE_DEMO_STD_V10 odoo.modules.loading: Worker (643415) serving request count: 27, registry count: 1.
2026-04-22 12:20:25,448 643420 INFO MASTER_BASE_DEMO_STD_V10 odoo.service.server: Registry loaded for database MASTER_BASE_DEMO_STD_V10
2026-04-22 12:20:25,975 643415 INFO MASTER_BASE_DEMO_STD_V10 werkzeug: Registry loaded for database MASTER_BASE_DEMO_STD_V10
2026-04-22 12:20:27,018 643419 INFO ? odoo.service.server: Registry loaded for database ?
2026-04-22 12:20:29,098 643418 DEBUG PROD_DB_01 odoo.sql_db: Cache lookup for user 63
2026-04-22 12:20:32,073 643416 INFO MASTER_BASE_DEMO_STD_V10 werkzeug: Registry loaded for database MASTER_BASE_DEMO_STD_V10
2026-04-22 12:20:32,601 643418 INFO PROD_DB_01 werkzeug: Worker (643418) serving request count: 3, registry count: 1.
2026-04-22 12:20:34,059 643418 INFO MASTER_BASE_DEMO_STD_V10 odoo.addons.base: Registry loaded for database MASTER_BASE_DEMO_STD_V10
2026-04-22 12:20:35,310 643416 DEBUG ? odoo.modules.registry: Query time: 0.0418s
2026-04-22 12:20:36,023 643418 DEBUG PROD_DB_01 odoo.addons.base.models: Cache lookup for user 86
2026-04-22 12:20:36,782 643416 INFO ? odoo.service.server: Worker (643416) serving request count: 64, registry count: 1.
2026-04-22 12:20:37,024 643419 CRITICAL PROD_DB_01 odoo.service.server: Worker 643419 killed after timeout
2026-04-22 12:20:39,846 643417 INFO MASTER_BASE_DEMO_STD_V10 odoo.service.server: Request from 192.168.1.87 processed in 225ms
2026-04-22 12:20:40,813 643419 INFO PROD_DB_01 odoo.http: Module base loaded in 2.207s
2026-04-22 12:20:43,689 643416 WARNING MASTER_BASE_DEMO_STD_V10 odoo.sql_db: Deprecated method called in module sale
2026-04-22 12:20:46,239 643415 DEBUG MASTER_BASE_DEMO_STD_V10 odoo.addons.base.models: Registry cache hit for model res.users
2026-04-22 12:20:46,772 643420 WARNING PROD_DB_01 odoo.http: Memory usage high: 86%
2026-04-22 12:20:47,228 643420 INFO PROD_DB_01 odoo.http: Registry loaded for database PROD_DB_01
2026-04-22 12:20:47,304 643418 INFO ? odoo.http: Module base loaded in 0.305s
2026-04-22 12:20:49,053 643420 INFO MASTER_BASE_DEMO_STD_V10 odoo.modules.loading: Worker (643420) serving request count: 68, registry count: 1.
2026-04-22 12:20:50,859 643416 INFO ? werkzeug: Module base loaded in 2.007s
2026-04-22 12:20:52,721 643415 INFO MASTER_BASE_DEMO_STD_V10 odoo.addons.base: Registry loaded for database MASTER_BASE_DEMO_STD_V10
2026-04-22 12:20:54,548 643416 INFO MASTER_BASE_DEMO_STD_V10 odoo.modules.loading: HTTP POST /web/dataset/call_kw/res.partner/read HTTP/1.1 200
2026-04-22 12:20:56,315 643417 INFO PROD_DB_01 odoo.http: HTTP POST /web/dataset/call_kw/res.partner/read HTTP/1.1 200
2026-04-22 12:20:56,966 643419 DEBUG ? odoo.addons.base.models: Cache lookup for user 70
2026-04-22 12:20:58,430 643420 ERROR ? odoo.http: HTTP 500 Internal Server Error on /web/action/load
2026-04-22 12:20:58,631 643415 INFO ? odoo.modules.loading: HTTP POST /web/dataset/call_kw/res.partner/read HTTP/1.1 200
2026-04-22 12:20:59,959 643419 INFO MASTER_BASE_DEMO_STD_V10 odoo.service.server: Worker (643419) serving request count: 70, registry count: 1.
2026-04-22 12:21:01,740 643417 CRITICAL MASTER_BASE_DEMO_STD_V10 odoo.service.server: Out of memory: killing worker
2026-04-22 12:21:03,317 643415 INFO PROD_DB_01 odoo.service.server: Registry loaded for database PROD_DB_01
2026-04-22 12:21:05,711 643417 DEBUG ? odoo.modules.registry: Registry cache hit for model res.users
2026-04-22 12:21:06,986 643417 INFO MASTER_BASE_DEMO_STD_V10 werkzeug: HTTP POST /web/dataset/call_kw/res.partner/read HTTP/1.1 200
2026-04-22 12:21:07,824 643419 WARNING PROD_DB_01 werkzeug: Deprecated method called in module sale
2026-04-22 12:21:08,128 643415 INFO MASTER_BASE_DEMO_STD_V10 werkzeug: HTTP POST /web/dataset/call_kw/res.partner/read HTTP/1.1 200
2026-04-22 12:21:10,587 643418 DEBUG ? odoo.modules.registry: Cache lookup for user 82
2026-04-22 12:21:13,459 643418 ERROR ? werkzeug: Traceback (most recent call last):
  File "/odoo/odoo/http.py", line 1234, in dispatch
    return self._dispatch()
ValueError: invalid literal for int() with base 10
2026-04-22 12:21:15,580 643416 INFO ? odoo.modules.loading: Request from 192.168.1.248 processed in 365ms
2026-04-22 12:21:16,500 643420 INFO MASTER_BASE_DEMO_STD_V10 odoo.modules.loading: Request from 192.168.1.242 processed in 291ms
2026-04-22 12:21:18,223 643419 INFO PROD_DB_01 odoo.addons.base: Module base loaded in 0.468s
2026-04-22 12:21:19,806 643417 INFO ? odoo.service.server: Registry loaded for database ?
2026-04-22 12:21:21,105 643415 ERROR MASTER_BASE_DEMO_STD_V10 odoo.http: AccessError: You do not have access rights to write on res.partner
2026-04-22 12:21:21,656 643415 INFO MASTER_BASE_DEMO_STD_V10 odoo.service.server: Registry loaded for database MASTER_BASE_DEMO_STD_V10
2026-04-22 12:21:23,251 643417 INFO MASTER_BASE_DEMO_STD_V10 odoo.modules.loading: Registry loaded for database MASTER_BASE_DEMO_STD_V10
2026-04-22 12:21:24,633 643416 INFO ? werkzeug: Request from 192.168.1.60 processed in 465ms
2026-04-22 12:21:26,497 643420 DEBUG MASTER_BASE_DEMO_STD_V10 odoo.sql_db: Query time: 0.0357s
2026-04-22 12:21:29,189 643419 INFO MASTER_BASE_DEMO_STD_V10 odoo.modules.loading: Request from 192.168.1.245 processed in 321ms
2026-04-22 12:21:31,376 643419 INFO ? odoo.addons.base: HTTP POST /web/dataset/call_kw/res.partner/read HTTP/1.1 200
2026-04-22 12:21:31,503 643416 INFO MASTER_BASE_DEMO_STD_V10 odoo.modules.loading: HTTP POST /web/dataset/call_kw/res.partner/read HTTP/1.1 200
2026-04-22 12:21:32,865 643419 INFO MASTER_BASE_DEMO_STD_V10 werkzeug: Worker (643419) serving request count: 3, registry count: 1.
2026-04-22 12:21:33,013 643418 WARNING PROD_DB_01 werkzeug: Slow query detected: 2.40s
2026-04-22 12:21:33,652 643417 INFO MASTER_BASE_DEMO_STD_V10 odoo.modules.loading: Request from 192.168.1.79 processed in 492ms
2026-04-22 12:21:35,034 643419 INFO MASTER_BASE_DEMO_STD_V10 odoo.http: Module base loaded in 0.442s
2026-04-22 12:21:36,622 643417 ERROR MASTER_BASE_DEMO_STD_V10 odoo.sql_db: Traceback (most recent call last):
  File "/odoo/odoo/http.py", line 1234, in dispatch
    return self._dispatch()
ValueError: invalid literal for int() with base 10
2026-04-22 12:21:39,117 643416 DEBUG ? odoo.addons.base.models: SELECT id, name FROM res_partner WHERE active = true LIMIT 80
2026-04-22 12:21:39,415 643417 INFO ? odoo.service.server: Request from 192.168.1.124 processed in 19ms
2026-04-22 12:21:41,734 643417 ERROR MASTER_BASE_DEMO_STD_V10 odoo.http: Traceback (most recent call last):
  File "/odoo/odoo/http.py", line 1234, in dispatch
    return self._dispatch()
ValueError: invalid literal for int() with base 10
2026-04-22 12:21:44,111 643417 INFO MASTER_BASE_DEMO_STD_V10 odoo.addons.base: Worker (643417) serving request count: 19, registry count: 1.
2026-04-22 12:21:46,362 643416 ERROR ? odoo.sql_db: psycopg2.OperationalError: connection to server failed
2026-04-22 12:21:48,954 643418 INFO MASTER_BASE_DEMO_STD_V10 odoo.service.server: Module base loaded in 0.756s
2026-04-22 12:21:50,561 643420 CRITICAL MASTER_BASE_DEMO_STD_V10 odoo.service.server: Out of memory: killing worker
2026-04-22 12:21:51,763 643419 INFO MASTER_BASE_DEMO_STD_V10 odoo.http: Worker (643419) serving request count: 90, registry count: 1.
2026-04-22 12:21:54,092 643420 CRITICAL ? odoo.service.server: Failed to load registry for ?: database does not exist
2026-04-22 12:21:56,209 643419 ERROR PROD_DB_01 odoo.service.server: HTTP 500 Internal Server Error on /web/action/load
2026-04-22 12:21:58,113 643420 INFO PROD_DB_01 odoo.http: Worker (643420) serving request count: 77, registry count: 1.
2026-04-22 12:21:58,171 643420 DEBUG MASTER_BASE_DEMO_STD_V10 odoo.sql_db: Cache lookup for user 53
2026-04-22 12:22:00,425 643418 INFO MASTER_BASE_DEMO_STD_V10 odoo.addons.base: Request from 192.168.1.8 processed in 461ms
2026-04-22 12:22:02,016 643417 WARNING PROD_DB_01 werkzeug: Memory usage high: 73%
2026-04-22 12:22:02,856 643417 INFO MASTER_BASE_DEMO_STD_V10 odoo.service.server: Module base loaded in 2.311s
2026-04-22 12:22:03,274 643416 WARNING PROD_DB_01 odoo.http: Deprecated method called in module sale
2026-04-22 12:22:05,342 643417 ERROR MASTER_BASE_DEMO_STD_V10 odoo.sql_db: Traceback (most recent call last):
  File "/odoo/odoo/http.py", line 1234, in dispatch
    return self._dispatch()
ValueError: invalid literal for int() with base 10
2026-04-22 12:22:07,014 643420 INFO PROD_DB_01 odoo.addons.base: HTTP POST /web/dataset/call_kw/res.partner/read HTTP/1.1 200
2026-04-22 12:22:09,859 643420 DEBUG MASTER_BASE_DEMO_STD_V10 odoo.sql_db: SELECT id, name FROM res_partner WHERE active = true LIMIT 80
2026-04-22 12:22:10,972 643416 ERROR MASTER_BASE_DEMO_STD_V10 odoo.service.server: Traceback (most recent call last):
  File "/odoo/odoo/http.py", line 1234, in dispatch
    return self._dispatch()
ValueError: invalid literal for int() with base 10
2026-04-22 12:22:11,116 643420 CRITICAL PROD_DB_01 odoo.service.server: Out of memory: killing worker
2026-04-22 12:22:13,025 643419 INFO ? odoo.service.server: Registry loaded for database ?
2026-04-22 12:22:13,573 643417 DEBUG ? odoo.modules.registry: SELECT id, name FROM res_partner WHERE active = true LIMIT 80
2026-04-22 12:22:14,542 643420 INFO ? odoo.addons.base: Module base loaded in 1.040s
2026-04-22 12:22:16,934 643415 WARNING MASTER_BASE_DEMO_STD_V10 werkzeug: Slow query detected: 4.85s
2026-04-22 12:22:18,257 643417 INFO MASTER_BASE_DEMO_STD_V10 odoo.service.server: Module base loaded in 1.522s
2026-04-22 12:22:19,319 643417 INFO MASTER_BASE_DEMO_STD_V10 odoo.http: Worker (643417) serving request count: 43, registry count: 1.
2026-04-22 12:22:21,826 643415 DEBUG MASTER_BASE_DEMO_STD_V10 odoo.addons.base.models: SELECT id, name FROM res_partner WHERE active = true LIMIT 80
2026-04-22 12:22:22,012 643415 INFO MASTER_BASE_DEMO_STD_V10 odoo.modules.loading: HTTP POST /web/dataset/call_kw/res.partner/read HTTP/1.1 200
2026-04-22 12:22:23,830 643420 INFO MASTER_BASE_DEMO_STD_V10 odoo.addons.base: HTTP POST /web/dataset/call_kw/res.partner/read HTTP/1.1 200
2026-04-22 12:22:24,834 643418 WARNING MASTER_BASE_DEMO_STD_V10 werkzeug: Deprecated method called in module sale
2026-04-22 12:22:27,550 643417 ERROR MASTER_BASE_DEMO_STD_V10 werkzeug: HTTP 500 Internal Server Error on /web/action/load
2026-04-22 12:22:28,388 643419 INFO MASTER_BASE_DEMO_STD_V10 odoo.addons.base: Worker (643419) serving request count: 76, registry count: 1.
2026-04-22 12:22:28,954 643419 DEBUG PROD_DB_01 odoo.modules.registry: Cache lookup for user 93
2026-04-22 12:22:29,999 643416 INFO MASTER_BASE_DEMO_STD_V10 odoo.service.server: Module base loaded in 1.146s
2026-04-22 12:22:32,439 643417 ERROR MASTER_BASE_DEMO_STD_V10 odoo.http: AccessError: You do not have access rights to write on res.partner
2026-04-22 12:22:34,960 643417 INFO PROD_DB_01 odoo.service.server: Request from 192.168.1.133 processed in 305ms
2026-04-22 12:22:37,087 643416 WARNING MASTER_BASE_DEMO_STD_V10 werkzeug: Slow query detected: 2.70s
2026-04-22 12:22:38,535 643415 INFO ? werkzeug: HTTP POST /web/dataset/call_kw/res.partner/read HTTP/1.1 200
2026-04-22 12:22:41,108 643417 INFO PROD_DB_01 odoo.modules.loading: Request from 192.168.1.27 processed in 237ms
2026-04-22 12:22:42,071 643420 DEBUG ? odoo.addons.base.models: Query time: 0.0114s
2026-04-22 12:22:43,660 643420 INFO MASTER_BASE_DEMO_STD_V10 odoo.service.server: HTTP POST /web/dataset/call_kw/res.partner/read HTTP/1.1 200
2026-04-22 12:22:44,293 643415 INFO MASTER_BASE_DEMO_STD_V10 odoo.addons.base: Request from 192.168.1.234 processed in 396ms
2026-04-22 12:22:45,153 643416 INFO MASTER_BASE_DEMO_STD_V10 odoo.http: Worker (643416) serving request count: 44, registry count: 1.
2026-04-22 12:22:46,005 643416 INFO PROD_DB_01 odoo.service.server: Request from 192.168.1.6 processed in 430ms
2026-04-22 12:22:46,916 643417 INFO MASTER_BASE_DEMO_STD_V10 odoo.http: HTTP POST /web/dataset/call_kw/res.partner/read HTTP/1.1 200
2026-04-22 12:22:48,742 643419 WARNING MASTER_BASE_DEMO_STD_V10 odoo.sql_db: Slow query detected: 2.01s
2026-04-22 12:22:50,341 643419 DEBUG PROD_DB_01 odoo.addons.base.models: Registry cache hit for model res.users
2026-04-22 12:22:52,914 643415 DEBUG PROD_DB_01 odoo.sql_db: Query time: 0.0171s
2026-04-22 12:22:55,045 643416 ERROR ? odoo.http: psycopg2.OperationalError: connection to server failed
2026-04-22 12:22:57,812 643418 DEBUG MASTER_BASE_DEMO_STD_V10 odoo.addons.base.models: Query time: 0.0200s
2026-04-22 12:22:59,987 643418 INFO PROD_DB_01 odoo.http: Registry loaded for database PROD_DB_01
2026-04-22 12:23:01,136 643418 DEBUG MASTER_BASE_DEMO_STD_V10 odoo.sql_db: Cache lookup for user 26
2026-04-22 12:23:02,807 643416 INFO ? werkzeug: Request from 192.168.1.147 processed in 85ms
2026-04-22 12:23:03,201 643416 INFO PROD_DB_01 odoo.modules.loading: Module base loaded in 1.329s
2026-04-22 12:23:05,098 643418 INFO ? odoo.http: Request from 192.168.1.206 processed in 259ms
2026-04-22 12:23:06,957 643416 INFO MASTER_BASE_DEMO_STD_V10 odoo.http: HTTP POST /web/dataset/call_kw/res.partner/read HTTP/1.1 200
2026-04-22 12:23:09,643 643419 INFO PROD_DB_01 odoo.modules.loading: HTTP POST /web/dataset/call_kw/res.partner/read HTTP/1.1 200
2026-04-22 12:23:11,060 643416 INFO PROD_DB_01 odoo.http: Module base loaded in 1.740s
2026-04-22 12:23:14,000 643416 DEBUG MASTER_BASE_DEMO_STD_V10 odoo.addons.base.models: SELECT id, name FROM res_partner WHERE active = true LIMIT 80
2026-04-22 12:23:15,204 643417 WARNING ? werkzeug: Slow query detected: 4.38s
2026-04-22 12:23:16,186 643418 INFO MASTER_BASE_DEMO_STD_V10 werkzeug: Registry loaded for database MASTER_BASE_DEMO_STD_V10
2026-04-22 12:23:18,125 643420 INFO MASTER_BASE_DEMO_STD_V10 odoo.http: Registry loaded for database MASTER_BASE_DEMO_STD_V10
2026-04-22 12:23:19,971 643416 INFO MASTER_BASE_DEMO_STD_V10 odoo.http: Request from 192.168.1.36 processed in 300ms
2026-04-22 12:23:22,719 643418 WARNING PROD_DB_01 odoo.http: Connection pool near capacity: 92/100
2026-04-22 12:23:25,173 643417 INFO MASTER_BASE_DEMO_STD_V10 odoo.modules.loading: HTTP POST /web/dataset/call_kw/res.partner/read HTTP/1.1 200
2026-04-22 12:23:27,573 643419 WARNING ? odoo.http: Memory usage high: 87%
2026-04-22 12:23:29,567 643416 INFO ? odoo.http: Worker (643416) serving request count: 14, registry count: 1.
2026-04-22 12:23:32,439 643415 DEBUG MASTER_BASE_DEMO_STD_V10 odoo.sql_db: Query time: 0.0108s
2026-04-22 12:23:33,443 643416 INFO MASTER_BASE_DEMO_STD_V10 werkzeug: Module base loaded in 0.127s
2026-04-22 12:23:35,094 643418 INFO MASTER_BASE_DEMO_STD_V10 odoo.modules.loading: Registry loaded for database MASTER_BASE_DEMO_STD_V10
2026-04-22 12:23:35,676 643416 WARNING PROD_DB_01 werkzeug: Connection pool near capacity: 95/100
2026-04-22 12:23:36,557 643419 INFO ? odoo.http: Registry loaded for database ?
2026-04-22 12:23:37,618 643419 INFO ? werkzeug: Module base loaded in 1.869s
2026-04-22 12:23:39,537 643420 INFO PROD_DB_01 werkzeug: Worker (643420) serving request count: 23, registry count: 1.
2026-04-22 12:23:41,356 643419 INFO MASTER_BASE_DEMO_STD_V10 odoo.addons.base: Worker (643419) serving request count: 90, registry count: 1.
2026-04-22 12:23:42,527 643416 ERROR PROD_DB_01 odoo.sql_db: Traceback (most recent call last):
  File "/odoo/odoo/http.py", line 1234, in dispatch
    return self._dispatch()
ValueError: invalid literal for int() with base 10
2026-04-22 12:23:44,261 643418 CRITICAL MASTER_BASE_DEMO_STD_V10 odoo.service.server: Worker 643418 killed after timeout
2026-04-22 12:23:44,741 643415 INFO PROD_DB_01 werkzeug: Request from 192.168.1.116 processed in 89ms
2026-04-22 12:23:44,900 643418 INFO ? werkzeug: Registry loaded for database ?
2026-04-22 12:23:44,993 643415 INFO MASTER_BASE_DEMO_STD_V10 odoo.http: Request from 192.168.1.172 processed in 388ms
2026-04-22 12:23:47,289 643415 DEBUG ? odoo.sql_db: Registry cache hit for model res.users
2026-04-22 12:23:47,412 643416 DEBUG MASTER_BASE_DEMO_STD_V10 odoo.modules.registry: Cache lookup for user 95
2026-04-22 12:23:47,779 643416 DEBUG MASTER_BASE_DEMO_STD_V10 odoo.addons.base.models: Query time: 0.0144s
2026-04-22 12:23:48,716 643416 DEBUG MASTER_BASE_DEMO_STD_V10 odoo.modules.registry: SELECT id, name FROM res_partner WHERE active = true LIMIT 80
2026-04-22 12:23:51,593 643418 INFO MASTER_BASE_DEMO_STD_V10 odoo.addons.base: Worker (643418) serving request count: 99, registry count: 1.
2026-04-22 12:23:53,177 643416 ERROR MASTER_BASE_DEMO_STD_V10 odoo.sql_db: psycopg2.OperationalError: connection to server failed
2026-04-22 12:23:53,341 643418 CRITICAL PROD_DB_01 odoo.service.server: Failed to load registry for PROD_DB_01: database does not exist
2026-04-22 12:23:56,131 643420 INFO MASTER_BASE_DEMO_STD_V10 odoo.modules.loading: Request from 192.168.1.186 processed in 90ms
2026-04-22 12:23:57,502 643417 DEBUG MASTER_BASE_DEMO_STD_V10 odoo.addons.base.models: Cache lookup for user 70
2026-04-22 12:23:58,046 643418 INFO MASTER_BASE_DEMO_STD_V10 odoo.http: Module base loaded in 1.065s
2026-04-22 12:23:59,690 643415 INFO MASTER_BASE_DEMO_STD_V10 odoo.service.server: Module base loaded in 1.660s
2026-04-22 12:24:00,015 643415 ERROR ? odoo.service.server: AccessError: You do not have access rights to write on res.partner
2026-04-22 12:24:02,983 643415 INFO MASTER_BASE_DEMO_STD_V10 odoo.http: Registry loaded for database MASTER_BASE_DEMO_STD_V10
2026-04-22 12:24:05,874 643420 INFO MASTER_BASE_DEMO_STD_V10 odoo.http: Module base loaded in 1.257s
2026-04-22 12:24:08,416 643415 ERROR ? werkzeug: Traceback (most recent call last):
  File "/odoo/odoo/http.py", line 1234, in dispatch
    return self._dispatch()
ValueError: invalid literal for int() with base 10
2026-04-22 12:24:10,872 643419 DEBUG MASTER_BASE_DEMO_STD_V10 odoo.sql_db: SELECT id, name FROM res_partner WHERE active = true LIMIT 80
2026-04-22 12:24:11,890 643417 DEBUG MASTER_BASE_DEMO_STD_V10 odoo.addons.base.models: Query time: 0.0049s
2026-04-22 12:24:13,154 643418 INFO ? odoo.modules.loading: HTTP POST /web/dataset/call_kw/res.partner/read HTTP/1.1 200
2026-04-22 12:24:14,550 643418 INFO PROD_DB_01 odoo.service.server: Module base loaded in 1.655s
2026-04-22 12:24:15,538 643415 WARNING PROD_DB_01 odoo.service.server: Slow query detected: 2.35s
2026-04-22 12:24:17,150 643419 INFO MASTER_BASE_DEMO_STD_V10 werkzeug: Request from 192.168.1.162 processed in 8ms
2026-04-22 12:24:17,413 643416 DEBUG MASTER_BASE_DEMO_STD_V10 odoo.sql_db: Registry cache hit for model res.users
2026-04-22 12:24:19,541 643416 INFO ? odoo.http: Worker (643416) serving request count: 26, registry count: 1.
2026-04-22 12:24:20,610 643419 INFO ? odoo.modules.loading: Module base loaded in 0.292s
2026-04-22 12:24:22,207 643418 INFO ? werkzeug: Worker (643418) serving request count: 95, registry count: 1.
2026-04-22 12:24:22,338 643418 WARNING ? odoo.sql_db: Slow query detected: 4.16s
2026-04-22 12:24:23,107 643419 INFO ? odoo.http: Registry loaded for database ?
2026-04-22 12:24:24,521 643415 INFO ? odoo.modules.loading: HTTP POST /web/dataset/call_kw/res.partner/read HTTP/1.1 200
2026-04-22 12:24:26,103 643420 INFO ? werkzeug: Module base loaded in 1.022s
2026-04-22 12:24:28,562 643420 INFO MASTER_BASE_DEMO_STD_V10 odoo.service.server: Registry loaded for database MASTER_BASE_DEMO_STD_V10
2026-04-22 12:24:30,039 643417 INFO ? odoo.http: Registry loaded for database ?
2026-04-22 12:24:31,099 643420 INFO MASTER_BASE_DEMO_STD_V10 odoo.http: Worker (643420) serving request count: 87, registry count: 1.
2026-04-22 12:24:33,628 643417 INFO MASTER_BASE_DEMO_STD_V10 odoo.http: Worker (643417) serving request count: 75, registry count: 1.
2026-04-22 12:24:34,156 643415 WARNING ? werkzeug: Slow query detected: 3.97s
2026-04-22 12:24:34,885 643418 WARNING PROD_DB_01 odoo.service.server: Connection pool near capacity: 92/100
2026-04-22 12:24:36,620 643420 WARNING MASTER_BASE_DEMO_STD_V10 odoo.sql_db: Connection pool near capacity: 91/100
2026-04-22 12:24:37,528 643420 ERROR ? odoo.service.server: psycopg2.OperationalError: connection to server failed
2026-04-22 12:24:39,592 643416 INFO MASTER_BASE_DEMO_STD_V10 werkzeug: Registry loaded for database MASTER_BASE_DEMO_STD_V10
2026-04-22 12:24:40,364 643416 INFO MASTER_BASE_DEMO_STD_V10 odoo.modules.loading: Registry loaded for database MASTER_BASE_DEMO_STD_V10
2026-04-22 12:24:41,284 643419 INFO MASTER_BASE_DEMO_STD_V10 odoo.modules.loading: Registry loaded for database MASTER_BASE_DEMO_STD_V10
2026-04-22 12:24:43,901 643418 ERROR MASTER_BASE_DEMO_STD_V10 odoo.http: psycopg2.OperationalError: connection to server failed
2026-04-22 12:24:44,302 643417 INFO PROD_DB_01 odoo.service.server: Registry loaded for database PROD_DB_01
2026-04-22 12:24:44,764 643420 INFO PROD_DB_01 odoo.service.server: HTTP POST /web/dataset/call_kw/res.partner/read HTTP/1.1 200
2026-04-22 12:24:46,352 643415 DEBUG PROD_DB_01 odoo.modules.registry: Cache lookup for user 44
2026-04-22 12:24:47,920 643417 DEBUG PROD_DB_01 odoo.modules.registry: Cache lookup for user 47
2026-04-22 12:24:50,471 643418 INFO PROD_DB_01 odoo.http: Registry loaded for database PROD_DB_01
2026-04-22 12:24:51,089 643420 INFO MASTER_BASE_DEMO_STD_V10 odoo.addons.base: Worker (643420) serving request count: 90, registry count: 1.
2026-04-22 12:24:52,990 643417 DEBUG ? odoo.addons.base.models: SELECT id, name FROM res_partner WHERE active = true LIMIT 80
2026-04-22 12:24:54,359 643420 INFO PROD_DB_01 odoo.service.server: Registry loaded for database PROD_DB_01
2026-04-22 12:24:56,894 643416 INFO MASTER_BASE_DEMO_STD_V10 odoo.http: Request from 192.168.1.110 processed in 485ms
2026-04-22 12:24:58,520 643420 INFO MASTER_BASE_DEMO_STD_V10 odoo.modules.loading: HTTP POST /web/dataset/call_kw/res.partner/read HTTP/1.1 200
2026-04-22 12:24:59,093 643415 INFO MASTER_BASE_DEMO_STD_V10 odoo.http: Registry loaded for database MASTER_BASE_DEMO_STD_V10
2026-04-22 12:25:00,970 643416 ERROR ? odoo.http: Traceback (most recent call last):
  File "/odoo/odoo/http.py", line 1234, in dispatch
    return self._dispatch()
ValueError: invalid literal for int() with base 10
2026-04-22 12:25:01,718 643416 WARNING MASTER_BASE_DEMO_STD_V10 odoo.sql_db: Connection pool near capacity: 80/100
2026-04-22 12:25:02,916 643418 INFO PROD_DB_01 werkzeug: Worker (643418) serving request count: 86, registry count: 1.
2026-04-22 12:25:05,561 643419 DEBUG MASTER_BASE_DEMO_STD_V10 odoo.addons.base.models: SELECT id, name FROM res_partner WHERE active = true LIMIT 80
2026-04-22 12:25:07,016 643420 INFO ? odoo.addons.base: Worker (643420) serving request count: 56, registry count: 1.
2026-04-22 12:25:07,539 643417 INFO MASTER_BASE_DEMO_STD_V10 odoo.service.server: Request from 192.168.1.88 processed in 384ms
2026-04-22 12:25:09,095 643419 INFO PROD_DB_01 werkzeug: HTTP POST /web/dataset/call_kw/res.partner/read HTTP/1.1 200
2026-04-22 12:25:09,922 643419 WARNING ? odoo.service.server: Slow query detected: 4.20s
2026-04-22 12:25:11,591 643415 INFO ? odoo.http: Registry loaded for database ?
2026-04-22 12:25:13,507 643420 INFO PROD_DB_01 odoo.modules.loading: Module base loaded in 0.182s
2026-04-22 12:25:15,614 643417 CRITICAL MASTER_BASE_DEMO_STD_V10 odoo.service.server: Worker 643417 killed after timeout
2026-04-22 12:25:18,014 643420 INFO MASTER_BASE_DEMO_STD_V10 werkzeug: Module base loaded in 0.241s
2026-04-22 12:25:20,999 643416 INFO MASTER_BASE_DEMO_STD_V10 odoo.service.server: Registry loaded for database MASTER_BASE_DEMO_STD_V10
2026-04-22 12:25:22,653 643420 INFO MASTER_BASE_DEMO_STD_V10 odoo.service.server: Registry loaded for database MASTER_BASE_DEMO_STD_V10
2026-04-22 12:25:24,306 643417 INFO PROD_DB_01 odoo.http: HTTP POST /web/dataset/call_kw/res.partner/read HTTP/1.1 200
2026-04-22 12:25:24,754 643418 INFO MASTER_BASE_DEMO_STD_V10 odoo.http: Registry loaded for database MASTER_BASE_DEMO_STD_V10
2026-04-22 12:25:26,780 643420 INFO MASTER_BASE_DEMO_STD_V10 odoo.modules.loading: Request from 192.168.1.56 processed in 416ms
2026-04-22 12:25:29,187 643417 INFO MASTER_BASE_DEMO_STD_V10 werkzeug: Request from 192.168.1.244 processed in 223ms
2026-04-22 12:25:30,693 643415 CRITICAL MASTER_BASE_DEMO_STD_V10 odoo.service.server: Failed to load registry for MASTER_BASE_DEMO_STD_V10: database does not exist
2026-04-22 12:25:32,854 643415 DEBUG ? odoo.sql_db: Registry cache hit for model res.users
2026-04-22 12:25:33,390 643415 INFO ? odoo.http: Registry loaded for database ?
2026-04-22 12:25:36,187 643420 DEBUG ? odoo.addons.base.models: Cache lookup for user 81
2026-04-22 12:25:36,284 643417 INFO MASTER_BASE_DEMO_STD_V10 odoo.service.server: Worker (643417) serving request count: 86, registry count: 1.
2026-04-22 12:25:38,737 643415 DEBUG ? odoo.modules.registry: Registry cache hit for model res.users
2026-04-22 12:25:40,770 643418 CRITICAL ? odoo.service.server: Worker 643418 killed after timeout
2026-04-22 12:25:41,332 643419 INFO MASTER_BASE_DEMO_STD_V10 odoo.addons.base: HTTP POST /web/dataset/call_kw/res.partner/read HTTP/1.1 200
2026-04-22 12:25:43,553 643419 INFO MASTER_BASE_DEMO_STD_V10 odoo.modules.loading: HTTP POST /web/dataset/call_kw/res.partner/read HTTP/1.1 200
2026-04-22 12:25:44,340 643420 INFO ? odoo.http: Worker (643420) serving request count: 17, registry count: 1.
2026-04-22 12:25:46,693 643415 INFO MASTER_BASE_DEMO_STD_V10 odoo.service.server: HTTP POST /web/dataset/call_kw/res.partner/read HTTP/1.1 200
2026-04-22 12:25:48,475 643416 CRITICAL MASTER_BASE_DEMO_STD_V10 odoo.service.server: Failed to load registry for MASTER_BASE_DEMO_STD_V10: database does not exist
2026-04-22 12:25:48,714 643417 ERROR PROD_DB_01 werkzeug: Traceback (most recent call last):
  File "/odoo/odoo/http.py", line 1234, in dispatch
    return self._dispatch()
ValueError: invalid literal for int() with base 10
2026-04-22 12:25:50,772 643419 DEBUG PROD_DB_01 odoo.addons.base.models: SELECT id, name FROM res_partner WHERE active = true LIMIT 80
2026-04-22 12:25:51,005 643420 INFO MASTER_BASE_DEMO_STD_V10 odoo.modules.loading: HTTP POST /web/dataset/call_kw/res.partner/read HTTP/1.1 200
2026-04-22 12:25:51,939 643419 DEBUG PROD_DB_01 odoo.sql_db: SELECT id, name FROM res_partner WHERE active = true LIMIT 80
2026-04-22 12:25:53,033 643419 INFO MASTER_BASE_DEMO_STD_V10 werkzeug: Worker (643419) serving request count: 33, registry count: 1.
2026-04-22 12:25:53,917 643419 INFO PROD_DB_01 odoo.modules.loading: HTTP POST /web/dataset/call_kw/res.partner/read HTTP/1.1 200
2026-04-22 12:25:54,638 643419 INFO MASTER_BASE_DEMO_STD_V10 odoo.http: HTTP POST /web/dataset/call_kw/res.partner/read HTTP/1.1 200
2026-04-22 12:25:55,005 643416 INFO MASTER_BASE_DEMO_STD_V10 odoo.addons.base: Module base loaded in 1.636s
2026-04-22 12:25:56,174 643417 INFO MASTER_BASE_DEMO_STD_V10 odoo.http: Worker (643417) serving request count: 49, registry count: 1.
2026-04-22 12:25:56,654 643418 WARNING MASTER_BASE_DEMO_STD_V10 odoo.http: Memory usage high: 88%
2026-04-22 12:25:58,870 643415 INFO PROD_DB_01 odoo.addons.base: Worker (643415) serving request count: 13, registry count: 1.
2026-04-22 12:26:00,515 643417 INFO ? werkzeug: HTTP POST /web/dataset/call_kw/res.partner/read HTTP/1.1 200
2026-04-22 12:26:01,201 643420 DEBUG MASTER_BASE_DEMO_STD_V10 odoo.modules.registry: SELECT id, name FROM res_partner WHERE active = true LIMIT 80
2026-04-22 12:26:03,869 643420 CRITICAL MASTER_BASE_DEMO_STD_V10 odoo.service.server: Out of memory: killing worker
2026-04-22 12:26:05,632 643419 DEBUG MASTER_BASE_DEMO_STD_V10 odoo.modules.registry: Query time: 0.0493s
2026-04-22 12:26:07,434 643417 INFO MASTER_BASE_DEMO_STD_V10 odoo.http: Registry loaded for database MASTER_BASE_DEMO_STD_V10
2026-04-22 12:26:07,853 643417 DEBUG MASTER_BASE_DEMO_STD_V10 odoo.addons.base.models: Registry cache hit for model res.users
2026-04-22 12:26:08,138 643419 INFO PROD_DB_01 odoo.addons.base: Registry loaded for database PROD_DB_01
2026-04-22 12:26:10,271 643420 ERROR MASTER_BASE_DEMO_STD_V10 werkzeug: AccessError: You do not have access rights to write on res.partner
2026-04-22 12:26:13,127 643419 CRITICAL MASTER_BASE_DEMO_STD_V10 odoo.service.server: Worker 643419 killed after timeout
2026-04-22 12:26:15,701 643415 INFO MASTER_BASE_DEMO_STD_V10 werkzeug: HTTP POST /web/dataset/call_kw/res.partner/read HTTP/1.1 200
2026-04-22 12:26:18,246 643420 INFO ? odoo.modules.loading: Worker (643420) serving request count: 98, registry count: 1.
2026-04-22 12:26:18,603 643416 INFO MASTER_BASE_DEMO_STD_V10 odoo.addons.base: Registry loaded for database MASTER_BASE_DEMO_STD_V10
2026-04-22 12:26:20,181 643416 ERROR PROD_DB_01 odoo.http: psycopg2.OperationalError: connection to server failed
2026-04-22 12:26:21,456 643417 INFO PROD_DB_01 odoo.modules.loading: Worker (643417) serving request count: 81, registry count: 1.
2026-04-22 12:26:24,139 643417 INFO MASTER_BASE_DEMO_STD_V10 werkzeug: Request from 192.168.1.229 processed in 321ms
2026-04-22 12:26:26,074 643419 INFO PROD_DB_01 odoo.service.server: Module base loaded in 0.547s
2026-04-22 12:26:26,539 643415 INFO MASTER_BASE_DEMO_STD_V10 odoo.service.server: Registry loaded for database MASTER_BASE_DEMO_STD_V10
2026-04-22 12:26:27,226 643415 WARNING PROD_DB_01 odoo.http: Connection pool near capacity: 91/100
2026-04-22 12:26:28,022 643418 INFO PROD_DB_01 odoo.service.server: Worker (643418) serving request count: 85, registry count: 1.
2026-04-22 12:26:29,520 643416 DEBUG MASTER_BASE_DEMO_STD_V10 odoo.modules.registry: Registry cache hit for model res.users
2026-04-22 12:26:30,346 643415 INFO MASTER_BASE_DEMO_STD_V10 werkzeug: Worker (643415) serving request count: 43, registry count: 1.
2026-04-22 12:26:31,211 643420 ERROR PROD_DB_01 odoo.sql_db: AccessError: You do not have access rights to write on res.partner
2026-04-22 12:26:33,514 643418 INFO MASTER_BASE_DEMO_STD_V10 odoo.http: HTTP POST /web/dataset/call_kw/res.partner/read HTTP/1.1 200
2026-04-22 12:26:35,156 643420 INFO MASTER_BASE_DEMO_STD_V10 odoo.service.server: Worker (643420) serving request count: 45, registry count: 1.
2026-04-22 12:26:37,984 643415 WARNING ? odoo.sql_db: Memory usage high: 79%
2026-04-22 12:26:39,790 643415 INFO MASTER_BASE_DEMO_STD_V10 odoo.addons.base: Module base loaded in 1.940s
2026-04-22 12:26:40,853 643420 DEBUG ? odoo.sql_db: Registry cache hit for model res.users
2026-04-22 12:26:43,324 643416 DEBUG MASTER_BASE_DEMO_STD_V10 odoo.sql_db: SELECT id, name FROM res_partner WHERE active = true LIMIT 80
2026-04-22 12:26:44,161 643417 ERROR ? odoo.sql_db: Traceback (most recent call last):
  File "/odoo/odoo/http.py", line 1234, in dispatch
    return self._dispatch()
ValueError: invalid literal for int() with base 10
2026-04-22 12:26:44,419 643415 INFO PROD_DB_01 odoo.modules.loading: HTTP POST /web/dataset/call_kw/res.partner/read HTTP/1.1 200
2026-04-22 12:26:47,106 643418 INFO MASTER_BASE_DEMO_STD_V10 odoo.http: Worker (643418) serving request count: 45, registry count: 1.
2026-04-22 12:26:47,350 643417 INFO MASTER_BASE_DEMO_STD_V10 odoo.service.server: Registry loaded for database MASTER_BASE_DEMO_STD_V10
2026-04-22 12:26:49,884 643417 INFO MASTER_BASE_DEMO_STD_V10 odoo.http: Request from 192.168.1.243 processed in 256ms
2026-04-22 12:26:52,674 643415 INFO MASTER_BASE_DEMO_STD_V10 odoo.http: HTTP POST /web/dataset/call_kw/res.partner/read HTTP/1.1 200
2026-04-22 12:26:55,200 643419 INFO PROD_DB_01 odoo.modules.loading: Worker (643419) serving request count: 12, registry count: 1.
2026-04-22 12:26:57,715 643420 INFO MASTER_BASE_DEMO_STD_V10 odoo.modules.loading: HTTP POST /web/dataset/call_kw/res.partner/read HTTP/1.1 200
2026-04-22 12:26:59,169 643419 INFO ? odoo.modules.loading: Worker (643419) serving request count: 20, registry count: 1.
2026-04-22 12:27:01,473 643418 DEBUG PROD_DB_01 odoo.modules.registry: SELECT id, name FROM res_partner WHERE active = true LIMIT 80
2026-04-22 12:27:01,800 643418 INFO MASTER_BASE_DEMO_STD_V10 odoo.modules.loading: Module base loaded in 2.422s
2026-04-22 12:27:04,169 643415 INFO MASTER_BASE_DEMO_STD_V10 werkzeug: Request from 192.168.1.127 processed in 355ms
2026-04-22 12:27:06,012 643416 WARNING ? werkzeug: Slow query detected: 2.90s
2026-04-22 12:27:06,717 643415 DEBUG MASTER_BASE_DEMO_STD_V10 odoo.addons.base.models: Query time: 0.0233s
2026-04-22 12:27:07,669 643417 INFO PROD_DB_01 odoo.addons.base: Worker (643417) serving request count: 29, registry count: 1.
2026-04-22 12:27:07,879 643417 DEBUG PROD_DB_01 odoo.sql_db: Registry cache hit for model res.users
2026-04-22 12:27:10,118 643416 INFO PROD_DB_01 odoo.addons.base: HTTP POST /web/dataset/call_kw/res.partner/read HTTP/1.1 200
2026-04-22 12:27:10,715 643417 INFO PROD_DB_01 odoo.http: Module base loaded in 2.058s
2026-04-22 12:27:11,910 643416 INFO MASTER_BASE_DEMO_STD_V10 odoo.addons.base: HTTP POST /web/dataset/call_kw/res.partner/read HTTP/1.1 200
2026-04-22 12:27:14,778 643415 INFO PROD_DB_01 odoo.addons.base: Module base loaded in 0.630s
2026-04-22 12:27:17,210 643416 DEBUG ? odoo.sql_db: Cache lookup for user 94
2026-04-22 12:27:17,867 643417 ERROR MASTER_BASE_DEMO_STD_V10 werkzeug: Traceback (most recent call last):
  File "/odoo/odoo/http.py", line 1234, in dispatch
    return self._dispatch()
ValueError: invalid literal for int() with base 10
2026-04-22 12:27:18,674 643418 WARNING MASTER_BASE_DEMO_STD_V10 odoo.http: Connection pool near capacity: 85/100
2026-04-22 12:27:19,994 643415 INFO MASTER_BASE_DEMO_STD_V10 werkzeug: Request from 192.168.1.176 processed in 316ms
2026-04-22 12:27:21,048 643418 INFO ? odoo.service.server: Request from 192.168.1.186 processed in 274ms
2026-04-22 12:27:21,506 643419 INFO MASTER_BASE_DEMO_STD_V10 odoo.service.server: Request from 192.168.1.212 processed in 11ms
2026-04-22 12:27:22,573 643416 WARNING PROD_DB_01 odoo.http: Deprecated method called in module sale
2026-04-22 12:27:24,009 643419 WARNING MASTER_BASE_DEMO_STD_V10 odoo.http: Connection pool near capacity: 94/100
2026-04-22 12:27:26,020 643417 INFO MASTER_BASE_DEMO_STD_V10 odoo.addons.base: Request from 192.168.1.178 processed in 141ms
2026-04-22 12:27:26,491 643415 INFO MASTER_BASE_DEMO_STD_V10 odoo.addons.base: Worker (643415) serving request count: 54, registry count: 1.
2026-04-22 12:27:27,469 643415 INFO MASTER_BASE_DEMO_STD_V10 odoo.http: Registry loaded for database MASTER_BASE_DEMO_STD_V10
2026-04-22 12:27:30,447 643420 WARNING MASTER_BASE_DEMO_STD_V10 werkzeug: Deprecated method called in module sale
2026-04-22 12:27:31,960 643417 INFO PROD_DB_01 odoo.service.server: HTTP POST /web/dataset/call_kw/res.partner/read HTTP/1.1 200
2026-04-22 12:27:32,739 643416 INFO PROD_DB_01 odoo.addons.base: Module base loaded in 0.461s
2026-04-22 12:27:33,964 643419 INFO MASTER_BASE_DEMO_STD_V10 odoo.http: Module base loaded in 0.986s
2026-04-22 12:27:34,326 643420 WARNING MASTER_BASE_DEMO_STD_V10 odoo.http: Memory usage high: 84%
2026-04-22 12:27:34,839 643415 DEBUG PROD_DB_01 odoo.sql_db: Registry cache hit for model res.users
2026-04-22 12:27:36,333 643418 INFO ? werkzeug: Module base loaded in 2.004s
2026-04-22 12:27:39,061 643416 ERROR ? werkzeug: AccessError: You do not have access rights to write on res.partner
2026-04-22 12:27:41,297 643419 INFO MASTER_BASE_DEMO_STD_V10 werkzeug: HTTP POST /web/dataset/call_kw/res.partner/read HTTP/1.1 200
2026-04-22 12:27:42,245 643420 DEBUG MASTER_BASE_DEMO_STD_V10 odoo.modules.registry: Query time: 0.0011s
2026-04-22 12:27:44,236 643419 ERROR MASTER_BASE_DEMO_STD_V10 odoo.sql_db: HTTP 500 Internal Server Error on /web/action/load
2026-04-22 12:27:44,856 643417 INFO MASTER_BASE_DEMO_STD_V10 odoo.addons.base: Worker (643417) serving request count: 54, registry count: 1.
2026-04-22 12:27:45,470 643415 INFO MASTER_BASE_DEMO_STD_V10 werkzeug: Module base loaded in 2.416s
2026-04-22 12:27:48,392 643415 INFO MASTER_BASE_DEMO_STD_V10 werkzeug: Module base loaded in 0.172s
2026-04-22 12:27:48,765 643416 INFO MASTER_BASE_DEMO_STD_V10 odoo.addons.base: Worker (643416) serving request count: 54, registry count: 1.
2026-04-22 12:27:49,388 643418 DEBUG PROD_DB_01 odoo.modules.registry: Cache lookup for user 44
2026-04-22 12:27:52,285 643420 INFO MASTER_BASE_DEMO_STD_V10 odoo.modules.loading: Worker (643420) serving request count: 83, registry count: 1.
2026-04-22 12:27:52,991 643419 INFO ? werkzeug: HTTP POST /web/dataset/call_kw/res.partner/read HTTP/1.1 200
2026-04-22 12:27:55,946 643417 INFO MASTER_BASE_DEMO_STD_V10 odoo.http: Worker (643417) serving request count: 67, registry count: 1.
2026-04-22 12:27:56,863 643420 INFO MASTER_BASE_DEMO_STD_V10 odoo.modules.loading: HTTP POST /web/dataset/call_kw/res.partner/read HTTP/1.1 200
2026-04-22 12:27:59,749 643415 INFO PROD_DB_01 werkzeug: Module base loaded in 0.231s
2026-04-22 12:28:01,536 643420 INFO MASTER_BASE_DEMO_STD_V10 odoo.service.server: Module base loaded in 1.969s
2026-04-22 12:28:02,567 643415 INFO MASTER_BASE_DEMO_STD_V10 odoo.service.server: Module base loaded in 1.916s
2026-04-22 12:28:04,876 643416 INFO MASTER_BASE_DEMO_STD_V10 odoo.modules.loading: HTTP POST /web/dataset/call_kw/res.partner/read HTTP/1.1 200
2026-04-22 12:28:05,113 643418 INFO MASTER_BASE_DEMO_STD_V10 odoo.http: Registry loaded for database MASTER_BASE_DEMO_STD_V10
2026-04-22 12:28:05,961 643419 INFO ? odoo.http: Module base loaded in 1.719s
2026-04-22 12:28:08,073 643418 INFO MASTER_BASE_DEMO_STD_V10 odoo.service.server: Request from 192.168.1.151 processed in 412ms
2026-04-22 12:28:08,783 643417 INFO ? odoo.service.server: Worker (643417) serving request count: 12, registry count: 1.
2026-04-22 12:28:11,624 643416 DEBUG MASTER_BASE_DEMO_STD_V10 odoo.addons.base.models: Query time: 0.0263s
2026-04-22 12:28:12,211 643418 INFO PROD_DB_01 odoo.addons.base: Registry loaded for database PROD_DB_01
2026-04-22 12:28:13,116 643416 CRITICAL MASTER_BASE_DEMO_STD_V10 odoo.service.server: Failed to load registry for MASTER_BASE_DEMO_STD_V10: database does not exist
2026-04-22 12:28:15,737 643419 CRITICAL MASTER_BASE_DEMO_STD_V10 odoo.service.server: Failed to load registry for MASTER_BASE_DEMO_STD_V10: database does not exist
2026-04-22 12:28:17,054 643416 INFO MASTER_BASE_DEMO_STD_V10 werkzeug: Module base loaded in 0.507s
2026-04-22 12:28:17,383 643416 INFO PROD_DB_01 odoo.http: Registry loaded for database PROD_DB_01
2026-04-22 12:28:19,371 643417 CRITICAL ? odoo.service.server: Out of memory: killing worker
2026-04-22 12:28:19,928 643416 CRITICAL ? odoo.service.server: Failed to load registry for ?: database does not exist
2026-04-22 12:28:21,152 643417 INFO MASTER_BASE_DEMO_STD_V10 werkzeug: Module base loaded in 2.385s
2026-04-22 12:28:23,996 643415 INFO ? odoo.http: Request from 192.168.1.225 processed in 453ms
2026-04-22 12:28:25,048 643420 DEBUG MASTER_BASE_DEMO_STD_V10 odoo.sql_db: Cache lookup for user 38
2026-04-22 12:28:27,433 643416 INFO MASTER_BASE_DEMO_STD_V10 odoo.modules.loading: Module base loaded in 1.706s
2026-04-22 12:28:29,401 643418 DEBUG ? odoo.sql_db: SELECT id, name FROM res_partner WHERE active = true LIMIT 80
2026-04-22 12:28:31,225 643418 INFO PROD_DB_01 odoo.service.server: Registry loaded for database PROD_DB_01
2026-04-22 12:28:32,415 643415 INFO MASTER_BASE_DEMO_STD_V10 werkzeug: Request from 192.168.1.38 processed in 332ms
2026-04-22 12:28:34,022 643419 INFO PROD_DB_01 werkzeug: Request from 192.168.1.251 processed in 247ms
2026-04-22 12:28:35,804 643420 INFO MASTER_BASE_DEMO_STD_V10 odoo.service.server: Module base loaded in 1.072s
2026-04-22 12:28:37,703 643420 WARNING MASTER_BASE_DEMO_STD_V10 odoo.service.server: Memory usage high: 72%
2026-04-22 12:28:38,969 643417 INFO PROD_DB_01 werkzeug: Worker (643417) serving request count: 69, registry count: 1.
2026-04-22 12:28:40,808 643420 INFO ? odoo.service.server: HTTP POST /web/dataset/call_kw/res.partner/read HTTP/1.1 200
2026-04-22 12:28:41,450 643419 INFO PROD_DB_01 odoo.service.server: Registry loaded for database PROD_DB_01
2026-04-22 12:28:41,965 643417 WARNING ? odoo.service.server: Slow query detected: 3.32s
2026-04-22 12:28:43,855 643420 DEBUG MASTER_BASE_DEMO_STD_V10 odoo.sql_db: Cache lookup for user 25
2026-04-22 12:28:46,141 643420 WARNING ? odoo.http: Deprecated method called in module sale
2026-04-22 12:28:47,681 643417 INFO PROD_DB_01 odoo.addons.base: Registry loaded for database PROD_DB_01
2026-04-22 12:28:49,411 643418 INFO ? odoo.addons.base: Worker (643418) serving request count: 43, registry count: 1.
2026-04-22 12:28:51,215 643418 INFO MASTER_BASE_DEMO_STD_V10 odoo.addons.base: Registry loaded for database MASTER_BASE_DEMO_STD_V10
2026-04-22 12:28:52,425 643420 DEBUG MASTER_BASE_DEMO_STD_V10 odoo.sql_db: SELECT id, name FROM res_partner WHERE active = true LIMIT 80
2026-04-22 12:28:52,542 643420 DEBUG ? odoo.sql_db: SELECT id, name FROM res_partner WHERE active = true LIMIT 80
2026-04-22 12:28:54,411 643420 INFO MASTER_BASE_DEMO_STD_V10 odoo.http: Registry loaded for database MASTER_BASE_DEMO_STD_V10
2026-04-22 12:28:56,021 643419 INFO ? odoo.service.server: Registry loaded for database ?
2026-04-22 12:28:57,605 643415 WARNING PROD_DB_01 odoo.service.server: Memory usage high: 79%
2026-04-22 12:28:58,644 643420 INFO ? odoo.service.server: HTTP POST /web/dataset/call_kw/res.partner/read HTTP/1.1 200
2026-04-22 12:29:01,151 643420 INFO MASTER_BASE_DEMO_STD_V10 odoo.addons.base: Worker (643420) serving request count: 72, registry count: 1.
2026-04-22 12:29:03,840 643419 INFO MASTER_BASE_DEMO_STD_V10 odoo.addons.base: Worker (643419) serving request count: 82, registry count: 1.
2026-04-22 12:29:05,193 643418 INFO ? odoo.modules.loading: HTTP POST /web/dataset/call_kw/res.partner/read HTTP/1.1 200
2026-04-22 12:29:07,812 643418 ERROR MASTER_BASE_DEMO_STD_V10 odoo.service.server: Traceback (most recent call last):
  File "/odoo/odoo/http.py", line 1234, in dispatch
    return self._dispatch()
ValueError: invalid literal for int() with base 10
2026-04-22 12:29:08,244 643415 INFO MASTER_BASE_DEMO_STD_V10 odoo.addons.base: Request from 192.168.1.40 processed in 19ms
2026-04-22 12:29:09,860 643419 INFO MASTER_BASE_DEMO_STD_V10 werkzeug: Worker (643419) serving request count: 100, registry count: 1.
2026-04-22 12:29:10,818 643420 INFO MASTER_BASE_DEMO_STD_V10 werkzeug: Request from 192.168.1.198 processed in 138ms
2026-04-22 12:29:13,437 643416 INFO MASTER_BASE_DEMO_STD_V10 odoo.service.server: Worker (643416) serving request count: 77, registry count: 1.
2026-04-22 12:29:14,560 643417 ERROR MASTER_BASE_DEMO_STD_V10 odoo.sql_db: AccessError: You do not have access rights to write on res.partner
2026-04-22 12:29:15,461 643417 INFO ? odoo.service.server: Request from 192.168.1.106 processed in 42ms
2026-04-22 12:29:18,326 643416 INFO PROD_DB_01 werkzeug: Worker (643416) serving request count: 24, registry count: 1.
2026-04-22 12:29:20,699 643420 DEBUG MASTER_BASE_DEMO_STD_V10 odoo.sql_db: Cache lookup for user 45
2026-04-22 12:29:23,206 643419 INFO MASTER_BASE_DEMO_STD_V10 odoo.addons.base: Request from 192.168.1.190 processed in 135ms
2026-04-22 12:29:23,350 643419 INFO MASTER_BASE_DEMO_STD_V10 odoo.modules.loading: Request from 192.168.1.222 processed in 191ms
2026-04-22 12:29:23,967 643417 INFO MASTER_BASE_DEMO_STD_V10 odoo.http: Module base loaded in 2.388s
2026-04-22 12:29:26,275 643420 DEBUG ? odoo.addons.base.models: Cache lookup for user 56
2026-04-22 12:29:27,349 643416 INFO PROD_DB_01 werkzeug: Worker (643416) serving request count: 99, registry count: 1.
2026-04-22 12:29:29,397 643416 INFO ? werkzeug: HTTP POST /web/dataset/call_kw/res.partner/read HTTP/1.1 200
2026-04-22 12:29:31,934 643415 INFO MASTER_BASE_DEMO_STD_V10 odoo.addons.base: Registry loaded for database MASTER_BASE_DEMO_STD_V10
2026-04-22 12:29:32,122 643416 ERROR PROD_DB_01 werkzeug: HTTP 500 Internal Server Error on /web/action/load
2026-04-22 12:29:34,814 643419 ERROR PROD_DB_01 werkzeug: psycopg2.OperationalError: connection to server failed
2026-04-22 12:29:35,600 643415 WARNING ? odoo.http: Connection pool near capacity: 82/100
2026-04-22 12:29:36,244 643417 WARNING MASTER_BASE_DEMO_STD_V10 odoo.sql_db: Slow query detected: 2.62s
2026-04-22 12:29:38,618 643418 WARNING MASTER_BASE_DEMO_STD_V10 odoo.sql_db: Slow query detected: 2.85s
2026-04-22 12:29:40,965 643415 INFO MASTER_BASE_DEMO_STD_V10 odoo.addons.base: Registry loaded for database MASTER_BASE_DEMO_STD_V10
2026-04-22 12:29:42,326 643417 INFO MASTER_BASE_DEMO_STD_V10 werkzeug: Request from 192.168.1.128 processed in 28ms
2026-04-22 12:29:43,076 643418 DEBUG ? odoo.sql_db: SELECT id, name FROM res_partner WHERE active = true LIMIT 80
2026-04-22 12:29:45,484 643420 CRITICAL ? odoo.service.server: Worker 643420 killed after timeout
2026-04-22 12:29:47,183 643416 INFO MASTER_BASE_DEMO_STD_V10 odoo.http: Registry loaded for database MASTER_BASE_DEMO_STD_V10
2026-04-22 12:29:48,465 643420 INFO PROD_DB_01 werkzeug: HTTP POST /web/dataset/call_kw/res.partner/read HTTP/1.1 200
2026-04-22 12:29:50,126 643415 INFO ? werkzeug: HTTP POST /web/dataset/call_kw/res.partner/read HTTP/1.1 200
2026-04-22 12:29:50,295 643415 INFO MASTER_BASE_DEMO_STD_V10 odoo.modules.loading: Worker (643415) serving request count: 89, registry count: 1.
2026-04-22 12:29:50,705 643416 INFO PROD_DB_01 odoo.addons.base: Module base loaded in 2.183s
2026-04-22 12:29:51,208 643415 INFO PROD_DB_01 odoo.service.server: Registry loaded for database PROD_DB_01
2026-04-22 12:29:54,119 643417 INFO MASTER_BASE_DEMO_STD_V10 odoo.addons.base: Worker (643417) serving request count: 17, registry count: 1.
2026-04-22 12:29:55,861 643419 DEBUG MASTER_BASE_DEMO_STD_V10 odoo.addons.base.models: Cache lookup for user 74
2026-04-22 12:29:57,918 643420 CRITICAL PROD_DB_01 odoo.service.server: Out of memory: killing worker
2026-04-22 12:29:58,893 643418 INFO PROD_DB_01 odoo.service.server: Worker (643418) serving request count: 32, registry count: 1.
2026-04-22 12:29:59,262 643420 INFO ? odoo.service.server: Registry loaded for database ?
2026-04-22 12:30:01,309 643416 INFO MASTER_BASE_DEMO_STD_V10 odoo.addons.base: Module base loaded in 2.160s
2026-04-22 12:30:03,218 643420 DEBUG MASTER_BASE_DEMO_STD_V10 odoo.sql_db: Cache lookup for user 47
2026-04-22 12:30:05,809 643418 INFO ? odoo.modules.loading: Module base loaded in 0.494s
2026-04-22 12:30:08,514 643419 INFO ? odoo.service.server: Registry loaded for database ?
2026-04-22 12:30:09,656 643416 INFO ? odoo.http: Registry loaded for database ?
2026-04-22 12:30:10,322 643416 INFO ? odoo.addons.base: Request from 192.168.1.86 processed in 32ms
2026-04-22 12:30:13,028 643415 INFO ? odoo.modules.loading: Module base loaded in 0.524s
2026-04-22 12:30:15,566 643419 INFO ? odoo.service.server: Request from 192.168.1.175 processed in 30ms
2026-04-22 12:30:16,087 643416 INFO MASTER_BASE_DEMO_STD_V10 odoo.addons.base: Module base loaded in 1.377s
2026-04-22 12:30:18,677 643416 DEBUG ? odoo.modules.registry: Query time: 0.0203s
2026-04-22 12:30:19,569 643418 INFO MASTER_BASE_DEMO_STD_V10 odoo.http: Request from 192.168.1.164 processed in 152ms
2026-04-22 12:30:20,377 643415 INFO ? odoo.http: Module base loaded in 0.673s
2026-04-22 12:30:20,711 643420 INFO PROD_DB_01 werkzeug: Registry loaded for database PROD_DB_01
2026-04-22 12:30:20,846 643417 INFO PROD_DB_01 odoo.service.server: HTTP POST /web/dataset/call_kw/res.partner/read HTTP/1.1 200
2026-04-22 12:30:22,836 643417 DEBUG ? odoo.sql_db: SELECT id, name FROM res_partner WHERE active = true LIMIT 80
2026-04-22 12:30:25,671 643419 CRITICAL MASTER_BASE_DEMO_STD_V10 odoo.service.server: Out of memory: killing worker
2026-04-22 12:30:26,406 643419 WARNING MASTER_BASE_DEMO_STD_V10 odoo.sql_db: Memory usage high: 84%
2026-04-22 12:30:27,892 643420 CRITICAL PROD_DB_01 odoo.service.server: Out of memory: killing worker
2026-04-22 12:30:28,980 643418 INFO MASTER_BASE_DEMO_STD_V10 odoo.http: HTTP POST /web/dataset/call_kw/res.partner/read HTTP/1.1 200
2026-04-22 12:30:29,491 643418 INFO MASTER_BASE_DEMO_STD_V10 odoo.modules.loading: Worker (643418) serving request count: 29, registry count: 1.
2026-04-22 12:30:31,580 643417 INFO ? odoo.http: Registry loaded for database ?
2026-04-22 12:30:32,072 643420 ERROR ? odoo.http: HTTP 500 Internal Server Error on /web/action/load
2026-04-22 12:30:33,550 643420 ERROR ? werkzeug: HTTP 500 Internal Server Error on /web/action/load
2026-04-22 12:30:34,380 643417 INFO PROD_DB_01 odoo.addons.base: Module base loaded in 1.460s
2026-04-22 12:30:34,881 643417 ERROR ? odoo.http: AccessError: You do not have access rights to write on res.partner
2026-04-22 12:30:35,546 643420 INFO PROD_DB_01 odoo.addons.base: Module base loaded in 0.829s
2026-04-22 12:30:36,803 643415 INFO MASTER_BASE_DEMO_STD_V10 odoo.modules.loading: Registry loaded for database MASTER_BASE_DEMO_STD_V10
2026-04-22 12:30:36,873 643417 INFO MASTER_BASE_DEMO_STD_V10 odoo.service.server: HTTP POST /web/dataset/call_kw/res.partner/read HTTP/1.1 200
2026-04-22 12:30:39,219 643420 INFO MASTER_BASE_DEMO_STD_V10 odoo.http: Request from 192.168.1.37 processed in 380ms
2026-04-22 12:30:40,165 643417 INFO PROD_DB_01 odoo.modules.loading: Registry loaded for database PROD_DB_01
2026-04-22 12:30:41,285 643415 ERROR PROD_DB_01 odoo.http: AccessError: You do not have access rights to write on res.partner
2026-04-22 12:30:42,655 643420 WARNING MASTER_BASE_DEMO_STD_V10 odoo.http: Slow query detected: 2.38s
2026-04-22 12:30:43,954 643417 INFO ? odoo.addons.base: HTTP POST /web/dataset/call_kw/res.partner/read HTTP/1.1 200
2026-04-22 12:30:46,847 643418 INFO PROD_DB_01 werkzeug: Registry loaded for database PROD_DB_01
2026-04-22 12:30:47,010 643418 ERROR MASTER_BASE_DEMO_STD_V10 werkzeug: psycopg2.OperationalError: connection to server failed
2026-04-22 12:30:49,579 643416 ERROR MASTER_BASE_DEMO_STD_V10 odoo.service.server: Traceback (most recent call last):
  File "/odoo/odoo/http.py", line 1234, in dispatch
    return self._dispatch()
ValueError: invalid literal for int() with base 10
2026-04-22 12:30:51,854 643419 ERROR PROD_DB_01 odoo.sql_db: AccessError: You do not have access rights to write on res.partner
2026-04-22 12:30:53,554 643416 DEBUG ? odoo.addons.base.models: SELECT id, name FROM res_partner WHERE active = true LIMIT 80
2026-04-22 12:30:54,710 643415 WARNING MASTER_BASE_DEMO_STD_V10 odoo.service.server: Memory usage high: 88%
2026-04-22 12:30:56,117 643420 WARNING MASTER_BASE_DEMO_STD_V10 odoo.sql_db: Memory usage high: 87%
2026-04-22 12:30:57,082 643416 ERROR MASTER_BASE_DEMO_STD_V10 odoo.service.server: HTTP 500 Internal Server Error on /web/action/load
2026-04-22 12:30:57,158 643420 WARNING MASTER_BASE_DEMO_STD_V10 odoo.sql_db: Deprecated method called in module sale
2026-04-22 12:30:57,604 643419 INFO MASTER_BASE_DEMO_STD_V10 werkzeug: Request from 192.168.1.7 processed in 431ms
2026-04-22 12:30:58,882 643415 INFO MASTER_BASE_DEMO_STD_V10 odoo.modules.loading: HTTP POST /web/dataset/call_kw/res.partner/read HTTP/1.1 200
2026-04-22 12:31:00,730 643420 WARNING MASTER_BASE_DEMO_STD_V10 werkzeug: Slow query detected: 2.01s
2026-04-22 12:31:03,472 643420 INFO MASTER_BASE_DEMO_STD_V10 werkzeug: HTTP POST /web/dataset/call_kw/res.partner/read HTTP/1.1 200
2026-04-22 12:31:05,026 643418 DEBUG ? odoo.modules.registry: Cache lookup for user 14
2026-04-22 12:31:06,816 643418 INFO PROD_DB_01 werkzeug: Module base loaded in 0.126s
2026-04-22 12:31:09,508 643415 DEBUG ? odoo.sql_db: Registry cache hit for model res.users
2026-04-22 12:31:11,435 643418 INFO MASTER_BASE_DEMO_STD_V10 odoo.http: HTTP POST /web/dataset/call_kw/res.partner/read HTTP/1.1 200
2026-04-22 12:31:13,586 643418 INFO MASTER_BASE_DEMO_STD_V10 odoo.http: Worker (643418) serving request count: 73, registry count: 1.
2026-04-22 12:31:16,332 643417 INFO ? odoo.service.server: Registry loaded for database ?
2026-04-22 12:31:19,081 643419 INFO PROD_DB_01 odoo.modules.loading: Module base loaded in 2.392s
2026-04-22 12:31:21,660 643419 WARNING MASTER_BASE_DEMO_STD_V10 odoo.sql_db: Deprecated method called in module sale
2026-04-22 12:31:22,145 643420 INFO ? odoo.http: Worker (643420) serving request count: 99, registry count: 1.
2026-04-22 12:31:22,907 643415 DEBUG ? odoo.modules.registry: Query time: 0.0462s
2026-04-22 12:31:23,110 643415 WARNING MASTER_BASE_DEMO_STD_V10 werkzeug: Connection pool near capacity: 80/100
2026-04-22 12:31:26,021 643415 INFO MASTER_BASE_DEMO_STD_V10 odoo.addons.base: Registry loaded for database MASTER_BASE_DEMO_STD_V10
2026-04-22 12:31:27,242 643420 INFO MASTER_BASE_DEMO_STD_V10 werkzeug: Request from 192.168.1.209 processed in 275ms
2026-04-22 12:31:30,030 643420 INFO MASTER_BASE_DEMO_STD_V10 odoo.modules.loading: HTTP POST /web/dataset/call_kw/res.partner/read HTTP/1.1 200
2026-04-22 12:31:30,374 643419 INFO ? odoo.modules.loading: HTTP POST /web/dataset/call_kw/res.partner/read HTTP/1.1 200
2026-04-22 12:31:31,884 643417 DEBUG MASTER_BASE_DEMO_STD_V10 odoo.sql_db: Cache lookup for user 81
2026-04-22 12:31:34,265 643415 INFO PROD_DB_01 odoo.service.server: HTTP POST /web/dataset/call_kw/res.partner/read HTTP/1.1 200
2026-04-22 12:31:34,407 643417 INFO PROD_DB_01 odoo.http: Worker (643417) serving request count: 46, registry count: 1.
2026-04-22 12:31:34,763 643417 INFO MASTER_BASE_DEMO_STD_V10 odoo.addons.base: HTTP POST /web/dataset/call_kw/res.partner/read HTTP/1.1 200
2026-04-22 12:31:37,049 643415 DEBUG MASTER_BASE_DEMO_STD_V10 odoo.addons.base.models: SELECT id, name FROM res_partner WHERE active = true LIMIT 80
2026-04-22 12:31:38,483 643415 INFO MASTER_BASE_DEMO_STD_V10 odoo.http: HTTP POST /web/dataset/call_kw/res.partner/read HTTP/1.1 200
2026-04-22 12:31:39,883 643420 ERROR MASTER_BASE_DEMO_STD_V10 odoo.http: AccessError: You do not have access rights to write on res.partner
2026-04-22 12:31:42,242 643415 ERROR MASTER_BASE_DEMO_STD_V10 odoo.service.server: psycopg2.OperationalError: connection to server failed
2026-04-22 12:31:44,742 643418 DEBUG MASTER_BASE_DEMO_STD_V10 odoo.addons.base.models: Query time: 0.0245s
2026-04-22 12:31:44,962 643420 INFO ? odoo.addons.base: Module base loaded in 1.136s
2026-04-22 12:31:45,099 643416 ERROR MASTER_BASE_DEMO_STD_V10 odoo.http: AccessError: You do not have access rights to write on res.partner
2026-04-22 12:31:47,949 643420 DEBUG ? odoo.sql_db: Registry cache hit for model res.users
2026-04-22 12:31:50,871 643418 INFO MASTER_BASE_DEMO_STD_V10 odoo.service.server: Module base loaded in 2.458s
2026-04-22 12:31:51,714 643417 INFO MASTER_BASE_DEMO_STD_V10 odoo.modules.loading: Registry loaded for database MASTER_BASE_DEMO_STD_V10
2026-04-22 12:31:53,960 643420 DEBUG MASTER_BASE_DEMO_STD_V10 odoo.addons.base.models: SELECT id, name FROM res_partner WHERE active = true LIMIT 80
2026-04-22 12:31:54,529 643415 INFO PROD_DB_01 odoo.service.server: Worker (643415) serving request count: 78, registry count: 1.
2026-04-22 12:31:55,110 643417 DEBUG ? odoo.addons.base.models: SELECT id, name FROM res_partner WHERE active = true LIMIT 80
2026-04-22 12:31:57,386 643417 INFO PROD_DB_01 odoo.modules.loading: HTTP POST /web/dataset/call_kw/res.partner/read HTTP/1.1 200
2026-04-22 12:32:00,113 643417 INFO PROD_DB_01 odoo.http: Module base loaded in 0.351s
2026-04-22 12:32:03,052 643418 ERROR ? odoo.service.server: psycopg2.OperationalError: connection to server failed
2026-04-22 12:32:03,663 643416 WARNING MASTER_BASE_DEMO_STD_V10 odoo.service.server: Connection pool near capacity: 86/100
2026-04-22 12:32:04,294 643420 INFO MASTER_BASE_DEMO_STD_V10 werkzeug: Request from 192.168.1.167 processed in 396ms
2026-04-22 12:32:04,482 643418 INFO ? odoo.http: HTTP POST /web/dataset/call_kw/res.partner/read HTTP/1.1 200
2026-04-22 12:32:06,560 643418 INFO ? werkzeug: Worker (643418) serving request count: 29, registry count: 1.
2026-04-22 12:32:08,375 643420 INFO PROD_DB_01 odoo.service.server: HTTP POST /web/dataset/call_kw/res.partner/read HTTP/1.1 200
2026-04-22 12:32:09,500 643417 WARNING MASTER_BASE_DEMO_STD_V10 odoo.sql_db: Deprecated method called in module sale
2026-04-22 12:32:11,816 643415 INFO PROD_DB_01 odoo.addons.base: HTTP POST /web/dataset/call_kw/res.partner/read HTTP/1.1 200
2026-04-22 12:32:12,531 643417 ERROR ? odoo.http: Traceback (most recent call last):
  File "/odoo/odoo/http.py", line 1234, in dispatch
    return self._dispatch()
ValueError: invalid literal for int() with base 10
2026-04-22 12:32:13,730 643415 WARNING PROD_DB_01 odoo.sql_db: Memory usage high: 80%
2026-04-22 12:32:16,301 643415 INFO PROD_DB_01 odoo.http: Request from 192.168.1.201 processed in 339ms
2026-04-22 12:32:18,679 643417 DEBUG PROD_DB_01 odoo.sql_db: Cache lookup for user 3
2026-04-22 12:32:20,639 643415 INFO PROD_DB_01 werkzeug: Request from 192.168.1.164 processed in 437ms
2026-04-22 12:32:21,014 643419 INFO PROD_DB_01 odoo.service.server: Module base loaded in 1.938s
2026-04-22 12:32:23,091 643417 INFO MASTER_BASE_DEMO_STD_V10 odoo.modules.loading: Request from 192.168.1.224 processed in 321ms
2026-04-22 12:32:23,298 643420 INFO ? odoo.addons.base: Request from 192.168.1.82 processed in 26ms
2026-04-22 12:32:24,409 643420 CRITICAL MASTER_BASE_DEMO_STD_V10 odoo.service.server: Out of memory: killing worker
2026-04-22 12:32:26,672 643417 DEBUG MASTER_BASE_DEMO_STD_V10 odoo.modules.registry: Cache lookup for user 65
2026-04-22 12:32:28,815 643415 INFO MASTER_BASE_DEMO_STD_V10 odoo.http: Registry loaded for database MASTER_BASE_DEMO_STD_V10
2026-04-22 12:32:29,451 643417 INFO PROD_DB_01 odoo.http: Module base loaded in 0.999s
2026-04-22 12:32:29,628 643419 INFO MASTER_BASE_DEMO_STD_V10 odoo.http: HTTP POST /web/dataset/call_kw/res.partner/read HTTP/1.1 200
2026-04-22 12:32:30,960 643416 INFO PROD_DB_01 odoo.modules.loading: Worker (643416) serving request count: 75, registry count: 1.
2026-04-22 12:32:33,669 643418 INFO MASTER_BASE_DEMO_STD_V10 odoo.modules.loading: Registry loaded for database MASTER_BASE_DEMO_STD_V10
2026-04-22 12:32:34,215 643419 WARNING MASTER_BASE_DEMO_STD_V10 werkzeug: Connection pool near capacity: 94/100
2026-04-22 12:32:36,621 643416 INFO MASTER_BASE_DEMO_STD_V10 odoo.http: Worker (643416) serving request count: 99, registry count: 1.
2026-04-22 12:32:37,960 643418 DEBUG MASTER_BASE_DEMO_STD_V10 odoo.addons.base.models: Cache lookup for user 94
2026-04-22 12:32:38,336 643417 INFO MASTER_BASE_DEMO_STD_V10 odoo.http: Registry loaded for database MASTER_BASE_DEMO_STD_V10
2026-04-22 12:32:40,718 643416 WARNING MASTER_BASE_DEMO_STD_V10 odoo.http: Slow query detected: 4.22s
2026-04-22 12:32:41,834 643419 WARNING PROD_DB_01 odoo.service.server: Slow query detected: 1.91s
2026-04-22 12:32:43,908 643419 DEBUG MASTER_BASE_DEMO_STD_V10 odoo.sql_db: Registry cache hit for model res.users
2026-04-22 12:32:45,672 643415 INFO ? odoo.service.server: Request from 192.168.1.33 processed in 450ms
2026-04-22 12:32:46,405 643420 CRITICAL MASTER_BASE_DEMO_STD_V10 odoo.service.server: Out of memory: killing worker
2026-04-22 12:32:48,044 643419 ERROR PROD_DB_01 odoo.http: AccessError: You do not have access rights to write on res.partner
2026-04-22 12:32:50,375 643420 INFO PROD_DB_01 odoo.service.server: HTTP POST /web/dataset/call_kw/res.partner/read HTTP/1.1 200
2026-04-22 12:32:50,610 643415 INFO PROD_DB_01 werkzeug: Registry loaded for database PROD_DB_01
2026-04-22 12:32:52,614 643417 DEBUG MASTER_BASE_DEMO_STD_V10 odoo.addons.base.models: SELECT id, name FROM res_partner WHERE active = true LIMIT 80
2026-04-22 12:32:52,695 643416 DEBUG PROD_DB_01 odoo.addons.base.models: Query time: 0.0328s
2026-04-22 12:32:53,468 643418 INFO PROD_DB_01 odoo.service.server: HTTP POST /web/dataset/call_kw/res.partner/read HTTP/1.1 200
2026-04-22 12:32:55,669 643419 DEBUG ? odoo.modules.registry: Registry cache hit for model res.users
2026-04-22 12:32:55,890 643416 WARNING MASTER_BASE_DEMO_STD_V10 werkzeug: Connection pool near capacity: 90/100
2026-04-22 12:32:56,618 643417 INFO PROD_DB_01 werkzeug: Module base loaded in 0.792s
2026-04-22 12:32:57,102 643419 ERROR PROD_DB_01 odoo.http: psycopg2.OperationalError: connection to server failed
2026-04-22 12:32:59,413 643416 WARNING MASTER_BASE_DEMO_STD_V10 odoo.sql_db: Slow query detected: 3.59s
2026-04-22 12:33:01,463 643415 WARNING MASTER_BASE_DEMO_STD_V10 odoo.service.server: Slow query detected: 2.21s
2026-04-22 12:33:02,721 643418 ERROR MASTER_BASE_DEMO_STD_V10 werkzeug: AccessError: You do not have access rights to write on res.partner
2026-04-22 12:33:03,848 643418 INFO MASTER_BASE_DEMO_STD_V10 odoo.http: Request from 192.168.1.188 processed in 347ms
2026-04-22 12:33:04,809 643420 DEBUG PROD_DB_01 odoo.sql_db: Cache lookup for user 36
2026-04-22 12:33:06,959 643420 DEBUG MASTER_BASE_DEMO_STD_V10 odoo.addons.base.models: Cache lookup for user 5
2026-04-22 12:33:09,897 643415 WARNING PROD_DB_01 odoo.http: Deprecated method called in module sale
2026-04-22 12:33:10,507 643416 DEBUG MASTER_BASE_DEMO_STD_V10 odoo.addons.base.models: Registry cache hit for model res.users
2026-04-22 12:33:11,323 643418 DEBUG PROD_DB_01 odoo.sql_db: Registry cache hit for model res.users
2026-04-22 12:33:13,151 643415 INFO MASTER_BASE_DEMO_STD_V10 odoo.modules.loading: Registry loaded for database MASTER_BASE_DEMO_STD_V10
2026-04-22 12:33:15,592 643420 INFO PROD_DB_01 werkzeug: Worker (643420) serving request count: 24, registry count: 1.
2026-04-22 12:33:18,378 643417 INFO ? odoo.addons.base: Worker (643417) serving request count: 62, registry count: 1.
2026-04-22 12:33:19,604 643415 INFO ? odoo.http: Registry loaded for database ?
2026-04-22 12:33:22,359 643417 INFO ? odoo.modules.loading: Registry loaded for database ?
2026-04-22 12:33:24,096 643419 DEBUG MASTER_BASE_DEMO_STD_V10 odoo.modules.registry: Cache lookup for user 28
2026-04-22 12:33:26,449 643415 WARNING PROD_DB_01 odoo.service.server: Memory usage high: 83%
2026-04-22 12:33:26,722 643417 INFO MASTER_BASE_DEMO_STD_V10 odoo.http: Registry loaded for database MASTER_BASE_DEMO_STD_V10
2026-04-22 12:33:29,116 643416 WARNING MASTER_BASE_DEMO_STD_V10 odoo.sql_db: Deprecated method called in module sale
2026-04-22 12:33:29,252 643420 WARNING MASTER_BASE_DEMO_STD_V10 odoo.service.server: Deprecated method called in module sale
2026-04-22 12:33:30,164 643419 INFO MASTER_BASE_DEMO_STD_V10 odoo.modules.loading: Worker (643419) serving request count: 51, registry count: 1.
2026-04-22 12:33:30,875 643417 ERROR PROD_DB_01 werkzeug: Traceback (most recent call last):
  File "/odoo/odoo/http.py", line 1234, in dispatch
    return self._dispatch()
ValueError: invalid literal for int() with base 10
2026-04-22 12:33:31,943 643419 ERROR MASTER_BASE_DEMO_STD_V10 odoo.sql_db: psycopg2.OperationalError: connection to server failed
2026-04-22 12:33:33,622 643419 WARNING MASTER_BASE_DEMO_STD_V10 odoo.http: Slow query detected: 2.49s
2026-04-22 12:33:34,787 643415 DEBUG ? odoo.addons.base.models: Query time: 0.0206s
2026-04-22 12:33:35,150 643415 INFO ? odoo.service.server: Worker (643415) serving request count: 70, registry count: 1.
2026-04-22 12:33:37,609 643415 WARNING MASTER_BASE_DEMO_STD_V10 odoo.service.server: Deprecated method called in module sale
2026-04-22 12:33:38,781 643417 INFO MASTER_BASE_DEMO_STD_V10 odoo.http: Module base loaded in 1.231s
2026-04-22 12:33:39,212 643418 INFO ? odoo.addons.base: HTTP POST /web/dataset/call_kw/res.partner/read HTTP/1.1 200
2026-04-22 12:33:40,263 643419 INFO ? werkzeug: Request from 192.168.1.244 processed in 195ms
2026-04-22 12:33:41,230 643418 DEBUG MASTER_BASE_DEMO_STD_V10 odoo.modules.registry: Query time: 0.0388s
2026-04-22 12:33:43,586 643418 INFO PROD_DB_01 odoo.http: Request from 192.168.1.37 processed in 419ms
2026-04-22 12:33:44,329 643419 INFO ? odoo.addons.base: Registry loaded for database ?
2026-04-22 12:33:46,699 643419 WARNING MASTER_BASE_DEMO_STD_V10 werkzeug: Slow query detected: 2.38s
2026-04-22 12:33:48,065 643415 DEBUG ? odoo.sql_db: Cache lookup for user 27
2026-04-22 12:33:50,162 643419 INFO MASTER_BASE_DEMO_STD_V10 odoo.http: Request from 192.168.1.119 processed in 367ms
2026-04-22 12:33:51,955 643415 DEBUG ? odoo.sql_db: SELECT id, name FROM res_partner WHERE active = true LIMIT 80
2026-04-22 12:33:52,813 643416 INFO MASTER_BASE_DEMO_STD_V10 odoo.service.server: HTTP POST /web/dataset/call_kw/res.partner/read HTTP/1.1 200
2026-04-22 12:33:53,435 643418 DEBUG ? odoo.modules.registry: Cache lookup for user 16
2026-04-22 12:33:56,433 643417 ERROR PROD_DB_01 odoo.service.server: HTTP 500 Internal Server Error on /web/action/load
2026-04-22 12:33:59,146 643419 INFO PROD_DB_01 odoo.addons.base: Module base loaded in 2.385s
2026-04-22 12:34:01,672 643419 INFO ? odoo.modules.loading: Worker (643419) serving request count: 96, registry count: 1.
2026-04-22 12:34:03,869 643416 DEBUG ? odoo.sql_db: Registry cache hit for model res.users
2026-04-22 12:34:04,193 643418 CRITICAL MASTER_BASE_DEMO_STD_V10 odoo.service.server: Worker 643418 killed after timeout
2026-04-22 12:34:05,011 643420 INFO MASTER_BASE_DEMO_STD_V10 odoo.addons.base: Registry loaded for database MASTER_BASE_DEMO_STD_V10
2026-04-22 12:34:05,701 643419 INFO MASTER_BASE_DEMO_STD_V10 odoo.http: Registry loaded for database MASTER_BASE_DEMO_STD_V10
2026-04-22 12:34:07,003 643419 INFO ? odoo.http: Request from 192.168.1.144 processed in 282ms
2026-04-22 12:34:07,677 643419 INFO MASTER_BASE_DEMO_STD_V10 odoo.http: HTTP POST /web/dataset/call_kw/res.partner/read HTTP/1.1 200
2026-04-22 12:34:10,368 643419 WARNING PROD_DB_01 odoo.service.server: Slow query detected: 4.88s
2026-04-22 12:34:11,367 643415 CRITICAL MASTER_BASE_DEMO_STD_V10 odoo.service.server: Out of memory: killing worker
2026-04-22 12:34:12,004 643416 INFO MASTER_BASE_DEMO_STD_V10 odoo.http: Registry loaded for database MASTER_BASE_DEMO_STD_V10
2026-04-22 12:34:14,777 643418 INFO PROD_DB_01 odoo.addons.base: Registry loaded for database PROD_DB_01
2026-04-22 12:34:17,719 643418 INFO PROD_DB_01 odoo.addons.base: Worker (643418) serving request count: 11, registry count: 1.
2026-04-22 12:34:20,364 643416 WARNING MASTER_BASE_DEMO_STD_V10 werkzeug: Deprecated method called in module sale
2026-04-22 12:34:22,197 643419 DEBUG MASTER_BASE_DEMO_STD_V10 odoo.sql_db: Query time: 0.0434s
2026-04-22 12:34:23,984 643420 INFO MASTER_BASE_DEMO_STD_V10 werkzeug: Worker (643420) serving request count: 96, registry count: 1.
2026-04-22 12:34:25,512 643418 INFO MASTER_BASE_DEMO_STD_V10 odoo.addons.base: Module base loaded in 2.286s
2026-04-22 12:34:25,615 643419 DEBUG MASTER_BASE_DEMO_STD_V10 odoo.addons.base.models: Cache lookup for user 62
2026-04-22 12:34:28,513 643415 DEBUG PROD_DB_01 odoo.addons.base.models: SELECT id, name FROM res_partner WHERE active = true LIMIT 80
2026-04-22 12:34:30,491 643420 CRITICAL ? odoo.service.server: Worker 643420 killed after timeout
2026-04-22 12:34:32,480 643416 DEBUG MASTER_BASE_DEMO_STD_V10 odoo.sql_db: Registry cache hit for model res.users
2026-04-22 12:34:33,254 643420 WARNING MASTER_BASE_DEMO_STD_V10 odoo.sql_db: Memory usage high: 71%
2026-04-22 12:34:36,214 643420 INFO MASTER_BASE_DEMO_STD_V10 odoo.addons.base: Request from 192.168.1.72 processed in 441ms
2026-04-22 12:34:39,016 643417 WARNING PROD_DB_01 odoo.http: Deprecated method called in module sale
2026-04-22 12:34:40,717 643420 INFO MASTER_BASE_DEMO_STD_V10 odoo.service.server: Module base loaded in 1.304s
2026-04-22 12:34:41,473 643415 INFO PROD_DB_01 odoo.addons.base: Request from 192.168.1.51 processed in 357ms
2026-04-22 12:34:42,644 643417 DEBUG MASTER_BASE_DEMO_STD_V10 odoo.modules.registry: SELECT id, name FROM res_partner WHERE active = true LIMIT 80
2026-04-22 12:34:44,590 643419 INFO MASTER_BASE_DEMO_STD_V10 odoo.modules.loading: Request from 192.168.1.187 processed in 49ms
2026-04-22 12:34:44,682 643416 INFO PROD_DB_01 werkzeug: Module base loaded in 2.364s
2026-04-22 12:34:47,362 643420 ERROR MASTER_BASE_DEMO_STD_V10 odoo.http: HTTP 500 Internal Server Error on /web/action/load
2026-04-22 12:34:48,965 643415 DEBUG MASTER_BASE_DEMO_STD_V10 odoo.modules.registry: Cache lookup for user 41
2026-04-22 12:34:49,786 643416 INFO MASTER_BASE_DEMO_STD_V10 odoo.modules.loading: Module base loaded in 1.774s
2026-04-22 12:34:51,842 643415 INFO PROD_DB_01 odoo.http: Worker (643415) serving request count: 67, registry count: 1.
2026-04-22 12:34:54,289 643415 INFO MASTER_BASE_DEMO_STD_V10 werkzeug: Worker (643415) serving request count: 88, registry count: 1.
2026-04-22 12:34:57,204 643417 ERROR PROD_DB_01 odoo.sql_db: Traceback (most recent call last):
  File "/odoo/odoo/http.py", line 1234, in dispatch
    return self._dispatch()
ValueError: invalid literal for int() with base 10
2026-04-22 12:34:58,147 643417 INFO MASTER_BASE_DEMO_STD_V10 odoo.service.server: Worker (643417) serving request count: 81, registry count: 1.
2026-04-22 12:35:00,600 643418 INFO ? odoo.addons.base: Module base loaded in 1.783s
2026-04-22 12:35:01,300 643415 INFO PROD_DB_01 odoo.http: Module base loaded in 0.549s
2026-04-22 12:35:02,016 643417 INFO MASTER_BASE_DEMO_STD_V10 odoo.service.server: HTTP POST /web/dataset/call_kw/res.partner/read HTTP/1.1 200
2026-04-22 12:35:03,847 643420 DEBUG ? odoo.sql_db: Query time: 0.0134s
2026-04-22 12:35:06,676 643418 INFO MASTER_BASE_DEMO_STD_V10 odoo.modules.loading: Registry loaded for database MASTER_BASE_DEMO_STD_V10
2026-04-22 12:35:09,091 643417 INFO MASTER_BASE_DEMO_STD_V10 odoo.modules.loading: HTTP POST /web/dataset/call_kw/res.partner/read HTTP/1.1 200
2026-04-22 12:35:11,467 643416 WARNING MASTER_BASE_DEMO_STD_V10 odoo.service.server: Connection pool near capacity: 81/100
2026-04-22 12:35:12,934 643416 INFO MASTER_BASE_DEMO_STD_V10 werkzeug: Worker (643416) serving request count: 19, registry count: 1.
2026-04-22 12:35:14,243 643417 INFO MASTER_BASE_DEMO_STD_V10 odoo.modules.loading: HTTP POST /web/dataset/call_kw/res.partner/read HTTP/1.1 200
2026-04-22 12:35:14,313 643417 INFO PROD_DB_01 odoo.service.server: Worker (643417) serving request count: 88, registry count: 1.
2026-04-22 12:35:17,100 643418 INFO ? odoo.modules.loading: Module base loaded in 1.030s
2026-04-22 12:35:18,787 643416 WARNING PROD_DB_01 werkzeug: Memory usage high: 81%
2026-04-22 12:35:21,239 643420 INFO MASTER_BASE_DEMO_STD_V10 odoo.modules.loading: Request from 192.168.1.95 processed in 190ms
2026-04-22 12:35:23,743 643419 WARNING MASTER_BASE_DEMO_STD_V10 odoo.http: Slow query detected: 1.98s
2026-04-22 12:35:25,576 643417 INFO ? odoo.modules.loading: Registry loaded for database ?
2026-04-22 12:35:26,695 643415 ERROR ? odoo.http: Traceback (most recent call last):
  File "/odoo/odoo/http.py", line 1234, in dispatch
    return self._dispatch()
ValueError: invalid literal for int() with base 10
2026-04-22 12:35:29,539 643418 INFO MASTER_BASE_DEMO_STD_V10 werkzeug: Request from 192.168.1.207 processed in 47ms
2026-04-22 12:35:31,245 643420 WARNING MASTER_BASE_DEMO_STD_V10 odoo.http: Deprecated method called in module sale
2026-04-22 12:35:33,973 643418 ERROR ? werkzeug: psycopg2.OperationalError: connection to server failed
2026-04-22 12:35:35,763 643417 INFO MASTER_BASE_DEMO_STD_V10 odoo.addons.base: Registry loaded for database MASTER_BASE_DEMO_STD_V10
2026-04-22 12:35:37,185 643420 WARNING PROD_DB_01 odoo.sql_db: Memory usage high: 87%
2026-04-22 12:35:37,562 643420 INFO PROD_DB_01 odoo.addons.base: Registry loaded for database PROD_DB_01
2026-04-22 12:35:37,810 643418 INFO MASTER_BASE_DEMO_STD_V10 odoo.service.server: HTTP POST /web/dataset/call_kw/res.partner/read HTTP/1.1 200
2026-04-22 12:35:39,372 643420 INFO PROD_DB_01 odoo.http: Worker (643420) serving request count: 4, registry count: 1.
2026-04-22 12:35:40,883 643417 INFO ? odoo.http: Module base loaded in 1.530s
2026-04-22 12:35:41,082 643420 INFO ? odoo.modules.loading: Worker (643420) serving request count: 69, registry count: 1.
2026-04-22 12:35:43,153 643420 INFO PROD_DB_01 odoo.http: HTTP POST /web/dataset/call_kw/res.partner/read HTTP/1.1 200
2026-04-22 12:35:45,080 643419 INFO PROD_DB_01 odoo.http: Request from 192.168.1.10 processed in 80ms
2026-04-22 12:35:47,229 643418 CRITICAL MASTER_BASE_DEMO_STD_V10 odoo.service.server: Worker 643418 killed after timeout
2026-04-22 12:35:48,515 643420 INFO MASTER_BASE_DEMO_STD_V10 odoo.modules.loading: Request from 192.168.1.244 processed in 387ms
2026-04-22 12:35:49,041 643418 WARNING PROD_DB_01 odoo.service.server: Connection pool near capacity: 87/100
2026-04-22 12:35:51,028 643419 INFO ? odoo.http: HTTP POST /web/dataset/call_kw/res.partner/read HTTP/1.1 200
2026-04-22 12:35:51,265 643420 DEBUG MASTER_BASE_DEMO_STD_V10 odoo.addons.base.models: Cache lookup for user 1
2026-04-22 12:35:51,391 643416 WARNING MASTER_BASE_DEMO_STD_V10 odoo.service.server: Slow query detected: 2.43s
2026-04-22 12:35:51,515 643416 DEBUG MASTER_BASE_DEMO_STD_V10 odoo.sql_db: Cache lookup for user 94
2026-04-22 12:35:53,288 643419 DEBUG PROD_DB_01 odoo.addons.base.models: SELECT id, name FROM res_partner WHERE active = true LIMIT 80
2026-04-22 12:35:54,733 643417 INFO ? odoo.modules.loading: HTTP POST /web/dataset/call_kw/res.partner/read HTTP/1.1 200
2026-04-22 12:35:55,479 643420 DEBUG PROD_DB_01 odoo.modules.registry: SELECT id, name FROM res_partner WHERE active = true LIMIT 80
2026-04-22 12:35:57,521 643420 DEBUG PROD_DB_01 odoo.sql_db: Query time: 0.0112s
2026-04-22 12:35:58,766 643417 WARNING ? werkzeug: Connection pool near capacity: 85/100
2026-04-22 12:36:00,583 643419 INFO MASTER_BASE_DEMO_STD_V10 odoo.http: Registry loaded for database MASTER_BASE_DEMO_STD_V10
2026-04-22 12:36:01,172 643419 INFO MASTER_BASE_DEMO_STD_V10 odoo.service.server: HTTP POST /web/dataset/call_kw/res.partner/read HTTP/1.1 200
2026-04-22 12:36:01,953 643417 WARNING ? werkzeug: Connection pool near capacity: 86/100
2026-04-22 12:36:03,490 643417 DEBUG PROD_DB_01 odoo.addons.base.models: Registry cache hit for model res.users
2026-04-22 12:36:05,566 643418 WARNING PROD_DB_01 werkzeug: Connection pool near capacity: 85/100
2026-04-22 12:36:07,797 643415 WARNING ? odoo.http: Memory usage high: 82%
2026-04-22 12:36:09,527 643418 INFO MASTER_BASE_DEMO_STD_V10 odoo.addons.base: Request from 192.168.1.58 processed in 75ms
2026-04-22 12:36:11,914 643419 DEBUG MASTER_BASE_DEMO_STD_V10 odoo.modules.registry: Cache lookup for user 22
2026-04-22 12:36:12,336 643420 ERROR MASTER_BASE_DEMO_STD_V10 werkzeug: Traceback (most recent call last):
  File "/odoo/odoo/http.py", line 1234, in dispatch
    return self._dispatch()
ValueError: invalid literal for int() with base 10
2026-04-22 12:36:14,261 643416 INFO MASTER_BASE_DEMO_STD_V10 odoo.modules.loading: Module base loaded in 2.311s
2026-04-22 12:36:15,511 643416 INFO MASTER_BASE_DEMO_STD_V10 odoo.modules.loading: HTTP POST /web/dataset/call_kw/res.partner/read HTTP/1.1 200
2026-04-22 12:36:16,551 643418 WARNING ? odoo.sql_db: Slow query detected: 4.31s
2026-04-22 12:36:16,887 643418 INFO MASTER_BASE_DEMO_STD_V10 werkzeug: Request from 192.168.1.222 processed in 271ms
2026-04-22 12:36:18,002 643418 ERROR MASTER_BASE_DEMO_STD_V10 odoo.sql_db: AccessError: You do not have access rights to write on res.partner
2026-04-22 12:36:18,296 643418 INFO ? odoo.service.server: Registry loaded for database ?
2026-04-22 12:36:18,854 643418 INFO PROD_DB_01 odoo.addons.base: Module base loaded in 1.833s
2026-04-22 12:36:21,593 643418 INFO MASTER_BASE_DEMO_STD_V10 werkzeug: Request from 192.168.1.54 processed in 140ms
2026-04-22 12:36:24,547 643418 INFO MASTER_BASE_DEMO_STD_V10 odoo.http: Registry loaded for database MASTER_BASE_DEMO_STD_V10
2026-04-22 12:36:25,653 643420 DEBUG MASTER_BASE_DEMO_STD_V10 odoo.sql_db: SELECT id, name FROM res_partner WHERE active = true LIMIT 80
2026-04-22 12:36:27,222 643416 DEBUG PROD_DB_01 odoo.modules.registry: Query time: 0.0473s
2026-04-22 12:36:30,192 643418 INFO PROD_DB_01 odoo.modules.loading: HTTP POST /web/dataset/call_kw/res.partner/read HTTP/1.1 200
2026-04-22 12:36:31,815 643417 INFO MASTER_BASE_DEMO_STD_V10 odoo.service.server: HTTP POST /web/dataset/call_kw/res.partner/read HTTP/1.1 200
2026-04-22 12:36:32,927 643415 INFO ? werkzeug: Worker (643415) serving request count: 22, registry count: 1.
2026-04-22 12:36:35,029 643419 INFO PROD_DB_01 werkzeug: HTTP POST /web/dataset/call_kw/res.partner/read HTTP/1.1 200
2026-04-22 12:36:35,797 643418 INFO ? odoo.service.server: Module base loaded in 0.922s
2026-04-22 12:36:36,765 643416 INFO MASTER_BASE_DEMO_STD_V10 odoo.modules.loading: Request from 192.168.1.92 processed in 260ms
2026-04-22 12:36:38,961 643420 ERROR MASTER_BASE_DEMO_STD_V10 odoo.service.server: psycopg2.OperationalError: connection to server failed
2026-04-22 12:36:41,576 643418 INFO PROD_DB_01 odoo.addons.base: HTTP POST /web/dataset/call_kw/res.partner/read HTTP/1.1 200
2026-04-22 12:36:41,855 643415 INFO MASTER_BASE_DEMO_STD_V10 odoo.modules.loading: Worker (643415) serving request count: 95, registry count: 1.
2026-04-22 12:36:44,729 643416 DEBUG MASTER_BASE_DEMO_STD_V10 odoo.sql_db: Query time: 0.0490s
2026-04-22 12:36:45,557 643415 DEBUG MASTER_BASE_DEMO_STD_V10 odoo.sql_db: Registry cache hit for model res.users
2026-04-22 12:36:46,606 643416 DEBUG ? odoo.modules.registry: Query time: 0.0058s
2026-04-22 12:36:46,955 643420 INFO MASTER_BASE_DEMO_STD_V10 werkzeug: HTTP POST /web/dataset/call_kw/res.partner/read HTTP/1.1 200
2026-04-22 12:36:49,455 643416 INFO MASTER_BASE_DEMO_STD_V10 odoo.addons.base: Registry loaded for database MASTER_BASE_DEMO_STD_V10
2026-04-22 12:36:50,302 643420 DEBUG ? odoo.sql_db: Query time: 0.0133s
2026-04-22 12:36:52,937 643418 INFO ? odoo.addons.base: HTTP POST /web/dataset/call_kw/res.partner/read HTTP/1.1 200
2026-04-22 12:36:54,384 643416 INFO PROD_DB_01 werkzeug: Module base loaded in 1.270s
2026-04-22 12:36:56,361 643419 INFO MASTER_BASE_DEMO_STD_V10 odoo.service.server: Registry loaded for database MASTER_BASE_DEMO_STD_V10
2026-04-22 12:36:59,023 643417 DEBUG MASTER_BASE_DEMO_STD_V10 odoo.sql_db: Registry cache hit for model res.users
2026-04-22 12:37:00,331 643416 INFO PROD_DB_01 odoo.addons.base: HTTP POST /web/dataset/call_kw/res.partner/read HTTP/1.1 200
2026-04-22 12:37:02,719 643416 DEBUG PROD_DB_01 odoo.sql_db: Registry cache hit for model res.users
2026-04-22 12:37:05,268 643416 DEBUG PROD_DB_01 odoo.addons.base.models: Cache lookup for user 84
2026-04-22 12:37:06,421 643420 INFO PROD_DB_01 werkzeug: Module base loaded in 0.990s
2026-04-22 12:37:07,920 643417 WARNING PROD_DB_01 werkzeug: Deprecated method called in module sale
2026-04-22 12:37:08,196 643418 ERROR PROD_DB_01 odoo.http: AccessError: You do not have access rights to write on res.partner
2026-04-22 12:37:08,325 643417 WARNING MASTER_BASE_DEMO_STD_V10 odoo.http: Connection pool near capacity: 88/100
2026-04-22 12:37:09,693 643415 INFO ? odoo.http: Worker (643415) serving request count: 95, registry count: 1.
2026-04-22 12:37:11,803 643419 INFO PROD_DB_01 odoo.service.server: Registry loaded for database PROD_DB_01
2026-04-22 12:37:14,281 643420 INFO MASTER_BASE_DEMO_STD_V10 werkzeug: Module base loaded in 1.269s
2026-04-22 12:37:16,731 643419 INFO MASTER_BASE_DEMO_STD_V10 odoo.service.server: Registry loaded for database MASTER_BASE_DEMO_STD_V10
2026-04-22 12:37:17,235 643417 INFO MASTER_BASE_DEMO_STD_V10 odoo.http: Worker (643417) serving request count: 94, registry count: 1.
2026-04-22 12:37:19,700 643416 INFO MASTER_BASE_DEMO_STD_V10 odoo.addons.base: HTTP POST /web/dataset/call_kw/res.partner/read HTTP/1.1 200
2026-04-22 12:37:20,817 643420 DEBUG PROD_DB_01 odoo.addons.base.models: SELECT id, name FROM res_partner WHERE active = true LIMIT 80
2026-04-22 12:37:23,780 643420 DEBUG PROD_DB_01 odoo.modules.registry: Registry cache hit for model res.users
2026-04-22 12:37:25,748 643417 INFO PROD_DB_01 odoo.http: HTTP POST /web/dataset/call_kw/res.partner/read HTTP/1.1 200
2026-04-22 12:37:25,892 643420 INFO ? werkzeug: HTTP POST /web/dataset/call_kw/res.partner/read HTTP/1.1 200
2026-04-22 12:37:28,040 643415 INFO ? odoo.service.server: Registry loaded for database ?
2026-04-22 12:37:30,444 643417 INFO MASTER_BASE_DEMO_STD_V10 odoo.service.server: HTTP POST /web/dataset/call_kw/res.partner/read HTTP/1.1 200
2026-04-22 12:37:32,597 643416 WARNING MASTER_BASE_DEMO_STD_V10 werkzeug: Memory usage high: 72%
2026-04-22 12:37:34,554 643417 INFO MASTER_BASE_DEMO_STD_V10 odoo.http: Registry loaded for database MASTER_BASE_DEMO_STD_V10
2026-04-22 12:37:37,440 643419 DEBUG ? odoo.sql_db: SELECT id, name FROM res_partner WHERE active = true LIMIT 80
2026-04-22 12:37:39,087 643419 INFO MASTER_BASE_DEMO_STD_V10 odoo.http: HTTP POST /web/dataset/call_kw/res.partner/read HTTP/1.1 200
2026-04-22 12:37:40,474 643420 INFO MASTER_BASE_DEMO_STD_V10 odoo.addons.base: Worker (643420) serving request count: 92, registry count: 1.
2026-04-22 12:37:41,131 643416 INFO MASTER_BASE_DEMO_STD_V10 odoo.service.server: Request from 192.168.1.7 processed in 278ms
2026-04-22 12:37:43,393 643416 INFO MASTER_BASE_DEMO_STD_V10 odoo.http: Worker (643416) serving request count: 30, registry count: 1.
2026-04-22 12:37:44,111 643417 INFO PROD_DB_01 odoo.modules.loading: Request from 192.168.1.240 processed in 475ms
2026-04-22 12:37:45,961 643416 INFO ? odoo.service.server: Worker (643416) serving request count: 96, registry count: 1.
2026-04-22 12:37:46,212 643418 INFO ? odoo.modules.loading: Request from 192.168.1.53 processed in 399ms
2026-04-22 12:37:46,979 643415 INFO MASTER_BASE_DEMO_STD_V10 odoo.modules.loading: HTTP POST /web/dataset/call_kw/res.partner/read HTTP/1.1 200
2026-04-22 12:37:48,326 643417 INFO MASTER_BASE_DEMO_STD_V10 odoo.service.server: HTTP POST /web/dataset/call_kw/res.partner/read HTTP/1.1 200
2026-04-22 12:37:50,247 643415 INFO ? werkzeug: Module base loaded in 0.951s
2026-04-22 12:37:52,075 643415 ERROR PROD_DB_01 odoo.http: psycopg2.OperationalError: connection to server failed
2026-04-22 12:37:54,761 643420 WARNING ? odoo.sql_db: Connection pool near capacity: 88/100
2026-04-22 12:37:55,387 643415 WARNING MASTER_BASE_DEMO_STD_V10 odoo.sql_db: Memory usage high: 74%
2026-04-22 12:37:55,687 643415 DEBUG MASTER_BASE_DEMO_STD_V10 odoo.addons.base.models: Cache lookup for user 48
2026-04-22 12:37:57,454 643416 INFO MASTER_BASE_DEMO_STD_V10 odoo.modules.loading: Request from 192.168.1.94 processed in 455ms
2026-04-22 12:37:58,339 643418 INFO PROD_DB_01 odoo.http: Module base loaded in 1.980s
2026-04-22 12:38:00,316 643415 INFO MASTER_BASE_DEMO_STD_V10 werkzeug: HTTP POST /web/dataset/call_kw/res.partner/read HTTP/1.1 200
2026-04-22 12:38:01,013 643416 INFO PROD_DB_01 odoo.modules.loading: Registry loaded for database PROD_DB_01
2026-04-22 12:38:02,763 643418 WARNING ? odoo.http: Memory usage high: 79%
2026-04-22 12:38:03,865 643418 INFO PROD_DB_01 odoo.addons.base: HTTP POST /web/dataset/call_kw/res.partner/read HTTP/1.1 200
2026-04-22 12:38:04,430 643416 INFO MASTER_BASE_DEMO_STD_V10 odoo.modules.loading: Registry loaded for database MASTER_BASE_DEMO_STD_V10
2026-04-22 12:38:06,999 643417 INFO MASTER_BASE_DEMO_STD_V10 odoo.http: Registry loaded for database MASTER_BASE_DEMO_STD_V10
2026-04-22 12:38:09,468 643420 INFO PROD_DB_01 odoo.modules.loading: HTTP POST /web/dataset/call_kw/res.partner/read HTTP/1.1 200
2026-04-22 12:38:09,658 643420 DEBUG ? odoo.addons.base.models: Registry cache hit for model res.users
2026-04-22 12:38:10,293 643415 DEBUG MASTER_BASE_DEMO_STD_V10 odoo.sql_db: Cache lookup for user 2
2026-04-22 12:38:11,751 643418 INFO ? werkzeug: Registry loaded for database ?
2026-04-22 12:38:12,945 643415 DEBUG PROD_DB_01 odoo.modules.registry: Query time: 0.0498s
2026-04-22 12:38:14,991 643417 WARNING ? odoo.sql_db: Connection pool near capacity: 90/100
2026-04-22 12:38:16,537 643415 INFO MASTER_BASE_DEMO_STD_V10 odoo.addons.base: Request from 192.168.1.33 processed in 53ms
2026-04-22 12:38:18,841 643415 DEBUG MASTER_BASE_DEMO_STD_V10 odoo.modules.registry: SELECT id, name FROM res_partner WHERE active = true LIMIT 80
2026-04-22 12:38:19,638 643419 INFO MASTER_BASE_DEMO_STD_V10 odoo.modules.loading: Worker (643419) serving request count: 29, registry count: 1.
2026-04-22 12:38:21,137 643420 INFO MASTER_BASE_DEMO_STD_V10 odoo.addons.base: HTTP POST /web/dataset/call_kw/res.partner/read HTTP/1.1 200
2026-04-22 12:38:23,396 643417 INFO MASTER_BASE_DEMO_STD_V10 odoo.http: HTTP POST /web/dataset/call_kw/res.partner/read HTTP/1.1 200
2026-04-22 12:38:26,379 643416 INFO ? odoo.modules.loading: HTTP POST /web/dataset/call_kw/res.partner/read HTTP/1.1 200
2026-04-22 12:38:28,380 643418 INFO MASTER_BASE_DEMO_STD_V10 odoo.http: Module base loaded in 1.800s
2026-04-22 12:38:30,941 643416 DEBUG MASTER_BASE_DEMO_STD_V10 odoo.sql_db: Registry cache hit for model res.users
2026-04-22 12:38:31,647 643418 WARNING MASTER_BASE_DEMO_STD_V10 werkzeug: Slow query detected: 4.25s
2026-04-22 12:38:33,132 643416 INFO PROD_DB_01 odoo.modules.loading: HTTP POST /web/dataset/call_kw/res.partner/read HTTP/1.1 200
2026-04-22 12:38:33,803 643420 INFO MASTER_BASE_DEMO_STD_V10 odoo.http: HTTP POST /web/dataset/call_kw/res.partner/read HTTP/1.1 200
2026-04-22 12:38:36,000 643417 INFO ? odoo.modules.loading: HTTP POST /web/dataset/call_kw/res.partner/read HTTP/1.1 200
2026-04-22 12:38:38,548 643420 INFO MASTER_BASE_DEMO_STD_V10 odoo.http: Module base loaded in 1.016s
2026-04-22 12:38:41,165 643415 INFO MASTER_BASE_DEMO_STD_V10 werkzeug: Request from 192.168.1.195 processed in 154ms
2026-04-22 12:38:43,686 643420 ERROR PROD_DB_01 odoo.http: AccessError: You do not have access rights to write on res.partner
2026-04-22 12:38:45,507 643420 INFO MASTER_BASE_DEMO_STD_V10 odoo.http: Module base loaded in 0.762s
2026-04-22 12:38:47,637 643420 INFO PROD_DB_01 odoo.http: Registry loaded for database PROD_DB_01
2026-04-22 12:38:50,086 643416 INFO ? odoo.http: HTTP POST /web/dataset/call_kw/res.partner/read HTTP/1.1 200
2026-04-22 12:38:51,675 643419 DEBUG ? odoo.sql_db: SELECT id, name FROM res_partner WHERE active = true LIMIT 80
2026-04-22 12:38:52,113 643419 INFO MASTER_BASE_DEMO_STD_V10 odoo.http: Registry loaded for database MASTER_BASE_DEMO_STD_V10
2026-04-22 12:38:55,105 643418 DEBUG PROD_DB_01 odoo.addons.base.models: SELECT id, name FROM res_partner WHERE active = true LIMIT 80
2026-04-22 12:38:57,727 643418 DEBUG ? odoo.addons.base.models: Registry cache hit for model res.users
2026-04-22 12:39:00,359 643415 ERROR MASTER_BASE_DEMO_STD_V10 odoo.service.server: AccessError: You do not have access rights to write on res.partner
2026-04-22 12:39:02,279 643415 WARNING PROD_DB_01 odoo.service.server: Slow query detected: 4.36s
2026-04-22 12:39:04,155 643417 WARNING PROD_DB_01 werkzeug: Slow query detected: 3.95s
2026-04-22 12:39:06,446 643419 DEBUG ? odoo.modules.registry: Cache lookup for user 23
2026-04-22 12:39:07,863 643415 INFO MASTER_BASE_DEMO_STD_V10 odoo.http: Request from 192.168.1.213 processed in 161ms
2026-04-22 12:39:09,576 643420 INFO ? odoo.modules.loading: Registry loaded for database ?
2026-04-22 12:39:11,006 643417 WARNING PROD_DB_01 odoo.http: Deprecated method called in module sale
2026-04-22 12:39:13,439 643416 INFO PROD_DB_01 odoo.addons.base: Request from 192.168.1.138 processed in 96ms
2026-04-22 12:39:13,871 643416 INFO ? odoo.http: Registry loaded for database ?
2026-04-22 12:39:15,498 643416 INFO PROD_DB_01 odoo.addons.base: Registry loaded for database PROD_DB_01
2026-04-22 12:39:16,555 643415 INFO PROD_DB_01 odoo.service.server: Worker (643415) serving request count: 89, registry count: 1.
2026-04-22 12:39:18,408 643416 DEBUG MASTER_BASE_DEMO_STD_V10 odoo.sql_db: SELECT id, name FROM res_partner WHERE active = true LIMIT 80
2026-04-22 12:39:20,437 643419 WARNING ? odoo.http: Memory usage high: 90%
2026-04-22 12:39:21,558 643420 DEBUG PROD_DB_01 odoo.modules.registry: Registry cache hit for model res.users
2026-04-22 12:39:23,821 643417 INFO MASTER_BASE_DEMO_STD_V10 odoo.http: HTTP POST /web/dataset/call_kw/res.partner/read HTTP/1.1 200
2026-04-22 12:39:24,398 643419 INFO ? odoo.addons.base: Module base loaded in 0.647s
2026-04-22 12:39:27,323 643420 DEBUG MASTER_BASE_DEMO_STD_V10 odoo.modules.registry: Cache lookup for user 7
2026-04-22 12:39:29,166 643419 INFO ? odoo.service.server: HTTP POST /web/dataset/call_kw/res.partner/read HTTP/1.1 200
2026-04-22 12:39:29,451 643420 ERROR ? odoo.http: psycopg2.OperationalError: connection to server failed
2026-04-22 12:39:30,952 643420 INFO PROD_DB_01 odoo.addons.base: HTTP POST /web/dataset/call_kw/res.partner/read HTTP/1.1 200
2026-04-22 12:39:32,766 643418 DEBUG MASTER_BASE_DEMO_STD_V10 odoo.modules.registry: Query time: 0.0115s
2026-04-22 12:39:35,671 643419 DEBUG PROD_DB_01 odoo.sql_db: Cache lookup for user 66
2026-04-22 12:39:37,931 643416 CRITICAL PROD_DB_01 odoo.service.server: Failed to load registry for PROD_DB_01: database does not exist
2026-04-22 12:39:38,197 643419 DEBUG PROD_DB_01 odoo.addons.base.models: SELECT id, name FROM res_partner WHERE active = true LIMIT 80
2026-04-22 12:39:39,941 643419 DEBUG MASTER_BASE_DEMO_STD_V10 odoo.sql_db: Registry cache hit for model res.users
2026-04-22 12:39:40,111 643416 DEBUG ? odoo.addons.base.models: SELECT id, name FROM res_partner WHERE active = true LIMIT 80
2026-04-22 12:39:42,512 643418 DEBUG ? odoo.modules.registry: Registry cache hit for model res.users
2026-04-22 12:39:43,311 643417 INFO PROD_DB_01 odoo.modules.loading: Worker (643417) serving request count: 33, registry count: 1.
2026-04-22 12:39:45,005 643417 INFO PROD_DB_01 odoo.service.server: Module base loaded in 0.326s
2026-04-22 12:39:47,537 643415 INFO MASTER_BASE_DEMO_STD_V10 odoo.http: HTTP POST /web/dataset/call_kw/res.partner/read HTTP/1.1 200
2026-04-22 12:39:47,606 643415 INFO PROD_DB_01 odoo.service.server: Request from 192.168.1.205 processed in 468ms
2026-04-22 12:39:48,428 643416 DEBUG ? odoo.sql_db: SELECT id, name FROM res_partner WHERE active = true LIMIT 80
2026-04-22 12:39:49,111 643420 DEBUG MASTER_BASE_DEMO_STD_V10 odoo.modules.registry: Registry cache hit for model res.users
2026-04-22 12:39:49,770 643419 WARNING ? odoo.sql_db: Connection pool near capacity: 83/100
2026-04-22 12:39:51,249 643415 DEBUG MASTER_BASE_DEMO_STD_V10 odoo.sql_db: Registry cache hit for model res.users
2026-04-22 12:39:52,680 643419 ERROR ? werkzeug: psycopg2.OperationalError: connection to server failed
2026-04-22 12:39:55,001 643420 INFO MASTER_BASE_DEMO_STD_V10 odoo.http: Registry loaded for database MASTER_BASE_DEMO_STD_V10
2026-04-22 12:39:56,518 643415 INFO ? odoo.addons.base: Module base loaded in 0.318s
2026-04-22 12:39:58,874 643419 DEBUG ? odoo.addons.base.models: Query time: 0.0325s
2026-04-22 12:40:00,758 643416 WARNING PROD_DB_01 werkzeug: Memory usage high: 72%
2026-04-22 12:40:02,820 643415 INFO ? odoo.addons.base: Module base loaded in 2.481s
2026-04-22 12:40:05,732 643420 INFO MASTER_BASE_DEMO_STD_V10 odoo.modules.loading: HTTP POST /web/dataset/call_kw/res.partner/read HTTP/1.1 200
2026-04-22 12:40:06,492 643419 DEBUG MASTER_BASE_DEMO_STD_V10 odoo.addons.base.models: Cache lookup for user 39
2026-04-22 12:40:07,982 643416 ERROR MASTER_BASE_DEMO_STD_V10 werkzeug: Traceback (most recent call last):
  File "/odoo/odoo/http.py", line 1234, in dispatch
    return self._dispatch()
ValueError: invalid literal for int() with base 10
2026-04-22 12:40:09,550 643419 DEBUG MASTER_BASE_DEMO_STD_V10 odoo.sql_db: Registry cache hit for model res.users
2026-04-22 12:40:10,911 643420 INFO MASTER_BASE_DEMO_STD_V10 werkzeug: Request from 192.168.1.53 processed in 297ms
2026-04-22 12:40:11,804 643418 ERROR MASTER_BASE_DEMO_STD_V10 odoo.service.server: psycopg2.OperationalError: connection to server failed
2026-04-22 12:40:14,555 643416 WARNING PROD_DB_01 odoo.http: Memory usage high: 81%
2026-04-22 12:40:15,243 643415 INFO MASTER_BASE_DEMO_STD_V10 odoo.addons.base: Module base loaded in 1.733s
2026-04-22 12:40:17,969 643416 DEBUG PROD_DB_01 odoo.modules.registry: Cache lookup for user 54
2026-04-22 12:40:19,158 643418 WARNING MASTER_BASE_DEMO_STD_V10 werkzeug: Memory usage high: 90%
2026-04-22 12:40:22,058 643415 WARNING MASTER_BASE_DEMO_STD_V10 odoo.http: Slow query detected: 1.75s
2026-04-22 12:40:22,380 643418 INFO PROD_DB_01 odoo.modules.loading: Registry loaded for database PROD_DB_01
2026-04-22 12:40:24,626 643417 INFO PROD_DB_01 odoo.service.server: Worker (643417) serving request count: 51, registry count: 1.
2026-04-22 12:40:26,948 643415 WARNING MASTER_BASE_DEMO_STD_V10 odoo.http: Memory usage high: 85%
2026-04-22 12:40:27,454 643415 INFO ? odoo.modules.loading: Worker (643415) serving request count: 89, registry count: 1.
2026-04-22 12:40:30,024 643418 INFO MASTER_BASE_DEMO_STD_V10 werkzeug: HTTP POST /web/dataset/call_kw/res.partner/read HTTP/1.1 200
2026-04-22 12:40:30,935 643416 DEBUG MASTER_BASE_DEMO_STD_V10 odoo.addons.base.models: Query time: 0.0017s
2026-04-22 12:40:31,703 643417 INFO MASTER_BASE_DEMO_STD_V10 odoo.service.server: HTTP POST /web/dataset/call_kw/res.partner/read HTTP/1.1 200
2026-04-22 12:40:32,675 643415 INFO MASTER_BASE_DEMO_STD_V10 odoo.http: Registry loaded for database MASTER_BASE_DEMO_STD_V10
2026-04-22 12:40:33,731 643415 DEBUG PROD_DB_01 odoo.addons.base.models: Query time: 0.0089s
2026-04-22 12:40:34,237 643415 DEBUG ? odoo.addons.base.models: Registry cache hit for model res.users
2026-04-22 12:40:35,604 643420 INFO MASTER_BASE_DEMO_STD_V10 odoo.service.server: HTTP POST /web/dataset/call_kw/res.partner/read HTTP/1.1 200
2026-04-22 12:40:37,241 643415 WARNING MASTER_BASE_DEMO_STD_V10 odoo.http: Deprecated method called in module sale
2026-04-22 12:40:39,948 643415 WARNING ? werkzeug: Slow query detected: 2.49s
2026-04-22 12:40:42,007 643420 DEBUG PROD_DB_01 odoo.addons.base.models: Cache lookup for user 20
2026-04-22 12:40:43,532 643419 INFO PROD_DB_01 odoo.modules.loading: Worker (643419) serving request count: 50, registry count: 1.
2026-04-22 12:40:43,667 643417 INFO PROD_DB_01 odoo.modules.loading: HTTP POST /web/dataset/call_kw/res.partner/read HTTP/1.1 200
2026-04-22 12:40:45,364 643416 INFO PROD_DB_01 odoo.modules.loading: Registry loaded for database PROD_DB_01
2026-04-22 12:40:47,266 643420 INFO ? werkzeug: Worker (643420) serving request count: 42, registry count: 1.
2026-04-22 12:40:49,486 643420 INFO MASTER_BASE_DEMO_STD_V10 odoo.modules.loading: HTTP POST /web/dataset/call_kw/res.partner/read HTTP/1.1 200
2026-04-22 12:40:51,433 643417 INFO ? odoo.http: Registry loaded for database ?
2026-04-22 12:40:53,706 643415 DEBUG PROD_DB_01 odoo.addons.base.models: Registry cache hit for model res.users
2026-04-22 12:40:56,015 643417 ERROR ? werkzeug: Traceback (most recent call last):
  File "/odoo/odoo/http.py", line 1234, in dispatch
    return self._dispatch()
ValueError: invalid literal for int() with base 10
2026-04-22 12:40:56,162 643418 DEBUG ? odoo.addons.base.models: Registry cache hit for model res.users
2026-04-22 12:40:57,858 643420 DEBUG MASTER_BASE_DEMO_STD_V10 odoo.sql_db: Registry cache hit for model res.users
2026-04-22 12:40:58,442 643420 WARNING ? odoo.service.server: Deprecated method called in module sale
2026-04-22 12:40:58,579 643415 INFO MASTER_BASE_DEMO_STD_V10 odoo.http: Module base loaded in 2.336s
2026-04-22 12:40:59,245 643416 ERROR PROD_DB_01 odoo.sql_db: HTTP 500 Internal Server Error on /web/action/load
2026-04-22 12:41:00,587 643419 DEBUG ? odoo.modules.registry: Query time: 0.0176s
2026-04-22 12:41:01,052 643417 WARNING MASTER_BASE_DEMO_STD_V10 odoo.http: Memory usage high: 87%
2026-04-22 12:41:03,402 643416 DEBUG ? odoo.addons.base.models: Registry cache hit for model res.users
2026-04-22 12:41:06,171 643415 ERROR ? odoo.sql_db: psycopg2.OperationalError: connection to server failed
2026-04-22 12:41:07,781 643416 INFO ? odoo.modules.loading: Module base loaded in 1.751s
2026-04-22 12:41:10,226 643418 DEBUG ? odoo.sql_db: Query time: 0.0485s
2026-04-22 12:41:10,624 643417 ERROR MASTER_BASE_DEMO_STD_V10 odoo.http: Traceback (most recent call last):
  File "/odoo/odoo/http.py", line 1234, in dispatch
    return self._dispatch()
ValueError: invalid literal for int() with base 10
2026-04-22 12:41:11,903 643419 DEBUG MASTER_BASE_DEMO_STD_V10 odoo.sql_db: Registry cache hit for model res.users
2026-04-22 12:41:13,266 643420 INFO MASTER_BASE_DEMO_STD_V10 odoo.http: HTTP POST /web/dataset/call_kw/res.partner/read HTTP/1.1 200
2026-04-22 12:41:14,008 643418 INFO PROD_DB_01 odoo.modules.loading: Request from 192.168.1.132 processed in 148ms
2026-04-22 12:41:15,362 643418 ERROR MASTER_BASE_DEMO_STD_V10 odoo.http: HTTP 500 Internal Server Error on /web/action/load
2026-04-22 12:41:17,250 643417 CRITICAL PROD_DB_01 odoo.service.server: Failed to load registry for PROD_DB_01: database does not exist
2026-04-22 12:41:19,989 643417 INFO MASTER_BASE_DEMO_STD_V10 odoo.http: HTTP POST /web/dataset/call_kw/res.partner/read HTTP/1.1 200
2026-04-22 12:41:22,388 643415 INFO ? odoo.modules.loading: Module base loaded in 1.032s
2026-04-22 12:41:23,974 643420 INFO ? werkzeug: Module base loaded in 2.363s
2026-04-22 12:41:24,814 643419 INFO PROD_DB_01 odoo.service.server: Module base loaded in 0.304s
2026-04-22 12:41:25,328 643419 INFO MASTER_BASE_DEMO_STD_V10 odoo.service.server: Worker (643419) serving request count: 23, registry count: 1.
2026-04-22 12:41:26,348 643419 WARNING MASTER_BASE_DEMO_STD_V10 odoo.sql_db: Deprecated method called in module sale
2026-04-22 12:41:28,784 643416 DEBUG ? odoo.addons.base.models: SELECT id, name FROM res_partner WHERE active = true LIMIT 80
2026-04-22 12:41:29,333 643419 INFO MASTER_BASE_DEMO_STD_V10 odoo.modules.loading: Request from 192.168.1.236 processed in 386ms
2026-04-22 12:41:31,156 643415 WARNING MASTER_BASE_DEMO_STD_V10 odoo.http: Connection pool near capacity: 82/100
2026-04-22 12:41:33,374 643420 INFO MASTER_BASE_DEMO_STD_V10 werkzeug: HTTP POST /web/dataset/call_kw/res.partner/read HTTP/1.1 200
2026-04-22 12:41:35,236 643415 INFO MASTER_BASE_DEMO_STD_V10 odoo.service.server: HTTP POST /web/dataset/call_kw/res.partner/read HTTP/1.1 200
2026-04-22 12:41:36,061 643419 DEBUG MASTER_BASE_DEMO_STD_V10 odoo.sql_db: Registry cache hit for model res.users
2026-04-22 12:41:37,727 643416 DEBUG PROD_DB_01 odoo.addons.base.models: Query time: 0.0212s
2026-04-22 12:41:39,524 643416 INFO PROD_DB_01 odoo.modules.loading: Module base loaded in 2.237s
2026-04-22 12:41:40,234 643417 INFO MASTER_BASE_DEMO_STD_V10 werkzeug: Registry loaded for database MASTER_BASE_DEMO_STD_V10
2026-04-22 12:41:43,044 643415 WARNING ? odoo.sql_db: Connection pool near capacity: 82/100
2026-04-22 12:41:45,883 643420 DEBUG MASTER_BASE_DEMO_STD_V10 odoo.addons.base.models: Cache lookup for user 41
2026-04-22 12:41:47,900 643417 INFO PROD_DB_01 werkzeug: HTTP POST /web/dataset/call_kw/res.partner/read HTTP/1.1 200
2026-04-22 12:41:48,124 643416 DEBUG ? odoo.modules.registry: Cache lookup for user 42
2026-04-22 12:41:50,076 643418 INFO MASTER_BASE_DEMO_STD_V10 werkzeug: Module base loaded in 2.196s
2026-04-22 12:41:52,715 643418 INFO PROD_DB_01 odoo.service.server: Worker (643418) serving request count: 85, registry count: 1.
2026-04-22 12:41:53,518 643419 INFO MASTER_BASE_DEMO_STD_V10 werkzeug: Request from 192.168.1.121 processed in 81ms
2026-04-22 12:41:55,174 643418 INFO PROD_DB_01 odoo.modules.loading: Registry loaded for database PROD_DB_01
2026-04-22 12:41:55,878 643418 INFO MASTER_BASE_DEMO_STD_V10 odoo.http: Registry loaded for database MASTER_BASE_DEMO_STD_V10
2026-04-22 12:41:57,113 643419 INFO ? odoo.modules.loading: Worker (643419) serving request count: 2, registry count: 1.
2026-04-22 12:41:59,745 643417 INFO ? odoo.addons.base: Module base loaded in 1.371s
2026-04-22 12:42:01,324 643420 WARNING MASTER_BASE_DEMO_STD_V10 odoo.service.server: Deprecated method called in module sale
2026-04-22 12:42:02,889 643418 INFO MASTER_BASE_DEMO_STD_V10 odoo.http: Registry loaded for database MASTER_BASE_DEMO_STD_V10
2026-04-22 12:42:05,212 643417 INFO PROD_DB_01 odoo.modules.loading: HTTP POST /web/dataset/call_kw/res.partner/read HTTP/1.1 200
2026-04-22 12:42:08,162 643416 DEBUG MASTER_BASE_DEMO_STD_V10 odoo.sql_db: SELECT id, name FROM res_partner WHERE active = true LIMIT 80
2026-04-22 12:42:10,304 643417 ERROR ? odoo.http: HTTP 500 Internal Server Error on /web/action/load
2026-04-22 12:42:12,521 643415 INFO PROD_DB_01 odoo.service.server: Module base loaded in 0.564s
2026-04-22 12:42:13,157 643420 INFO MASTER_BASE_DEMO_STD_V10 werkzeug: Module base loaded in 0.107s
2026-04-22 12:42:15,183 643419 DEBUG PROD_DB_01 odoo.modules.registry: Registry cache hit for model res.users
2026-04-22 12:42:16,003 643420 ERROR MASTER_BASE_DEMO_STD_V10 odoo.service.server: psycopg2.OperationalError: connection to server failed
2026-04-22 12:42:16,851 643420 INFO PROD_DB_01 odoo.modules.loading: Request from 192.168.1.203 processed in 197ms
2026-04-22 12:42:17,970 643417 INFO PROD_DB_01 odoo.service.server: Request from 192.168.1.8 processed in 338ms
2026-04-22 12:42:19,924 643417 WARNING MASTER_BASE_DEMO_STD_V10 werkzeug: Memory usage high: 89%
2026-04-22 12:42:20,415 643417 ERROR ? odoo.service.server: Traceback (most recent call last):
  File "/odoo/odoo/http.py", line 1234, in dispatch
    return self._dispatch()
ValueError: invalid literal for int() with base 10
2026-04-22 12:42:22,949 643420 INFO MASTER_BASE_DEMO_STD_V10 odoo.addons.base: Module base loaded in 0.397s
2026-04-22 12:42:24,953 643419 INFO PROD_DB_01 werkzeug: Module base loaded in 1.142s
2026-04-22 12:42:25,732 643418 INFO MASTER_BASE_DEMO_STD_V10 odoo.http: HTTP POST /web/dataset/call_kw/res.partner/read HTTP/1.1 200
2026-04-22 12:42:28,719 643415 DEBUG ? odoo.sql_db: Registry cache hit for model res.users
2026-04-22 12:42:30,910 643415 INFO MASTER_BASE_DEMO_STD_V10 odoo.service.server: Registry loaded for database MASTER_BASE_DEMO_STD_V10
2026-04-22 12:42:31,244 643417 INFO MASTER_BASE_DEMO_STD_V10 odoo.addons.base: HTTP POST /web/dataset/call_kw/res.partner/read HTTP/1.1 200
2026-04-22 12:42:32,142 643415 INFO MASTER_BASE_DEMO_STD_V10 odoo.http: HTTP POST /web/dataset/call_kw/res.partner/read HTTP/1.1 200
2026-04-22 12:42:32,406 643415 DEBUG MASTER_BASE_DEMO_STD_V10 odoo.modules.registry: Registry cache hit for model res.users
2026-04-22 12:42:33,019 643416 INFO PROD_DB_01 werkzeug: HTTP POST /web/dataset/call_kw/res.partner/read HTTP/1.1 200
2026-04-22 12:42:35,085 643417 INFO ? odoo.addons.base: Worker (643417) serving request count: 26, registry count: 1.
2026-04-22 12:42:37,521 643416 INFO PROD_DB_01 odoo.service.server: Worker (643416) serving request count: 48, registry count: 1.
2026-04-22 12:42:38,442 643418 INFO MASTER_BASE_DEMO_STD_V10 odoo.addons.base: Registry loaded for database MASTER_BASE_DEMO_STD_V10
2026-04-22 12:42:39,317 643416 WARNING PROD_DB_01 odoo.service.server: Deprecated method called in module sale
2026-04-22 12:42:40,535 643420 INFO ? odoo.addons.base: Registry loaded for database ?
2026-04-22 12:42:41,342 643416 INFO ? odoo.service.server: HTTP POST /web/dataset/call_kw/res.partner/read HTTP/1.1 200
2026-04-22 12:42:42,615 643420 WARNING MASTER_BASE_DEMO_STD_V10 odoo.service.server: Slow query detected: 2.76s
2026-04-22 12:42:43,698 643419 INFO MASTER_BASE_DEMO_STD_V10 odoo.http: Worker (643419) serving request count: 24, registry count: 1.
2026-04-22 12:42:46,696 643418 INFO PROD_DB_01 werkzeug: Registry loaded for database PROD_DB_01
2026-04-22 12:42:49,043 643418 DEBUG MASTER_BASE_DEMO_STD_V10 odoo.sql_db: SELECT id, name FROM res_partner WHERE active = true LIMIT 80
2026-04-22 12:42:49,297 643419 WARNING PROD_DB_01 odoo.sql_db: Slow query detected: 2.56s
2026-04-22 12:42:49,566 643415 INFO MASTER_BASE_DEMO_STD_V10 werkzeug: Registry loaded for database MASTER_BASE_DEMO_STD_V10
2026-04-22 12:42:49,707 643420 INFO MASTER_BASE_DEMO_STD_V10 odoo.service.server: Worker (643420) serving request count: 34, registry count: 1.
2026-04-22 12:42:52,364 643415 DEBUG MASTER_BASE_DEMO_STD_V10 odoo.modules.registry: SELECT id, name FROM res_partner WHERE active = true LIMIT 80
2026-04-22 12:42:53,375 643420 INFO PROD_DB_01 odoo.http: Worker (643420) serving request count: 73, registry count: 1.
2026-04-22 12:42:53,691 643416 INFO ? odoo.service.server: Registry loaded for database ?
2026-04-22 12:42:53,795 643416 DEBUG MASTER_BASE_DEMO_STD_V10 odoo.addons.base.models: Query time: 0.0041s
2026-04-22 12:42:54,998 643420 DEBUG MASTER_BASE_DEMO_STD_V10 odoo.modules.registry: Registry cache hit for model res.users
2026-04-22 12:42:57,872 643416 INFO MASTER_BASE_DEMO_STD_V10 odoo.service.server: Registry loaded for database MASTER_BASE_DEMO_STD_V10
2026-04-22 12:43:00,852 643416 WARNING MASTER_BASE_DEMO_STD_V10 odoo.service.server: Memory usage high: 84%
2026-04-22 12:43:01,573 643419 INFO PROD_DB_01 odoo.addons.base: Module base loaded in 1.864s
2026-04-22 12:43:02,335 643418 DEBUG PROD_DB_01 odoo.modules.registry: Query time: 0.0492s
2026-04-22 12:43:05,140 643416 WARNING ? werkzeug: Connection pool near capacity: 93/100
2026-04-22 12:43:06,553 643416 ERROR ? werkzeug: Traceback (most recent call last):
  File "/odoo/odoo/http.py", line 1234, in dispatch
    return self._dispatch()
ValueError: invalid literal for int() with base 10
2026-04-22 12:43:08,009 643415 INFO MASTER_BASE_DEMO_STD_V10 odoo.addons.base: Worker (643415) serving request count: 81, registry count: 1.
2026-04-22 12:43:08,630 643419 CRITICAL MASTER_BASE_DEMO_STD_V10 odoo.service.server: Out of memory: killing worker
2026-04-22 12:43:09,014 643418 WARNING MASTER_BASE_DEMO_STD_V10 odoo.sql_db: Slow query detected: 3.32s
2026-04-22 12:43:09,992 643420 DEBUG PROD_DB_01 odoo.modules.registry: Query time: 0.0067s
2026-04-22 12:43:11,659 643419 INFO ? odoo.modules.loading: Request from 192.168.1.148 processed in 184ms
2026-04-22 12:43:14,332 643416 DEBUG MASTER_BASE_DEMO_STD_V10 odoo.addons.base.models: SELECT id, name FROM res_partner WHERE active = true LIMIT 80
2026-04-22 12:43:14,823 643419 INFO MASTER_BASE_DEMO_STD_V10 odoo.http: Worker (643419) serving request count: 52, registry count: 1.
2026-04-22 12:43:17,487 643419 INFO MASTER_BASE_DEMO_STD_V10 odoo.service.server: Worker (643419) serving request count: 38, registry count: 1.
2026-04-22 12:43:17,829 643420 INFO ? odoo.service.server: Request from 192.168.1.109 processed in 488ms
2026-04-22 12:43:20,326 643420 INFO ? odoo.http: Registry loaded for database ?
2026-04-22 12:43:22,894 643420 DEBUG ? odoo.sql_db: SELECT id, name FROM res_partner WHERE active = true LIMIT 80
2026-04-22 12:43:25,813 643417 INFO ? odoo.addons.base: HTTP POST /web/dataset/call_kw/res.partner/read HTTP/1.1 200
2026-04-22 12:43:28,668 643417 INFO MASTER_BASE_DEMO_STD_V10 werkzeug: Request from 192.168.1.10 processed in 497ms
2026-04-22 12:43:29,750 643418 INFO MASTER_BASE_DEMO_STD_V10 odoo.modules.loading: Request from 192.168.1.186 processed in 430ms
2026-04-22 12:43:31,355 643418 DEBUG MASTER_BASE_DEMO_STD_V10 odoo.addons.base.models: Query time: 0.0492s
2026-04-22 12:43:33,668 643417 WARNING ? odoo.http: Slow query detected: 3.65s
2026-04-22 12:43:36,483 643419 WARNING ? odoo.sql_db: Memory usage high: 78%
2026-04-22 12:43:39,210 643419 DEBUG PROD_DB_01 odoo.addons.base.models: Cache lookup for user 67
2026-04-22 12:43:41,110 643416 INFO MASTER_BASE_DEMO_STD_V10 odoo.service.server: Worker (643416) serving request count: 43, registry count: 1.
2026-04-22 12:43:41,975 643415 INFO MASTER_BASE_DEMO_STD_V10 odoo.service.server: Worker (643415) serving request count: 96, registry count: 1.
2026-04-22 12:43:42,204 643418 INFO MASTER_BASE_DEMO_STD_V10 odoo.http: Worker (643418) serving request count: 75, registry count: 1.
2026-04-22 12:43:44,075 643420 WARNING MASTER_BASE_DEMO_STD_V10 odoo.sql_db: Deprecated method called in module sale
2026-04-22 12:43:46,157 643418 INFO ? odoo.service.server: HTTP POST /web/dataset/call_kw/res.partner/read HTTP/1.1 200
2026-04-22 12:43:47,921 643415 INFO PROD_DB_01 werkzeug: Request from 192.168.1.143 processed in 364ms
2026-04-22 12:43:50,693 643417 INFO ? odoo.addons.base: Worker (643417) serving request count: 18, registry count: 1.
2026-04-22 12:43:53,079 643415 INFO MASTER_BASE_DEMO_STD_V10 werkzeug: Registry loaded for database MASTER_BASE_DEMO_STD_V10
2026-04-22 12:43:55,817 643415 INFO ? odoo.service.server: Module base loaded in 0.586s
2026-04-22 12:43:58,740 643416 INFO PROD_DB_01 odoo.service.server: Module base loaded in 0.371s
2026-04-22 12:44:00,963 643419 INFO MASTER_BASE_DEMO_STD_V10 odoo.http: Worker (643419) serving request count: 62, registry count: 1.
2026-04-22 12:44:02,957 643420 INFO MASTER_BASE_DEMO_STD_V10 odoo.service.server: HTTP POST /web/dataset/call_kw/res.partner/read HTTP/1.1 200
2026-04-22 12:44:03,605 643415 DEBUG MASTER_BASE_DEMO_STD_V10 odoo.sql_db: Registry cache hit for model res.users
2026-04-22 12:44:06,222 643416 WARNING PROD_DB_01 odoo.http: Memory usage high: 71%
2026-04-22 12:44:07,584 643415 WARNING MASTER_BASE_DEMO_STD_V10 odoo.http: Memory usage high: 82%
2026-04-22 12:44:08,554 643419 DEBUG MASTER_BASE_DEMO_STD_V10 odoo.modules.registry: Cache lookup for user 66
2026-04-22 12:44:11,206 643420 INFO PROD_DB_01 werkzeug: Registry loaded for database PROD_DB_01
2026-04-22 12:44:13,556 643415 INFO MASTER_BASE_DEMO_STD_V10 odoo.service.server: Module base loaded in 0.774s
2026-04-22 12:44:15,798 643417 DEBUG PROD_DB_01 odoo.modules.registry: Registry cache hit for model res.users
2026-04-22 12:44:17,228 643418 INFO ? odoo.http: Module base loaded in 1.615s
2026-04-22 12:44:18,376 643420 ERROR PROD_DB_01 odoo.http: HTTP 500 Internal Server Error on /web/action/load
2026-04-22 12:44:19,406 643417 DEBUG PROD_DB_01 odoo.modules.registry: Cache lookup for user 43
2026-04-22 12:44:20,536 643417 DEBUG MASTER_BASE_DEMO_STD_V10 odoo.addons.base.models: Query time: 0.0446s
2026-04-22 12:44:23,400 643416 DEBUG PROD_DB_01 odoo.sql_db: Registry cache hit for model res.users
2026-04-22 12:44:24,643 643415 DEBUG MASTER_BASE_DEMO_STD_V10 odoo.addons.base.models: Registry cache hit for model res.users
2026-04-22 12:44:26,728 643420 INFO ? werkzeug: Module base loaded in 1.202s
2026-04-22 12:44:27,821 643416 DEBUG PROD_DB_01 odoo.sql_db: Cache lookup for user 71
2026-04-22 12:44:28,143 643415 INFO PROD_DB_01 werkzeug: Module base loaded in 1.501s
2026-04-22 12:44:30,517 643419 INFO PROD_DB_01 odoo.service.server: HTTP POST /web/dataset/call_kw/res.partner/read HTTP/1.1 200
2026-04-22 12:44:32,518 643415 INFO PROD_DB_01 odoo.service.server: Request from 192.168.1.36 processed in 97ms
2026-04-22 12:44:32,855 643415 INFO PROD_DB_01 odoo.modules.loading: Worker (643415) serving request count: 96, registry count: 1.
2026-04-22 12:44:35,609 643415 DEBUG MASTER_BASE_DEMO_STD_V10 odoo.sql_db: Query time: 0.0175s
2026-04-22 12:44:37,419 643417 INFO MASTER_BASE_DEMO_STD_V10 odoo.addons.base: HTTP POST /web/dataset/call_kw/res.partner/read HTTP/1.1 200
2026-04-22 12:44:38,437 643417 INFO PROD_DB_01 odoo.modules.loading: HTTP POST /web/dataset/call_kw/res.partner/read HTTP/1.1 200
2026-04-22 12:44:39,143 643415 INFO PROD_DB_01 werkzeug: Worker (643415) serving request count: 32, registry count: 1.
2026-04-22 12:44:41,075 643416 DEBUG MASTER_BASE_DEMO_STD_V10 odoo.sql_db: Registry cache hit for model res.users
2026-04-22 12:44:42,388 643420 INFO ? werkzeug: Registry loaded for database ?
2026-04-22 12:44:44,257 643420 INFO ? odoo.addons.base: Module base loaded in 1.399s
2026-04-22 12:44:47,064 643416 INFO PROD_DB_01 odoo.http: Registry loaded for database PROD_DB_01
2026-04-22 12:44:47,955 643419 INFO MASTER_BASE_DEMO_STD_V10 odoo.addons.base: Registry loaded for database MASTER_BASE_DEMO_STD_V10
2026-04-22 12:44:48,897 643416 INFO ? odoo.http: Registry loaded for database ?
2026-04-22 12:44:50,870 643419 ERROR MASTER_BASE_DEMO_STD_V10 odoo.sql_db: AccessError: You do not have access rights to write on res.partner
2026-04-22 12:44:51,009 643420 INFO PROD_DB_01 odoo.http: Registry loaded for database PROD_DB_01
2026-04-22 12:44:51,425 643418 INFO PROD_DB_01 odoo.modules.loading: Worker (643418) serving request count: 34, registry count: 1.
2026-04-22 12:44:53,873 643416 DEBUG MASTER_BASE_DEMO_STD_V10 odoo.sql_db: SELECT id, name FROM res_partner WHERE active = true LIMIT 80
2026-04-22 12:44:54,291 643416 DEBUG MASTER_BASE_DEMO_STD_V10 odoo.sql_db: SELECT id, name FROM res_partner WHERE active = true LIMIT 80
2026-04-22 12:44:54,665 643417 INFO PROD_DB_01 werkzeug: Module base loaded in 2.160s
2026-04-22 12:44:55,653 643416 INFO MASTER_BASE_DEMO_STD_V10 odoo.addons.base: HTTP POST /web/dataset/call_kw/res.partner/read HTTP/1.1 200
2026-04-22 12:44:56,423 643420 INFO ? werkzeug: Worker (643420) serving request count: 31, registry count: 1.
2026-04-22 12:44:59,391 643419 INFO MASTER_BASE_DEMO_STD_V10 odoo.http: Registry loaded for database MASTER_BASE_DEMO_STD_V10
2026-04-22 12:45:00,952 643419 DEBUG MASTER_BASE_DEMO_STD_V10 odoo.addons.base.models: SELECT id, name FROM res_partner WHERE active = true LIMIT 80
2026-04-22 12:45:01,705 643417 WARNING MASTER_BASE_DEMO_STD_V10 odoo.sql_db: Memory usage high: 71%
2026-04-22 12:45:02,296 643416 INFO PROD_DB_01 odoo.addons.base: Worker (643416) serving request count: 60, registry count: 1.
2026-04-22 12:45:02,796 643420 DEBUG MASTER_BASE_DEMO_STD_V10 odoo.addons.base.models: SELECT id, name FROM res_partner WHERE active = true LIMIT 80
2026-04-22 12:45:03,402 643418 INFO ? odoo.addons.base: HTTP POST /web/dataset/call_kw/res.partner/read HTTP/1.1 200
2026-04-22 12:45:05,106 643419 ERROR ? odoo.service.server: AccessError: You do not have access rights to write on res.partner
2026-04-22 12:45:07,300 643417 ERROR MASTER_BASE_DEMO_STD_V10 werkzeug: Traceback (most recent call last):
  File "/odoo/odoo/http.py", line 1234, in dispatch
    return self._dispatch()
ValueError: invalid literal for int() with base 10
2026-04-22 12:45:08,197 643415 INFO PROD_DB_01 odoo.http: Module base loaded in 1.018s
2026-04-22 12:45:08,344 643417 INFO MASTER_BASE_DEMO_STD_V10 odoo.service.server: Worker (643417) serving request count: 100, registry count: 1.
2026-04-22 12:45:10,812 643418 WARNING MASTER_BASE_DEMO_STD_V10 odoo.service.server: Slow query detected: 2.89s
2026-04-22 12:45:11,897 643418 INFO ? werkzeug: Registry loaded for database ?
2026-04-22 12:45:12,952 643415 ERROR MASTER_BASE_DEMO_STD_V10 odoo.service.server: HTTP 500 Internal Server Error on /web/action/load
2026-04-22 12:45:14,437 643415 INFO ? werkzeug: HTTP POST /web/dataset/call_kw/res.partner/read HTTP/1.1 200
2026-04-22 12:45:16,441 643419 INFO ? odoo.service.server: HTTP POST /web/dataset/call_kw/res.partner/read HTTP/1.1 200
2026-04-22 12:45:16,536 643416 CRITICAL MASTER_BASE_DEMO_STD_V10 odoo.service.server: Out of memory: killing worker
2026-04-22 12:45:18,886 643420 INFO MASTER_BASE_DEMO_STD_V10 odoo.addons.base: Registry loaded for database MASTER_BASE_DEMO_STD_V10
2026-04-22 12:45:20,304 643418 WARNING ? odoo.service.server: Deprecated method called in module sale
2026-04-22 12:45:22,752 643419 INFO ? werkzeug: HTTP POST /web/dataset/call_kw/res.partner/read HTTP/1.1 200
2026-04-22 12:45:25,121 643420 INFO MASTER_BASE_DEMO_STD_V10 werkzeug: Module base loaded in 1.156s
2026-04-22 12:45:25,753 643416 WARNING MASTER_BASE_DEMO_STD_V10 odoo.sql_db: Slow query detected: 3.66s
2026-04-22 12:45:25,983 643415 INFO MASTER_BASE_DEMO_STD_V10 odoo.modules.loading: Worker (643415) serving request count: 25, registry count: 1.
2026-04-22 12:45:28,273 643418 DEBUG MASTER_BASE_DEMO_STD_V10 odoo.sql_db: SELECT id, name FROM res_partner WHERE active = true LIMIT 80
2026-04-22 12:45:30,299 643417 WARNING MASTER_BASE_DEMO_STD_V10 werkzeug: Deprecated method called in module sale
2026-04-22 12:45:33,090 643415 INFO PROD_DB_01 odoo.addons.base: Module base loaded in 2.394s
2026-04-22 12:45:35,427 643419 INFO PROD_DB_01 odoo.http: HTTP POST /web/dataset/call_kw/res.partner/read HTTP/1.1 200
2026-04-22 12:45:38,272 643419 INFO MASTER_BASE_DEMO_STD_V10 odoo.modules.loading: Module base loaded in 1.260s
2026-04-22 12:45:39,553 643419 INFO ? odoo.service.server: Module base loaded in 2.024s
2026-04-22 12:45:40,209 643415 DEBUG MASTER_BASE_DEMO_STD_V10 odoo.sql_db: SELECT id, name FROM res_partner WHERE active = true LIMIT 80
2026-04-22 12:45:42,479 643420 INFO ? werkzeug: Worker (643420) serving request count: 43, registry count: 1.
2026-04-22 12:45:45,081 643416 INFO MASTER_BASE_DEMO_STD_V10 odoo.http: Registry loaded for database MASTER_BASE_DEMO_STD_V10
2026-04-22 12:45:46,827 643416 INFO MASTER_BASE_DEMO_STD_V10 odoo.http: Registry loaded for database MASTER_BASE_DEMO_STD_V10
2026-04-22 12:45:48,500 643418 DEBUG ? odoo.modules.registry: Registry cache hit for model res.users
2026-04-22 12:45:49,225 643419 INFO PROD_DB_01 odoo.addons.base: Request from 192.168.1.97 processed in 441ms
2026-04-22 12:45:49,309 643420 INFO ? werkzeug: Request from 192.168.1.230 processed in 52ms
2026-04-22 12:45:51,289 643415 INFO MASTER_BASE_DEMO_STD_V10 odoo.http: Module base loaded in 1.729s
2026-04-22 12:45:53,681 643420 INFO MASTER_BASE_DEMO_STD_V10 odoo.http: Request from 192.168.1.85 processed in 56ms
2026-04-22 12:45:56,247 643415 INFO MASTER_BASE_DEMO_STD_V10 odoo.modules.loading: HTTP POST /web/dataset/call_kw/res.partner/read HTTP/1.1 200
2026-04-22 12:45:58,817 643417 WARNING MASTER_BASE_DEMO_STD_V10 odoo.service.server: Connection pool near capacity: 94/100
2026-04-22 12:46:01,502 643416 WARNING MASTER_BASE_DEMO_STD_V10 werkzeug: Memory usage high: 71%
2026-04-22 12:46:04,275 643417 INFO ? werkzeug: Registry loaded for database ?
2026-04-22 12:46:05,288 643418 WARNING PROD_DB_01 odoo.service.server: Slow query detected: 2.24s
2026-04-22 12:46:05,663 643415 INFO MASTER_BASE_DEMO_STD_V10 odoo.modules.loading: Request from 192.168.1.28 processed in 234ms
2026-04-22 12:46:07,075 643417 DEBUG MASTER_BASE_DEMO_STD_V10 odoo.addons.base.models: SELECT id, name FROM res_partner WHERE active = true LIMIT 80
2026-04-22 12:46:09,862 643420 ERROR PROD_DB_01 odoo.http: AccessError: You do not have access rights to write on res.partner
2026-04-22 12:46:10,050 643420 INFO ? odoo.modules.loading: Module base loaded in 0.175s
2026-04-22 12:46:10,864 643418 WARNING ? werkzeug: Slow query detected: 4.24s
2026-04-22 12:46:13,811 643417 INFO PROD_DB_01 odoo.addons.base: Worker (643417) serving request count: 24, registry count: 1.
2026-04-22 12:46:15,564 643417 INFO PROD_DB_01 odoo.modules.loading: HTTP POST /web/dataset/call_kw/res.partner/read HTTP/1.1 200
2026-04-22 12:46:16,752 643418 ERROR MASTER_BASE_DEMO_STD_V10 werkzeug: psycopg2.OperationalError: connection to server failed
2026-04-22 12:46:19,388 643415 INFO PROD_DB_01 odoo.addons.base: HTTP POST /web/dataset/call_kw/res.partner/read HTTP/1.1 200
2026-04-22 12:46:20,302 643416 INFO PROD_DB_01 odoo.addons.base: HTTP POST /web/dataset/call_kw/res.partner/read HTTP/1.1 200
2026-04-22 12:46:21,157 643419 INFO MASTER_BASE_DEMO_STD_V10 werkzeug: HTTP POST /web/dataset/call_kw/res.partner/read HTTP/1.1 200
2026-04-22 12:46:21,389 643418 INFO MASTER_BASE_DEMO_STD_V10 werkzeug: Registry loaded for database MASTER_BASE_DEMO_STD_V10
2026-04-22 12:46:23,932 643418 DEBUG PROD_DB_01 odoo.addons.base.models: Query time: 0.0119s
2026-04-22 12:46:24,140 643420 WARNING PROD_DB_01 werkzeug: Slow query detected: 2.43s
2026-04-22 12:46:25,168 643418 INFO ? odoo.service.server: HTTP POST /web/dataset/call_kw/res.partner/read HTTP/1.1 200
2026-04-22 12:46:25,284 643418 INFO PROD_DB_01 odoo.addons.base: Worker (643418) serving request count: 64, registry count: 1.
2026-04-22 12:46:28,042 643419 DEBUG MASTER_BASE_DEMO_STD_V10 odoo.sql_db: Query time: 0.0464s
2026-04-22 12:46:30,324 643416 DEBUG MASTER_BASE_DEMO_STD_V10 odoo.addons.base.models: Registry cache hit for model res.users
2026-04-22 12:46:30,458 643418 INFO PROD_DB_01 odoo.modules.loading: Worker (643418) serving request count: 86, registry count: 1.
2026-04-22 12:46:31,343 643418 DEBUG PROD_DB_01 odoo.sql_db: Query time: 0.0385s
2026-04-22 12:46:34,225 643419 INFO MASTER_BASE_DEMO_STD_V10 odoo.service.server: Request from 192.168.1.252 processed in 84ms
2026-04-22 12:46:34,545 643416 WARNING PROD_DB_01 odoo.http: Deprecated method called in module sale
2026-04-22 12:46:36,784 643419 INFO MASTER_BASE_DEMO_STD_V10 werkzeug: Module base loaded in 1.985s
2026-04-22 12:46:38,280 643415 INFO MASTER_BASE_DEMO_STD_V10 odoo.addons.base: HTTP POST /web/dataset/call_kw/res.partner/read HTTP/1.1 200
2026-04-22 12:46:38,589 643415 INFO PROD_DB_01 odoo.modules.loading: Registry loaded for database PROD_DB_01
2026-04-22 12:46:40,078 643420 INFO ? werkzeug: Registry loaded for database ?
2026-04-22 12:46:40,814 643416 INFO ? odoo.addons.base: Worker (643416) serving request count: 9, registry count: 1.
2026-04-22 12:46:42,888 643420 DEBUG ? odoo.modules.registry: Registry cache hit for model res.users
2026-04-22 12:46:43,087 643415 INFO MASTER_BASE_DEMO_STD_V10 odoo.addons.base: Module base loaded in 2.341s
2026-04-22 12:46:43,167 643418 ERROR ? odoo.sql_db: Traceback (most recent call last):
  File "/odoo/odoo/http.py", line 1234, in dispatch
    return self._dispatch()
ValueError: invalid literal for int() with base 10
2026-04-22 12:46:45,652 643415 INFO MASTER_BASE_DEMO_STD_V10 odoo.addons.base: HTTP POST /web/dataset/call_kw/res.partner/read HTTP/1.1 200
2026-04-22 12:46:47,097 643420 INFO MASTER_BASE_DEMO_STD_V10 odoo.http: Module base loaded in 2.073s
2026-04-22 12:46:47,583 643415 INFO PROD_DB_01 odoo.modules.loading: Module base loaded in 2.498s
2026-04-22 12:46:49,320 643417 CRITICAL PROD_DB_01 odoo.service.server: Failed to load registry for PROD_DB_01: database does not exist
2026-04-22 12:46:50,633 643418 DEBUG ? odoo.sql_db: Query time: 0.0023s
2026-04-22 12:46:53,598 643416 INFO MASTER_BASE_DEMO_STD_V10 odoo.addons.base: Request from 192.168.1.155 processed in 311ms
2026-04-22 12:46:55,015 643417 INFO MASTER_BASE_DEMO_STD_V10 odoo.modules.loading: Worker (643417) serving request count: 75, registry count: 1.
2026-04-22 12:46:56,197 643415 INFO MASTER_BASE_DEMO_STD_V10 odoo.addons.base: HTTP POST /web/dataset/call_kw/res.partner/read HTTP/1.1 200
2026-04-22 12:46:57,465 643420 INFO ? odoo.service.server: Module base loaded in 0.323s
2026-04-22 12:46:57,728 643417 INFO MASTER_BASE_DEMO_STD_V10 odoo.addons.base: Module base loaded in 0.202s
2026-04-22 12:46:59,997 643418 INFO MASTER_BASE_DEMO_STD_V10 odoo.addons.base: Worker (643418) serving request count: 32, registry count: 1.
2026-04-22 12:47:02,703 643416 ERROR MASTER_BASE_DEMO_STD_V10 odoo.sql_db: AccessError: You do not have access rights to write on res.partner
2026-04-22 12:47:05,653 643416 INFO MASTER_BASE_DEMO_STD_V10 werkzeug: HTTP POST /web/dataset/call_kw/res.partner/read HTTP/1.1 200
2026-04-22 12:47:06,471 643420 INFO MASTER_BASE_DEMO_STD_V10 odoo.service.server: Worker (643420) serving request count: 79, registry count: 1.
2026-04-22 12:47:07,719 643419 INFO ? odoo.addons.base: Worker (643419) serving request count: 75, registry count: 1.
2026-04-22 12:47:08,279 643419 DEBUG PROD_DB_01 odoo.addons.base.models: SELECT id, name FROM res_partner WHERE active = true LIMIT 80
2026-04-22 12:47:10,748 643418 INFO PROD_DB_01 odoo.modules.loading: Worker (643418) serving request count: 83, registry count: 1.
2026-04-22 12:47:13,710 643416 INFO MASTER_BASE_DEMO_STD_V10 odoo.service.server: Worker (643416) serving request count: 88, registry count: 1.
2026-04-22 12:47:14,221 643417 DEBUG MASTER_BASE_DEMO_STD_V10 odoo.addons.base.models: SELECT id, name FROM res_partner WHERE active = true LIMIT 80
2026-04-22 12:47:14,709 643418 INFO ? odoo.modules.loading: Module base loaded in 1.985s
2026-04-22 12:47:16,442 643417 INFO PROD_DB_01 werkzeug: Registry loaded for database PROD_DB_01
2026-04-22 12:47:17,262 643417 WARNING MASTER_BASE_DEMO_STD_V10 werkzeug: Deprecated method called in module sale
2026-04-22 12:47:17,324 643417 INFO MASTER_BASE_DEMO_STD_V10 odoo.service.server: HTTP POST /web/dataset/call_kw/res.partner/read HTTP/1.1 200
2026-04-22 12:47:18,208 643417 INFO PROD_DB_01 odoo.modules.loading: Request from 192.168.1.73 processed in 148ms
2026-04-22 12:47:20,427 643418 INFO ? odoo.http: Module base loaded in 1.178s
2026-04-22 12:47:22,076 643418 INFO ? odoo.modules.loading: Worker (643418) serving request count: 18, registry count: 1.
2026-04-22 12:47:24,116 643420 INFO MASTER_BASE_DEMO_STD_V10 odoo.service.server: Request from 192.168.1.69 processed in 374ms
2026-04-22 12:47:26,862 643417 INFO PROD_DB_01 werkzeug: Request from 192.168.1.6 processed in 37ms
2026-04-22 12:47:28,070 643416 INFO MASTER_BASE_DEMO_STD_V10 odoo.addons.base: HTTP POST /web/dataset/call_kw/res.partner/read HTTP/1.1 200
2026-04-22 12:47:30,690 643416 INFO MASTER_BASE_DEMO_STD_V10 odoo.modules.loading: HTTP POST /web/dataset/call_kw/res.partner/read HTTP/1.1 200
2026-04-22 12:47:33,066 643418 INFO ? odoo.modules.loading: Registry loaded for database ?
2026-04-22 12:47:35,966 643417 WARNING MASTER_BASE_DEMO_STD_V10 werkzeug: Memory usage high: 73%
2026-04-22 12:47:38,574 643418 INFO MASTER_BASE_DEMO_STD_V10 odoo.http: Worker (643418) serving request count: 44, registry count: 1.
2026-04-22 12:47:39,989 643419 INFO ? odoo.addons.base: Worker (643419) serving request count: 10, registry count: 1.
2026-04-22 12:47:41,721 643416 WARNING MASTER_BASE_DEMO_STD_V10 werkzeug: Memory usage high: 73%
2026-04-22 12:47:42,326 643420 INFO MASTER_BASE_DEMO_STD_V10 odoo.modules.loading: HTTP POST /web/dataset/call_kw/res.partner/read HTTP/1.1 200
2026-04-22 12:47:42,868 643418 CRITICAL ? odoo.service.server: Failed to load registry for ?: database does not exist
2026-04-22 12:47:44,313 643415 ERROR MASTER_BASE_DEMO_STD_V10 odoo.sql_db: HTTP 500 Internal Server Error on /web/action/load
2026-04-22 12:47:46,562 643419 DEBUG MASTER_BASE_DEMO_STD_V10 odoo.sql_db: Registry cache hit for model res.users
2026-04-22 12:47:49,462 643420 DEBUG ? odoo.sql_db: SELECT id, name FROM res_partner WHERE active = true LIMIT 80
2026-04-22 12:47:51,575 643415 DEBUG PROD_DB_01 odoo.sql_db: Query time: 0.0219s
2026-04-22 12:47:53,903 643418 DEBUG MASTER_BASE_DEMO_STD_V10 odoo.addons.base.models: SELECT id, name FROM res_partner WHERE active = true LIMIT 80
2026-04-22 12:47:55,080 643420 INFO MASTER_BASE_DEMO_STD_V10 odoo.modules.loading: Worker (643420) serving request count: 94, registry count: 1.
2026-04-22 12:47:55,673 643416 INFO MASTER_BASE_DEMO_STD_V10 werkzeug: Worker (643416) serving request count: 18, registry count: 1.
2026-04-22 12:47:58,291 643417 WARNING PROD_DB_01 werkzeug: Memory usage high: 75%
2026-04-22 12:47:58,372 643418 INFO MASTER_BASE_DEMO_STD_V10 odoo.addons.base: Worker (643418) serving request count: 54, registry count: 1.
2026-04-22 12:47:58,721 643416 INFO MASTER_BASE_DEMO_STD_V10 werkzeug: HTTP POST /web/dataset/call_kw/res.partner/read HTTP/1.1 200
2026-04-22 12:48:01,044 643420 ERROR PROD_DB_01 werkzeug: Traceback (most recent call last):
  File "/odoo/odoo/http.py", line 1234, in dispatch
    return self._dispatch()
ValueError: invalid literal for int() with base 10
2026-04-22 12:48:03,276 643419 DEBUG MASTER_BASE_DEMO_STD_V10 odoo.modules.registry: Cache lookup for user 79
2026-04-22 12:48:04,619 643417 INFO MASTER_BASE_DEMO_STD_V10 odoo.service.server: HTTP POST /web/dataset/call_kw/res.partner/read HTTP/1.1 200
2026-04-22 12:48:05,041 643418 WARNING MASTER_BASE_DEMO_STD_V10 odoo.http: Deprecated method called in module sale
2026-04-22 12:48:07,054 643419 INFO MASTER_BASE_DEMO_STD_V10 odoo.service.server: Worker (643419) serving request count: 69, registry count: 1.
2026-04-22 12:48:07,311 643416 INFO MASTER_BASE_DEMO_STD_V10 odoo.modules.loading: HTTP POST /web/dataset/call_kw/res.partner/read HTTP/1.1 200
2026-04-22 12:48:08,424 643415 INFO MASTER_BASE_DEMO_STD_V10 odoo.modules.loading: Worker (643415) serving request count: 63, registry count: 1.
2026-04-22 12:48:09,377 643416 DEBUG MASTER_BASE_DEMO_STD_V10 odoo.addons.base.models: SELECT id, name FROM res_partner WHERE active = true LIMIT 80
2026-04-22 12:48:12,023 643418 INFO PROD_DB_01 werkzeug: Module base loaded in 2.483s
2026-04-22 12:48:12,208 643415 WARNING MASTER_BASE_DEMO_STD_V10 odoo.sql_db: Connection pool near capacity: 80/100
2026-04-22 12:48:14,867 643416 DEBUG MASTER_BASE_DEMO_STD_V10 odoo.addons.base.models: Cache lookup for user 13
2026-04-22 12:48:17,569 643419 INFO MASTER_BASE_DEMO_STD_V10 odoo.modules.loading: Request from 192.168.1.254 processed in 185ms
2026-04-22 12:48:20,263 643419 INFO PROD_DB_01 odoo.http: HTTP POST /web/dataset/call_kw/res.partner/read HTTP/1.1 200
2026-04-22 12:48:22,673 643420 INFO PROD_DB_01 werkzeug: Worker (643420) serving request count: 99, registry count: 1.
2026-04-22 12:48:24,776 643417 DEBUG MASTER_BASE_DEMO_STD_V10 odoo.modules.registry: Cache lookup for user 6
2026-04-22 12:48:24,933 643418 INFO MASTER_BASE_DEMO_STD_V10 odoo.service.server: Module base loaded in 1.007s
2026-04-22 12:48:26,463 643415 DEBUG PROD_DB_01 odoo.addons.base.models: SELECT id, name FROM res_partner WHERE active = true LIMIT 80
2026-04-22 12:48:28,204 643416 INFO PROD_DB_01 odoo.addons.base: Module base loaded in 1.687s
2026-04-22 12:48:28,951 643417 WARNING ? odoo.sql_db: Memory usage high: 90%
2026-04-22 12:48:30,666 643415 INFO ? odoo.addons.base: Module base loaded in 1.204s
2026-04-22 12:48:33,273 643415 WARNING MASTER_BASE_DEMO_STD_V10 odoo.http: Deprecated method called in module sale
2026-04-22 12:48:34,358 643418 WARNING MASTER_BASE_DEMO_STD_V10 odoo.sql_db: Slow query detected: 2.42s
2026-04-22 12:48:36,348 643419 INFO MASTER_BASE_DEMO_STD_V10 odoo.addons.base: HTTP POST /web/dataset/call_kw/res.partner/read HTTP/1.1 200
2026-04-22 12:48:36,660 643420 INFO MASTER_BASE_DEMO_STD_V10 odoo.modules.loading: HTTP POST /web/dataset/call_kw/res.partner/read HTTP/1.1 200
2026-04-22 12:48:37,918 643420 DEBUG PROD_DB_01 odoo.modules.registry: Registry cache hit for model res.users
2026-04-22 12:48:40,904 643418 INFO ? odoo.modules.loading: Registry loaded for database ?
2026-04-22 12:48:42,552 643415 INFO ? odoo.modules.loading: Module base loaded in 0.997s
2026-04-22 12:48:43,366 643415 INFO MASTER_BASE_DEMO_STD_V10 odoo.http: Worker (643415) serving request count: 88, registry count: 1.
2026-04-22 12:48:43,511 643420 DEBUG ? odoo.modules.registry: Query time: 0.0161s
2026-04-22 12:48:45,919 643419 ERROR MASTER_BASE_DEMO_STD_V10 odoo.http: psycopg2.OperationalError: connection to server failed
2026-04-22 12:48:46,957 643417 DEBUG MASTER_BASE_DEMO_STD_V10 odoo.modules.registry: Cache lookup for user 18
2026-04-22 12:48:49,862 643419 INFO PROD_DB_01 odoo.service.server: Module base loaded in 0.238s
2026-04-22 12:48:50,750 643416 ERROR MASTER_BASE_DEMO_STD_V10 odoo.service.server: Traceback (most recent call last):
  File "/odoo/odoo/http.py", line 1234, in dispatch
    return self._dispatch()
ValueError: invalid literal for int() with base 10
2026-04-22 12:48:51,855 643419 DEBUG MASTER_BASE_DEMO_STD_V10 odoo.modules.registry: SELECT id, name FROM res_partner WHERE active = true LIMIT 80
2026-04-22 12:48:52,292 643415 DEBUG ? odoo.addons.base.models: SELECT id, name FROM res_partner WHERE active = true LIMIT 80
2026-04-22 12:48:53,155 643419 INFO MASTER_BASE_DEMO_STD_V10 odoo.modules.loading: Module base loaded in 1.072s
2026-04-22 12:48:53,365 643416 ERROR MASTER_BASE_DEMO_STD_V10 odoo.sql_db: psycopg2.OperationalError: connection to server failed
2026-04-22 12:48:55,483 643419 INFO PROD_DB_01 werkzeug: HTTP POST /web/dataset/call_kw/res.partner/read HTTP/1.1 200
2026-04-22 12:48:57,681 643420 ERROR MASTER_BASE_DEMO_STD_V10 odoo.http: Traceback (most recent call last):
  File "/odoo/odoo/http.py", line 1234, in dispatch
    return self._dispatch()
ValueError: invalid literal for int() with base 10
2026-04-22 12:48:57,851 643415 DEBUG PROD_DB_01 odoo.modules.registry: SELECT id, name FROM res_partner WHERE active = true LIMIT 80
2026-04-22 12:49:00,720 643416 INFO ? werkzeug: HTTP POST /web/dataset/call_kw/res.partner/read HTTP/1.1 200
2026-04-22 12:49:02,471 643415 ERROR MASTER_BASE_DEMO_STD_V10 werkzeug: HTTP 500 Internal Server Error on /web/action/load
2026-04-22 12:49:03,937 643419 INFO MASTER_BASE_DEMO_STD_V10 odoo.service.server: HTTP POST /web/dataset/call_kw/res.partner/read HTTP/1.1 200
2026-04-22 12:49:06,342 643420 INFO PROD_DB_01 odoo.modules.loading: Request from 192.168.1.60 processed in 208ms
2026-04-22 12:49:06,962 643419 WARNING ? odoo.http: Slow query detected: 2.10s
2026-04-22 12:49:07,995 643415 INFO PROD_DB_01 odoo.http: Request from 192.168.1.108 processed in 44ms
2026-04-22 12:49:09,249 643420 INFO ? odoo.service.server: Module base loaded in 0.151s
2026-04-22 12:49:11,315 643416 ERROR ? werkzeug: psycopg2.OperationalError: connection to server failed
2026-04-22 12:49:14,206 643419 INFO MASTER_BASE_DEMO_STD_V10 werkzeug: Worker (643419) serving request count: 3, registry count: 1.
2026-04-22 12:49:16,386 643415 ERROR PROD_DB_01 werkzeug: AccessError: You do not have access rights to write on res.partner
2026-04-22 12:49:16,798 643419 WARNING MASTER_BASE_DEMO_STD_V10 werkzeug: Connection pool near capacity: 94/100
2026-04-22 12:49:17,719 643420 INFO MASTER_BASE_DEMO_STD_V10 odoo.modules.loading: Registry loaded for database MASTER_BASE_DEMO_STD_V10
2026-04-22 12:49:20,022 643419 INFO MASTER_BASE_DEMO_STD_V10 werkzeug: HTTP POST /web/dataset/call_kw/res.partner/read HTTP/1.1 200
2026-04-22 12:49:20,656 643420 DEBUG PROD_DB_01 odoo.modules.registry: SELECT id, name FROM res_partner WHERE active = true LIMIT 80
2026-04-22 12:49:21,951 643416 ERROR MASTER_BASE_DEMO_STD_V10 werkzeug: Traceback (most recent call last):
  File "/odoo/odoo/http.py", line 1234, in dispatch
    return self._dispatch()
ValueError: invalid literal for int() with base 10
2026-04-22 12:49:23,223 643417 INFO MASTER_BASE_DEMO_STD_V10 werkzeug: HTTP POST /web/dataset/call_kw/res.partner/read HTTP/1.1 200
2026-04-22 12:49:23,781 643420 INFO PROD_DB_01 werkzeug: Request from 192.168.1.177 processed in 360ms
2026-04-22 12:49:25,339 643419 CRITICAL MASTER_BASE_DEMO_STD_V10 odoo.service.server: Worker 643419 killed after timeout
2026-04-22 12:49:27,740 643417 INFO MASTER_BASE_DEMO_STD_V10 werkzeug: Registry loaded for database MASTER_BASE_DEMO_STD_V10
2026-04-22 12:49:30,682 643419 DEBUG ? odoo.addons.base.models: Query time: 0.0291s
2026-04-22 12:49:33,360 643419 DEBUG ? odoo.sql_db: Registry cache hit for model res.users
2026-04-22 12:49:34,909 643419 DEBUG MASTER_BASE_DEMO_STD_V10 odoo.sql_db: Query time: 0.0172s
2026-04-22 12:49:37,008 643415 ERROR MASTER_BASE_DEMO_STD_V10 odoo.http: Traceback (most recent call last):
  File "/odoo/odoo/http.py", line 1234, in dispatch
    return self._dispatch()
ValueError: invalid literal for int() with base 10
2026-04-22 12:49:37,815 643415 WARNING MASTER_BASE_DEMO_STD_V10 odoo.service.server: Deprecated method called in module sale
2026-04-22 12:49:40,413 643418 DEBUG ? odoo.sql_db: Cache lookup for user 16
2026-04-22 12:49:40,588 643418 DEBUG MASTER_BASE_DEMO_STD_V10 odoo.addons.base.models: Registry cache hit for model res.users
2026-04-22 12:49:43,123 643419 INFO PROD_DB_01 odoo.modules.loading: HTTP POST /web/dataset/call_kw/res.partner/read HTTP/1.1 200
2026-04-22 12:49:44,339 643415 WARNING PROD_DB_01 werkzeug: Memory usage high: 74%
2026-04-22 12:49:44,511 643417 INFO MASTER_BASE_DEMO_STD_V10 werkzeug: Worker (643417) serving request count: 46, registry count: 1.
2026-04-22 12:49:47,268 643418 INFO ? odoo.addons.base: Worker (643418) serving request count: 53, registry count: 1.
2026-04-22 12:49:49,619 643415 INFO ? odoo.service.server: Worker (643415) serving request count: 88, registry count: 1.
2026-04-22 12:49:50,953 643419 DEBUG MASTER_BASE_DEMO_STD_V10 odoo.modules.registry: Query time: 0.0423s
2026-04-22 12:49:53,220 643418 INFO PROD_DB_01 odoo.addons.base: Worker (643418) serving request count: 6, registry count: 1.
2026-04-22 12:49:54,186 643418 INFO ? odoo.addons.base: Request from 192.168.1.101 processed in 469ms
2026-04-22 12:49:55,821 643415 INFO MASTER_BASE_DEMO_STD_V10 odoo.service.server: Request from 192.168.1.172 processed in 103ms
2026-04-22 12:49:56,142 643415 INFO MASTER_BASE_DEMO_STD_V10 odoo.addons.base: HTTP POST /web/dataset/call_kw/res.partner/read HTTP/1.1 200
2026-04-22 12:49:57,508 643415 INFO ? odoo.modules.loading: HTTP POST /web/dataset/call_kw/res.partner/read HTTP/1.1 200
2026-04-22 12:50:00,187 643418 INFO MASTER_BASE_DEMO_STD_V10 odoo.service.server: Module base loaded in 1.630s
2026-04-22 12:50:02,265 643415 INFO PROD_DB_01 werkzeug: Worker (643415) serving request count: 92, registry count: 1.
2026-04-22 12:50:03,966 643420 WARNING ? odoo.http: Deprecated method called in module sale
2026-04-22 12:50:06,031 643420 DEBUG ? odoo.modules.registry: SELECT id, name FROM res_partner WHERE active = true LIMIT 80
2026-04-22 12:50:06,174 643417 INFO PROD_DB_01 odoo.service.server: Worker (643417) serving request count: 26, registry count: 1.
2026-04-22 12:50:06,767 643415 ERROR PROD_DB_01 odoo.service.server: Traceback (most recent call last):
  File "/odoo/odoo/http.py", line 1234, in dispatch
    return self._dispatch()
ValueError: invalid literal for int() with base 10
2026-04-22 12:50:08,229 643416 ERROR ? odoo.sql_db: AccessError: You do not have access rights to write on res.partner
2026-04-22 12:50:08,603 643419 INFO MASTER_BASE_DEMO_STD_V10 odoo.modules.loading: Request from 192.168.1.174 processed in 57ms
2026-04-22 12:50:09,114 643418 INFO ? odoo.modules.loading: Registry loaded for database ?
2026-04-22 12:50:11,400 643418 DEBUG PROD_DB_01 odoo.modules.registry: Cache lookup for user 28
2026-04-22 12:50:14,185 643415 INFO PROD_DB_01 odoo.http: HTTP POST /web/dataset/call_kw/res.partner/read HTTP/1.1 200
2026-04-22 12:50:14,430 643417 INFO ? odoo.http: Module base loaded in 1.135s
2026-04-22 12:50:15,448 643415 INFO PROD_DB_01 odoo.service.server: Worker (643415) serving request count: 69, registry count: 1.
2026-04-22 12:50:17,544 643418 DEBUG MASTER_BASE_DEMO_STD_V10 odoo.sql_db: SELECT id, name FROM res_partner WHERE active = true LIMIT 80
2026-04-22 12:50:20,006 643418 INFO MASTER_BASE_DEMO_STD_V10 odoo.service.server: Registry loaded for database MASTER_BASE_DEMO_STD_V10
2026-04-22 12:50:22,401 643416 INFO ? odoo.addons.base: Worker (643416) serving request count: 98, registry count: 1.
2026-04-22 12:50:23,446 643419 WARNING MASTER_BASE_DEMO_STD_V10 odoo.service.server: Memory usage high: 77%
2026-04-22 12:50:23,589 643420 INFO ? werkzeug: Request from 192.168.1.175 processed in 479ms
2026-04-22 12:50:25,672 643418 INFO ? odoo.addons.base: Request from 192.168.1.200 processed in 418ms
2026-04-22 12:50:25,731 643417 INFO MASTER_BASE_DEMO_STD_V10 odoo.service.server: Module base loaded in 0.533s
2026-04-22 12:50:28,541 643417 INFO ? odoo.http: Registry loaded for database ?
2026-04-22 12:50:31,403 643415 INFO MASTER_BASE_DEMO_STD_V10 odoo.service.server: Request from 192.168.1.134 processed in 338ms
2026-04-22 12:50:32,021 643419 INFO ? werkzeug: HTTP POST /web/dataset/call_kw/res.partner/read HTTP/1.1 200
2026-04-22 12:50:33,170 643420 INFO PROD_DB_01 odoo.addons.base: Request from 192.168.1.223 processed in 13ms
2026-04-22 12:50:33,358 643417 ERROR MASTER_BASE_DEMO_STD_V10 werkzeug: HTTP 500 Internal Server Error on /web/action/load
2026-04-22 12:50:34,603 643419 DEBUG PROD_DB_01 odoo.addons.base.models: SELECT id, name FROM res_partner WHERE active = true LIMIT 80
2026-04-22 12:50:34,997 643420 INFO ? odoo.addons.base: Registry loaded for database ?
2026-04-22 12:50:36,509 643415 ERROR MASTER_BASE_DEMO_STD_V10 werkzeug: AccessError: You do not have access rights to write on res.partner
2026-04-22 12:50:38,515 643418 INFO MASTER_BASE_DEMO_STD_V10 odoo.service.server: Request from 192.168.1.240 processed in 320ms
2026-04-22 12:50:38,825 643419 DEBUG ? odoo.modules.registry: Cache lookup for user 64
2026-04-22 12:50:39,489 643419 WARNING ? werkzeug: Connection pool near capacity: 84/100
2026-04-22 12:50:41,901 643419 INFO MASTER_BASE_DEMO_STD_V10 odoo.addons.base: Worker (643419) serving request count: 68, registry count: 1.
2026-04-22 12:50:44,511 643420 WARNING PROD_DB_01 odoo.sql_db: Memory usage high: 81%
2026-04-22 12:50:47,098 643418 INFO ? odoo.addons.base: Module base loaded in 0.400s
2026-04-22 12:50:47,868 643419 WARNING PROD_DB_01 odoo.service.server: Memory usage high: 86%
2026-04-22 12:50:50,349 643418 INFO MASTER_BASE_DEMO_STD_V10 odoo.http: Worker (643418) serving request count: 79, registry count: 1.
2026-04-22 12:50:50,944 643420 DEBUG PROD_DB_01 odoo.modules.registry: Registry cache hit for model res.users
2026-04-22 12:50:53,339 643419 ERROR PROD_DB_01 werkzeug: Traceback (most recent call last):
  File "/odoo/odoo/http.py", line 1234, in dispatch
    return self._dispatch()
ValueError: invalid literal for int() with base 10
2026-04-22 12:50:53,715 643417 DEBUG PROD_DB_01 odoo.sql_db: Cache lookup for user 44
2026-04-22 12:50:55,171 643416 INFO MASTER_BASE_DEMO_STD_V10 werkzeug: Worker (643416) serving request count: 29, registry count: 1.
2026-04-22 12:50:57,390 643417 DEBUG PROD_DB_01 odoo.sql_db: SELECT id, name FROM res_partner WHERE active = true LIMIT 80
2026-04-22 12:51:00,350 643419 INFO PROD_DB_01 odoo.service.server: Registry loaded for database PROD_DB_01
2026-04-22 12:51:01,728 643419 INFO PROD_DB_01 werkzeug: Worker (643419) serving request count: 37, registry count: 1.
2026-04-22 12:51:02,573 643415 INFO MASTER_BASE_DEMO_STD_V10 odoo.addons.base: Request from 192.168.1.212 processed in 300ms
2026-04-22 12:51:05,076 643418 INFO MASTER_BASE_DEMO_STD_V10 odoo.modules.loading: Worker (643418) serving request count: 91, registry count: 1.
2026-04-22 12:51:05,280 643417 INFO PROD_DB_01 odoo.modules.loading: Registry loaded for database PROD_DB_01
2026-04-22 12:51:06,668 643415 WARNING MASTER_BASE_DEMO_STD_V10 odoo.sql_db: Slow query detected: 2.26s
2026-04-22 12:51:08,667 643418 DEBUG MASTER_BASE_DEMO_STD_V10 odoo.sql_db: Query time: 0.0401s
2026-04-22 12:51:08,782 643415 ERROR PROD_DB_01 odoo.http: psycopg2.OperationalError: connection to server failed
2026-04-22 12:51:09,188 643417 INFO PROD_DB_01 odoo.modules.loading: Request from 192.168.1.117 processed in 201ms
2026-04-22 12:51:11,661 643420 INFO MASTER_BASE_DEMO_STD_V10 odoo.addons.base: Request from 192.168.1.188 processed in 432ms
2026-04-22 12:51:13,189 643417 INFO PROD_DB_01 werkzeug: HTTP POST /web/dataset/call_kw/res.partner/read HTTP/1.1 200
2026-04-22 12:51:14,943 643418 INFO PROD_DB_01 odoo.addons.base: Registry loaded for database PROD_DB_01
2026-04-22 12:51:16,216 643417 WARNING MASTER_BASE_DEMO_STD_V10 werkzeug: Connection pool near capacity: 90/100
2026-04-22 12:51:18,675 643420 INFO PROD_DB_01 odoo.http: HTTP POST /web/dataset/call_kw/res.partner/read HTTP/1.1 200
2026-04-22 12:51:19,972 643416 ERROR MASTER_BASE_DEMO_STD_V10 odoo.sql_db: AccessError: You do not have access rights to write on res.partner
2026-04-22 12:51:20,126 643417 INFO MASTER_BASE_DEMO_STD_V10 odoo.service.server: Worker (643417) serving request count: 40, registry count: 1.
2026-04-22 12:51:22,827 643419 WARNING MASTER_BASE_DEMO_STD_V10 odoo.http: Connection pool near capacity: 83/100
2026-04-22 12:51:23,730 643415 INFO PROD_DB_01 werkzeug: Registry loaded for database PROD_DB_01
2026-04-22 12:51:24,526 643419 DEBUG PROD_DB_01 odoo.modules.registry: Cache lookup for user 67
2026-04-22 12:51:26,978 643418 DEBUG ? odoo.sql_db: Registry cache hit for model res.users
2026-04-22 12:51:28,867 643418 ERROR ? odoo.service.server: AccessError: You do not have access rights to write on res.partner
2026-04-22 12:51:28,943 643416 INFO MASTER_BASE_DEMO_STD_V10 odoo.http: Worker (643416) serving request count: 9, registry count: 1.
2026-04-22 12:51:31,218 643420 WARNING MASTER_BASE_DEMO_STD_V10 odoo.http: Slow query detected: 2.17s
2026-04-22 12:51:31,854 643419 WARNING MASTER_BASE_DEMO_STD_V10 odoo.service.server: Deprecated method called in module sale
2026-04-22 12:51:34,032 643415 INFO PROD_DB_01 werkzeug: Module base loaded in 1.427s
2026-04-22 12:51:36,263 643415 INFO ? werkzeug: Worker (643415) serving request count: 12, registry count: 1.
2026-04-22 12:51:37,746 643416 INFO PROD_DB_01 odoo.http: Registry loaded for database PROD_DB_01
2026-04-22 12:51:39,348 643416 INFO MASTER_BASE_DEMO_STD_V10 odoo.http: Registry loaded for database MASTER_BASE_DEMO_STD_V10
2026-04-22 12:51:42,091 643418 DEBUG MASTER_BASE_DEMO_STD_V10 odoo.modules.registry: Cache lookup for user 24
2026-04-22 12:51:44,784 643415 INFO MASTER_BASE_DEMO_STD_V10 werkzeug: Worker (643415) serving request count: 26, registry count: 1.
2026-04-22 12:51:47,518 643419 DEBUG MASTER_BASE_DEMO_STD_V10 odoo.sql_db: Registry cache hit for model res.users
2026-04-22 12:51:49,889 643419 ERROR MASTER_BASE_DEMO_STD_V10 werkzeug: Traceback (most recent call last):
  File "/odoo/odoo/http.py", line 1234, in dispatch
    return self._dispatch()
ValueError: invalid literal for int() with base 10
2026-04-22 12:51:51,688 643415 WARNING MASTER_BASE_DEMO_STD_V10 odoo.service.server: Slow query detected: 2.33s
2026-04-22 12:51:54,413 643417 INFO MASTER_BASE_DEMO_STD_V10 odoo.addons.base: HTTP POST /web/dataset/call_kw/res.partner/read HTTP/1.1 200
2026-04-22 12:51:55,555 643417 INFO ? werkzeug: Registry loaded for database ?
2026-04-22 12:51:56,617 643417 ERROR PROD_DB_01 odoo.service.server: HTTP 500 Internal Server Error on /web/action/load
2026-04-22 12:51:58,707 643419 DEBUG MASTER_BASE_DEMO_STD_V10 odoo.sql_db: Cache lookup for user 78
2026-04-22 12:51:59,522 643415 DEBUG ? odoo.sql_db: Registry cache hit for model res.users
2026-04-22 12:52:02,012 643420 INFO ? odoo.service.server: Module base loaded in 2.249s
2026-04-22 12:52:04,435 643416 ERROR MASTER_BASE_DEMO_STD_V10 odoo.http: Traceback (most recent call last):
  File "/odoo/odoo/http.py", line 1234, in dispatch
    return self._dispatch()
ValueError: invalid literal for int() with base 10
2026-04-22 12:52:07,250 643415 WARNING MASTER_BASE_DEMO_STD_V10 odoo.http: Slow query detected: 4.28s
2026-04-22 12:52:07,454 643416 ERROR PROD_DB_01 werkzeug: AccessError: You do not have access rights to write on res.partner
2026-04-22 12:52:09,566 643419 INFO ? odoo.http: Module base loaded in 1.876s
2026-04-22 12:52:11,722 643420 INFO MASTER_BASE_DEMO_STD_V10 odoo.addons.base: Request from 192.168.1.101 processed in 478ms
2026-04-22 12:52:11,843 643416 INFO PROD_DB_01 odoo.modules.loading: HTTP POST /web/dataset/call_kw/res.partner/read HTTP/1.1 200
2026-04-22 12:52:13,206 643419 INFO MASTER_BASE_DEMO_STD_V10 odoo.http: HTTP POST /web/dataset/call_kw/res.partner/read HTTP/1.1 200
2026-04-22 12:52:13,349 643415 WARNING MASTER_BASE_DEMO_STD_V10 odoo.service.server: Slow query detected: 3.82s
2026-04-22 12:52:14,534 643418 DEBUG MASTER_BASE_DEMO_STD_V10 odoo.sql_db: SELECT id, name FROM res_partner WHERE active = true LIMIT 80
2026-04-22 12:52:16,286 643419 CRITICAL MASTER_BASE_DEMO_STD_V10 odoo.service.server: Failed to load registry for MASTER_BASE_DEMO_STD_V10: database does not exist
2026-04-22 12:52:18,766 643420 INFO MASTER_BASE_DEMO_STD_V10 odoo.modules.loading: Worker (643420) serving request count: 82, registry count: 1.
2026-04-22 12:52:19,664 643415 INFO ? werkzeug: Request from 192.168.1.120 processed in 390ms
2026-04-22 12:52:22,472 643419 INFO MASTER_BASE_DEMO_STD_V10 werkzeug: Request from 192.168.1.104 processed in 58ms
2026-04-22 12:52:25,051 643415 DEBUG ? odoo.sql_db: Cache lookup for user 85
2026-04-22 12:52:25,911 643416 ERROR MASTER_BASE_DEMO_STD_V10 odoo.sql_db: HTTP 500 Internal Server Error on /web/action/load
2026-04-22 12:52:26,749 643419 INFO PROD_DB_01 odoo.modules.loading: Module base loaded in 0.529s
2026-04-22 12:52:27,223 643419 INFO PROD_DB_01 odoo.modules.loading: HTTP POST /web/dataset/call_kw/res.partner/read HTTP/1.1 200
2026-04-22 12:52:28,890 643420 DEBUG MASTER_BASE_DEMO_STD_V10 odoo.modules.registry: Query time: 0.0431s
2026-04-22 12:52:29,554 643416 DEBUG ? odoo.sql_db: Registry cache hit for model res.users
2026-04-22 12:52:31,106 643420 CRITICAL PROD_DB_01 odoo.service.server: Out of memory: killing worker
2026-04-22 12:52:31,426 643418 WARNING MASTER_BASE_DEMO_STD_V10 odoo.http: Memory usage high: 74%
2026-04-22 12:52:31,874 643415 INFO ? odoo.service.server: Module base loaded in 1.117s
2026-04-22 12:52:33,261 643419 INFO ? odoo.http: Request from 192.168.1.196 processed in 478ms
2026-04-22 12:52:33,617 643417 ERROR MASTER_BASE_DEMO_STD_V10 odoo.sql_db: Traceback (most recent call last):
  File "/odoo/odoo/http.py", line 1234, in dispatch
    return self._dispatch()
ValueError: invalid literal for int() with base 10
2026-04-22 12:52:33,887 643418 INFO PROD_DB_01 odoo.addons.base: Module base loaded in 1.438s
2026-04-22 12:52:34,618 643415 DEBUG MASTER_BASE_DEMO_STD_V10 odoo.modules.registry: Cache lookup for user 11
2026-04-22 12:52:37,087 643418 INFO MASTER_BASE_DEMO_STD_V10 odoo.modules.loading: Request from 192.168.1.33 processed in 445ms
2026-04-22 12:52:38,445 643417 INFO MASTER_BASE_DEMO_STD_V10 odoo.service.server: Request from 192.168.1.57 processed in 364ms
2026-04-22 12:52:38,735 643416 INFO PROD_DB_01 werkzeug: Registry loaded for database PROD_DB_01
2026-04-22 12:52:40,518 643417 ERROR PROD_DB_01 odoo.sql_db: HTTP 500 Internal Server Error on /web/action/load
2026-04-22 12:52:42,985 643418 DEBUG PROD_DB_01 odoo.modules.registry: Registry cache hit for model res.users
2026-04-22 12:52:44,999 643417 WARNING MASTER_BASE_DEMO_STD_V10 odoo.service.server: Deprecated method called in module sale
2026-04-22 12:52:45,292 643419 WARNING MASTER_BASE_DEMO_STD_V10 odoo.sql_db: Slow query detected: 2.23s
2026-04-22 12:52:47,182 643415 INFO MASTER_BASE_DEMO_STD_V10 werkzeug: Request from 192.168.1.42 processed in 221ms
2026-04-22 12:52:47,631 643419 WARNING PROD_DB_01 werkzeug: Connection pool near capacity: 80/100
2026-04-22 12:52:47,930 643420 INFO MASTER_BASE_DEMO_STD_V10 odoo.addons.base: Request from 192.168.1.11 processed in 214ms
2026-04-22 12:52:50,898 643418 INFO MASTER_BASE_DEMO_STD_V10 odoo.service.server: HTTP POST /web/dataset/call_kw/res.partner/read HTTP/1.1 200
2026-04-22 12:52:52,963 643417 INFO ? odoo.modules.loading: HTTP POST /web/dataset/call_kw/res.partner/read HTTP/1.1 200
2026-04-22 12:52:53,757 643418 INFO PROD_DB_01 werkzeug: Registry loaded for database PROD_DB_01
2026-04-22 12:52:54,644 643415 INFO MASTER_BASE_DEMO_STD_V10 odoo.http: Registry loaded for database MASTER_BASE_DEMO_STD_V10
2026-04-22 12:52:56,494 643416 ERROR ? werkzeug: AccessError: You do not have access rights to write on res.partner
2026-04-22 12:52:56,867 643416 INFO MASTER_BASE_DEMO_STD_V10 odoo.addons.base: Registry loaded for database MASTER_BASE_DEMO_STD_V10
2026-04-22 12:52:57,048 643415 INFO PROD_DB_01 werkzeug: Module base loaded in 0.845s
2026-04-22 12:52:59,511 643420 INFO MASTER_BASE_DEMO_STD_V10 odoo.service.server: Registry loaded for database MASTER_BASE_DEMO_STD_V10
2026-04-22 12:53:00,594 643415 INFO PROD_DB_01 odoo.addons.base: Request from 192.168.1.61 processed in 283ms
2026-04-22 12:53:02,949 643420 WARNING PROD_DB_01 odoo.sql_db: Slow query detected: 2.60s
2026-04-22 12:53:04,045 643415 DEBUG MASTER_BASE_DEMO_STD_V10 odoo.addons.base.models: Cache lookup for user 77
2026-04-22 12:53:06,577 643418 INFO ? odoo.modules.loading: Registry loaded for database ?
2026-04-22 12:53:07,119 643420 WARNING ? odoo.service.server: Slow query detected: 1.86s
2026-04-22 12:53:09,155 643416 INFO MASTER_BASE_DEMO_STD_V10 werkzeug: Worker (643416) serving request count: 35, registry count: 1.
2026-04-22 12:53:10,994 643417 INFO PROD_DB_01 odoo.addons.base: Registry loaded for database PROD_DB_01
2026-04-22 12:53:11,318 643415 DEBUG PROD_DB_01 odoo.sql_db: Registry cache hit for model res.users
2026-04-22 12:53:12,245 643415 INFO ? odoo.addons.base: Request from 192.168.1.217 processed in 92ms
2026-04-22 12:53:15,001 643416 DEBUG MASTER_BASE_DEMO_STD_V10 odoo.addons.base.models: Query time: 0.0404s
2026-04-22 12:53:17,286 643415 ERROR MASTER_BASE_DEMO_STD_V10 odoo.http: HTTP 500 Internal Server Error on /web/action/load
2026-04-22 12:53:20,210 643420 WARNING ? odoo.http: Deprecated method called in module sale
2026-04-22 12:53:22,461 643420 INFO PROD_DB_01 odoo.addons.base: Registry loaded for database PROD_DB_01
2026-04-22 12:53:23,756 643417 INFO MASTER_BASE_DEMO_STD_V10 odoo.service.server: Worker (643417) serving request count: 46, registry count: 1.
2026-04-22 12:53:25,609 643419 CRITICAL PROD_DB_01 odoo.service.server: Worker 643419 killed after timeout
2026-04-22 12:53:27,867 643415 INFO MASTER_BASE_DEMO_STD_V10 odoo.http: Registry loaded for database MASTER_BASE_DEMO_STD_V10
2026-04-22 12:53:28,300 643420 WARNING MASTER_BASE_DEMO_STD_V10 odoo.http: Memory usage high: 79%
2026-04-22 12:53:31,004 643415 DEBUG MASTER_BASE_DEMO_STD_V10 odoo.addons.base.models: Query time: 0.0447s
2026-04-22 12:53:33,511 643416 DEBUG MASTER_BASE_DEMO_STD_V10 odoo.modules.registry: Cache lookup for user 51
2026-04-22 12:53:36,163 643420 INFO MASTER_BASE_DEMO_STD_V10 odoo.addons.base: Request from 192.168.1.91 processed in 122ms
2026-04-22 12:53:37,947 643419 INFO ? odoo.service.server: Worker (643419) serving request count: 71, registry count: 1.
2026-04-22 12:53:39,160 643418 DEBUG MASTER_BASE_DEMO_STD_V10 odoo.modules.registry: SELECT id, name FROM res_partner WHERE active = true LIMIT 80
2026-04-22 12:53:41,589 643418 WARNING ? odoo.http: Memory usage high: 89%
2026-04-22 12:53:44,259 643420 INFO ? werkzeug: HTTP POST /web/dataset/call_kw/res.partner/read HTTP/1.1 200
2026-04-22 12:53:44,413 643418 INFO PROD_DB_01 odoo.modules.loading: Module base loaded in 0.467s
2026-04-22 12:53:46,043 643415 INFO PROD_DB_01 odoo.addons.base: HTTP POST /web/dataset/call_kw/res.partner/read HTTP/1.1 200
2026-04-22 12:53:46,605 643419 INFO MASTER_BASE_DEMO_STD_V10 odoo.http: Worker (643419) serving request count: 69, registry count: 1.
2026-04-22 12:53:46,823 643419 ERROR MASTER_BASE_DEMO_STD_V10 odoo.service.server: AccessError: You do not have access rights to write on res.partner
2026-04-22 12:53:47,492 643418 CRITICAL ? odoo.service.server: Out of memory: killing worker
2026-04-22 12:53:47,821 643419 INFO MASTER_BASE_DEMO_STD_V10 odoo.service.server: Request from 192.168.1.77 processed in 42ms
2026-04-22 12:53:48,887 643419 INFO MASTER_BASE_DEMO_STD_V10 odoo.modules.loading: Registry loaded for database MASTER_BASE_DEMO_STD_V10
2026-04-22 12:53:50,606 643420 ERROR PROD_DB_01 odoo.http: Traceback (most recent call last):
  File "/odoo/odoo/http.py", line 1234, in dispatch
    return self._dispatch()
ValueError: invalid literal for int() with base 10
2026-04-22 12:53:51,698 643415 INFO MASTER_BASE_DEMO_STD_V10 werkzeug: Worker (643415) serving request count: 90, registry count: 1.
2026-04-22 12:53:52,888 643417 WARNING ? odoo.http: Connection pool near capacity: 83/100
2026-04-22 12:53:53,067 643420 WARNING PROD_DB_01 odoo.service.server: Deprecated method called in module sale
2026-04-22 12:53:55,100 643418 ERROR MASTER_BASE_DEMO_STD_V10 odoo.http: HTTP 500 Internal Server Error on /web/action/load
2026-04-22 12:53:57,354 643419 DEBUG MASTER_BASE_DEMO_STD_V10 odoo.addons.base.models: SELECT id, name FROM res_partner WHERE active = true LIMIT 80
2026-04-22 12:53:59,295 643418 WARNING MASTER_BASE_DEMO_STD_V10 odoo.sql_db: Memory usage high: 78%
2026-04-22 12:53:59,773 643419 WARNING PROD_DB_01 odoo.http: Memory usage high: 78%
2026-04-22 12:54:02,539 643419 INFO MASTER_BASE_DEMO_STD_V10 odoo.addons.base: Module base loaded in 1.419s
2026-04-22 12:54:04,150 643419 DEBUG MASTER_BASE_DEMO_STD_V10 odoo.modules.registry: Query time: 0.0177s
2026-04-22 12:54:04,401 643420 INFO MASTER_BASE_DEMO_STD_V10 odoo.addons.base: Registry loaded for database MASTER_BASE_DEMO_STD_V10
2026-04-22 12:54:05,460 643417 DEBUG ? odoo.addons.base.models: SELECT id, name FROM res_partner WHERE active = true LIMIT 80
2026-04-22 12:54:05,831 643418 INFO MASTER_BASE_DEMO_STD_V10 odoo.modules.loading: HTTP POST /web/dataset/call_kw/res.partner/read HTTP/1.1 200
2026-04-22 12:54:06,729 643418 INFO MASTER_BASE_DEMO_STD_V10 werkzeug: HTTP POST /web/dataset/call_kw/res.partner/read HTTP/1.1 200
2026-04-22 12:54:07,843 643419 INFO MASTER_BASE_DEMO_STD_V10 werkzeug: HTTP POST /web/dataset/call_kw/res.partner/read HTTP/1.1 200
2026-04-22 12:54:08,449 643417 INFO PROD_DB_01 odoo.modules.loading: Module base loaded in 2.497s
2026-04-22 12:54:10,779 643420 DEBUG ? odoo.modules.registry: Cache lookup for user 42
2026-04-22 12:54:11,491 643417 INFO PROD_DB_01 odoo.http: Registry loaded for database PROD_DB_01
2026-04-22 12:54:13,742 643417 ERROR ? odoo.service.server: HTTP 500 Internal Server Error on /web/action/load
2026-04-22 12:54:14,579 643416 WARNING MASTER_BASE_DEMO_STD_V10 werkzeug: Memory usage high: 78%
2026-04-22 12:54:15,164 643418 WARNING MASTER_BASE_DEMO_STD_V10 werkzeug: Deprecated method called in module sale
2026-04-22 12:54:17,805 643418 INFO PROD_DB_01 odoo.modules.loading: Registry loaded for database PROD_DB_01
2026-04-22 12:54:18,619 643416 INFO MASTER_BASE_DEMO_STD_V10 odoo.http: Registry loaded for database MASTER_BASE_DEMO_STD_V10
2026-04-22 12:54:21,511 643418 DEBUG PROD_DB_01 odoo.modules.registry: SELECT id, name FROM res_partner WHERE active = true LIMIT 80
2026-04-22 12:54:21,674 643418 INFO MASTER_BASE_DEMO_STD_V10 odoo.http: HTTP POST /web/dataset/call_kw/res.partner/read HTTP/1.1 200
2026-04-22 12:54:23,908 643417 WARNING ? odoo.sql_db: Memory usage high: 73%
2026-04-22 12:54:26,072 643419 CRITICAL ? odoo.service.server: Out of memory: killing worker
2026-04-22 12:54:28,410 643418 INFO MASTER_BASE_DEMO_STD_V10 odoo.modules.loading: Request from 192.168.1.148 processed in 309ms
2026-04-22 12:54:30,287 643417 INFO ? odoo.http: Request from 192.168.1.219 processed in 89ms
2026-04-22 12:54:30,791 643416 ERROR MASTER_BASE_DEMO_STD_V10 odoo.http: HTTP 500 Internal Server Error on /web/action/load
2026-04-22 12:54:32,801 643416 INFO ? odoo.http: HTTP POST /web/dataset/call_kw/res.partner/read HTTP/1.1 200
2026-04-22 12:54:34,740 643415 DEBUG MASTER_BASE_DEMO_STD_V10 odoo.modules.registry: Registry cache hit for model res.users
2026-04-22 12:54:35,313 643417 INFO MASTER_BASE_DEMO_STD_V10 odoo.addons.base: Module base loaded in 0.969s
2026-04-22 12:54:35,491 643415 DEBUG ? odoo.modules.registry: Query time: 0.0160s
2026-04-22 12:54:37,454 643420 INFO MASTER_BASE_DEMO_STD_V10 odoo.modules.loading: Worker (643420) serving request count: 10, registry count: 1.
2026-04-22 12:54:40,424 643416 CRITICAL PROD_DB_01 odoo.service.server: Out of memory: killing worker
2026-04-22 12:54:42,486 643419 DEBUG MASTER_BASE_DEMO_STD_V10 odoo.modules.registry: Cache lookup for user 100
2026-04-22 12:54:43,530 643416 DEBUG MASTER_BASE_DEMO_STD_V10 odoo.modules.registry: Cache lookup for user 25
2026-04-22 12:54:44,275 643420 WARNING ? odoo.service.server: Memory usage high: 72%
2026-04-22 12:54:44,495 643416 INFO MASTER_BASE_DEMO_STD_V10 odoo.service.server: HTTP POST /web/dataset/call_kw/res.partner/read HTTP/1.1 200
2026-04-22 12:54:45,138 643419 INFO MASTER_BASE_DEMO_STD_V10 odoo.http: Request from 192.168.1.218 processed in 122ms
2026-04-22 12:54:45,471 643419 DEBUG ? odoo.modules.registry: SELECT id, name FROM res_partner WHERE active = true LIMIT 80
2026-04-22 12:54:46,935 643418 CRITICAL PROD_DB_01 odoo.service.server: Worker 643418 killed after timeout
2026-04-22 12:54:49,729 643417 ERROR PROD_DB_01 odoo.service.server: AccessError: You do not have access rights to write on res.partner
2026-04-22 12:54:51,956 643415 INFO PROD_DB_01 odoo.service.server: HTTP POST /web/dataset/call_kw/res.partner/read HTTP/1.1 200
2026-04-22 12:54:52,069 643415 DEBUG PROD_DB_01 odoo.sql_db: Registry cache hit for model res.users
2026-04-22 12:54:53,988 643419 ERROR PROD_DB_01 werkzeug: AccessError: You do not have access rights to write on res.partner
2026-04-22 12:54:56,199 643419 INFO MASTER_BASE_DEMO_STD_V10 odoo.addons.base: Worker (643419) serving request count: 41, registry count: 1.
2026-04-22 12:54:56,677 643418 INFO ? odoo.modules.loading: Request from 192.168.1.65 processed in 197ms
2026-04-22 12:54:59,177 643420 INFO ? odoo.http: HTTP POST /web/dataset/call_kw/res.partner/read HTTP/1.1 200
2026-04-22 12:55:00,154 643420 DEBUG MASTER_BASE_DEMO_STD_V10 odoo.addons.base.models: SELECT id, name FROM res_partner WHERE active = true LIMIT 80
2026-04-22 12:55:00,665 643416 CRITICAL ? odoo.service.server: Failed to load registry for ?: database does not exist
2026-04-22 12:55:01,358 643418 ERROR MASTER_BASE_DEMO_STD_V10 odoo.http: psycopg2.OperationalError: connection to server failed
2026-04-22 12:55:03,775 643420 DEBUG MASTER_BASE_DEMO_STD_V10 odoo.sql_db: SELECT id, name FROM res_partner WHERE active = true LIMIT 80
2026-04-22 12:55:04,583 643415 INFO MASTER_BASE_DEMO_STD_V10 odoo.service.server: Registry loaded for database MASTER_BASE_DEMO_STD_V10
2026-04-22 12:55:05,102 643418 INFO MASTER_BASE_DEMO_STD_V10 odoo.addons.base: HTTP POST /web/dataset/call_kw/res.partner/read HTTP/1.1 200
2026-04-22 12:55:07,121 643420 DEBUG MASTER_BASE_DEMO_STD_V10 odoo.sql_db: Registry cache hit for model res.users
2026-04-22 12:55:08,742 643417 WARNING PROD_DB_01 odoo.sql_db: Connection pool near capacity: 87/100
2026-04-22 12:55:11,453 643417 INFO MASTER_BASE_DEMO_STD_V10 odoo.addons.base: Module base loaded in 1.987s
2026-04-22 12:55:13,757 643418 DEBUG MASTER_BASE_DEMO_STD_V10 odoo.modules.registry: Query time: 0.0162s
2026-04-22 12:55:14,207 643420 INFO MASTER_BASE_DEMO_STD_V10 odoo.service.server: Worker (643420) serving request count: 97, registry count: 1.
2026-04-22 12:55:15,772 643415 WARNING PROD_DB_01 odoo.service.server: Deprecated method called in module sale
2026-04-22 12:55:15,902 643417 ERROR MASTER_BASE_DEMO_STD_V10 werkzeug: AccessError: You do not have access rights to write on res.partner
2026-04-22 12:55:17,549 643420 INFO MASTER_BASE_DEMO_STD_V10 odoo.service.server: Module base loaded in 1.043s
2026-04-22 12:55:17,953 643417 DEBUG MASTER_BASE_DEMO_STD_V10 odoo.modules.registry: Query time: 0.0011s
2026-04-22 12:55:19,636 643415 DEBUG PROD_DB_01 odoo.addons.base.models: SELECT id, name FROM res_partner WHERE active = true LIMIT 80
2026-04-22 12:55:21,986 643417 WARNING ? werkzeug: Slow query detected: 3.42s
2026-04-22 12:55:24,224 643418 DEBUG ? odoo.sql_db: SELECT id, name FROM res_partner WHERE active = true LIMIT 80
2026-04-22 12:55:25,232 643419 INFO MASTER_BASE_DEMO_STD_V10 werkzeug: HTTP POST /web/dataset/call_kw/res.partner/read HTTP/1.1 200
2026-04-22 12:55:26,773 643415 INFO ? odoo.modules.loading: Registry loaded for database ?
2026-04-22 12:55:29,662 643415 DEBUG MASTER_BASE_DEMO_STD_V10 odoo.sql_db: Cache lookup for user 17
2026-04-22 12:55:31,180 643420 INFO MASTER_BASE_DEMO_STD_V10 werkzeug: Request from 192.168.1.4 processed in 159ms
2026-04-22 12:55:32,739 643419 ERROR MASTER_BASE_DEMO_STD_V10 werkzeug: HTTP 500 Internal Server Error on /web/action/load
2026-04-22 12:55:34,879 643417 INFO MASTER_BASE_DEMO_STD_V10 werkzeug: Worker (643417) serving request count: 38, registry count: 1.
2026-04-22 12:55:36,144 643418 INFO MASTER_BASE_DEMO_STD_V10 odoo.service.server: HTTP POST /web/dataset/call_kw/res.partner/read HTTP/1.1 200
2026-04-22 12:55:37,342 643416 INFO ? odoo.modules.loading: HTTP POST /web/dataset/call_kw/res.partner/read HTTP/1.1 200
2026-04-22 12:55:38,761 643418 INFO MASTER_BASE_DEMO_STD_V10 werkzeug: Module base loaded in 2.216s
2026-04-22 12:55:40,311 643420 INFO MASTER_BASE_DEMO_STD_V10 odoo.service.server: Module base loaded in 1.734s
2026-04-22 12:55:40,546 643418 INFO MASTER_BASE_DEMO_STD_V10 odoo.service.server: Module base loaded in 0.403s
2026-04-22 12:55:40,596 643418 DEBUG MASTER_BASE_DEMO_STD_V10 odoo.addons.base.models: Cache lookup for user 81
2026-04-22 12:55:43,530 643416 ERROR ? odoo.service.server: psycopg2.OperationalError: connection to server failed
2026-04-22 12:55:44,283 643418 INFO MASTER_BASE_DEMO_STD_V10 odoo.http: HTTP POST /web/dataset/call_kw/res.partner/read HTTP/1.1 200
2026-04-22 12:55:46,626 643416 DEBUG PROD_DB_01 odoo.sql_db: Registry cache hit for model res.users
2026-04-22 12:55:49,497 643416 INFO ? odoo.modules.loading: HTTP POST /web/dataset/call_kw/res.partner/read HTTP/1.1 200
2026-04-22 12:55:49,572 643417 INFO MASTER_BASE_DEMO_STD_V10 odoo.http: Request from 192.168.1.242 processed in 292ms
2026-04-22 12:55:50,097 643415 DEBUG MASTER_BASE_DEMO_STD_V10 odoo.addons.base.models: SELECT id, name FROM res_partner WHERE active = true LIMIT 80
2026-04-22 12:55:50,499 643420 INFO ? odoo.service.server: Worker (643420) serving request count: 6, registry count: 1.
2026-04-22 12:55:50,767 643418 WARNING MASTER_BASE_DEMO_STD_V10 odoo.http: Memory usage high: 72%
2026-04-22 12:55:52,102 643419 DEBUG MASTER_BASE_DEMO_STD_V10 odoo.modules.registry: SELECT id, name FROM res_partner WHERE active = true LIMIT 80
2026-04-22 12:55:54,503 643419 WARNING PROD_DB_01 odoo.service.server: Memory usage high: 88%
2026-04-22 12:55:56,982 643418 DEBUG MASTER_BASE_DEMO_STD_V10 odoo.modules.registry: Query time: 0.0179s
2026-04-22 12:55:58,966 643417 WARNING ? odoo.sql_db: Slow query detected: 4.86s
2026-04-22 12:56:01,221 643417 INFO MASTER_BASE_DEMO_STD_V10 odoo.service.server: HTTP POST /web/dataset/call_kw/res.partner/read HTTP/1.1 200
2026-04-22 12:56:03,772 643420 INFO MASTER_BASE_DEMO_STD_V10 odoo.service.server: Module base loaded in 0.612s
2026-04-22 12:56:04,870 643418 INFO MASTER_BASE_DEMO_STD_V10 odoo.http: Request from 192.168.1.224 processed in 475ms
2026-04-22 12:56:06,038 643418 CRITICAL ? odoo.service.server: Failed to load registry for ?: database does not exist
2026-04-22 12:56:07,846 643420 INFO MASTER_BASE_DEMO_STD_V10 odoo.http: HTTP POST /web/dataset/call_kw/res.partner/read HTTP/1.1 200
2026-04-22 12:56:08,620 643417 INFO MASTER_BASE_DEMO_STD_V10 werkzeug: Module base loaded in 2.426s
2026-04-22 12:56:09,234 643418 INFO PROD_DB_01 odoo.http: Request from 192.168.1.14 processed in 233ms
2026-04-22 12:56:10,758 643418 INFO PROD_DB_01 odoo.http: HTTP POST /web/dataset/call_kw/res.partner/read HTTP/1.1 200
2026-04-22 12:56:10,847 643416 DEBUG PROD_DB_01 odoo.modules.registry: Query time: 0.0062s
2026-04-22 12:56:11,009 643420 DEBUG MASTER_BASE_DEMO_STD_V10 odoo.sql_db: SELECT id, name FROM res_partner WHERE active = true LIMIT 80
2026-04-22 12:56:13,137 643418 ERROR MASTER_BASE_DEMO_STD_V10 odoo.sql_db: Traceback (most recent call last):
  File "/odoo/odoo/http.py", line 1234, in dispatch
    return self._dispatch()
ValueError: invalid literal for int() with base 10
2026-04-22 12:56:14,395 643417 DEBUG ? odoo.addons.base.models: Registry cache hit for model res.users
2026-04-22 12:56:17,041 643416 INFO PROD_DB_01 odoo.modules.loading: Request from 192.168.1.81 processed in 423ms
2026-04-22 12:56:17,816 643420 CRITICAL MASTER_BASE_DEMO_STD_V10 odoo.service.server: Out of memory: killing worker
2026-04-22 12:56:18,612 643416 INFO PROD_DB_01 odoo.addons.base: Registry loaded for database PROD_DB_01
2026-04-22 12:56:18,869 643420 INFO MASTER_BASE_DEMO_STD_V10 odoo.http: Module base loaded in 2.333s
2026-04-22 12:56:21,730 643420 DEBUG PROD_DB_01 odoo.modules.registry: Query time: 0.0321s
2026-04-22 12:56:23,574 643415 INFO ? odoo.service.server: Worker (643415) serving request count: 91, registry count: 1.
2026-04-22 12:56:26,060 643418 DEBUG PROD_DB_01 odoo.addons.base.models: Query time: 0.0374s
2026-04-22 12:56:26,224 643420 ERROR MASTER_BASE_DEMO_STD_V10 odoo.sql_db: psycopg2.OperationalError: connection to server failed
2026-04-22 12:56:27,453 643418 ERROR MASTER_BASE_DEMO_STD_V10 odoo.service.server: psycopg2.OperationalError: connection to server failed
2026-04-22 12:56:30,329 643416 ERROR MASTER_BASE_DEMO_STD_V10 odoo.sql_db: HTTP 500 Internal Server Error on /web/action/load
2026-04-22 12:56:30,895 643417 ERROR MASTER_BASE_DEMO_STD_V10 werkzeug: psycopg2.OperationalError: connection to server failed
2026-04-22 12:56:33,450 643419 DEBUG PROD_DB_01 odoo.sql_db: SELECT id, name FROM res_partner WHERE active = true LIMIT 80
2026-04-22 12:56:36,178 643416 INFO MASTER_BASE_DEMO_STD_V10 odoo.addons.base: Module base loaded in 1.900s
2026-04-22 12:56:38,550 643420 INFO MASTER_BASE_DEMO_STD_V10 odoo.http: Registry loaded for database MASTER_BASE_DEMO_STD_V10
2026-04-22 12:56:40,965 643419 INFO MASTER_BASE_DEMO_STD_V10 werkzeug: HTTP POST /web/dataset/call_kw/res.partner/read HTTP/1.1 200
2026-04-22 12:56:43,952 643418 INFO PROD_DB_01 odoo.service.server: HTTP POST /web/dataset/call_kw/res.partner/read HTTP/1.1 200
2026-04-22 12:56:46,846 643417 DEBUG MASTER_BASE_DEMO_STD_V10 odoo.addons.base.models: Query time: 0.0105s
2026-04-22 12:56:49,758 643419 ERROR PROD_DB_01 odoo.http: psycopg2.OperationalError: connection to server failed
2026-04-22 12:56:51,416 643415 INFO ? odoo.modules.loading: Module base loaded in 0.623s
2026-04-22 12:56:51,764 643415 INFO ? odoo.http: Request from 192.168.1.66 processed in 71ms
2026-04-22 12:56:54,014 643418 INFO MASTER_BASE_DEMO_STD_V10 odoo.modules.loading: Worker (643418) serving request count: 74, registry count: 1.
2026-04-22 12:56:54,970 643416 INFO MASTER_BASE_DEMO_STD_V10 odoo.service.server: Registry loaded for database MASTER_BASE_DEMO_STD_V10
2026-04-22 12:56:55,210 643420 INFO MASTER_BASE_DEMO_STD_V10 odoo.addons.base: Worker (643420) serving request count: 53, registry count: 1.
2026-04-22 12:56:55,880 643415 ERROR MASTER_BASE_DEMO_STD_V10 odoo.sql_db: AccessError: You do not have access rights to write on res.partner
2026-04-22 12:56:57,748 643418 INFO MASTER_BASE_DEMO_STD_V10 odoo.addons.base: Module base loaded in 2.251s
2026-04-22 12:56:59,166 643418 WARNING ? odoo.service.server: Slow query detected: 4.50s
2026-04-22 12:57:01,647 643419 WARNING PROD_DB_01 odoo.http: Memory usage high: 77%
2026-04-22 12:57:02,430 643420 WARNING MASTER_BASE_DEMO_STD_V10 werkzeug: Connection pool near capacity: 85/100
2026-04-22 12:57:04,377 643418 ERROR MASTER_BASE_DEMO_STD_V10 odoo.sql_db: AccessError: You do not have access rights to write on res.partner
2026-04-22 12:57:04,799 643415 WARNING MASTER_BASE_DEMO_STD_V10 odoo.http: Slow query detected: 4.00s
2026-04-22 12:57:07,717 643418 ERROR MASTER_BASE_DEMO_STD_V10 odoo.http: psycopg2.OperationalError: connection to server failed
2026-04-22 12:57:09,915 643417 WARNING ? odoo.sql_db: Deprecated method called in module sale
2026-04-22 12:57:12,025 643415 INFO PROD_DB_01 odoo.http: Module base loaded in 1.853s
2026-04-22 12:57:13,974 643419 DEBUG ? odoo.sql_db: Cache lookup for user 13
2026-04-22 12:57:16,140 643419 INFO MASTER_BASE_DEMO_STD_V10 odoo.http: HTTP POST /web/dataset/call_kw/res.partner/read HTTP/1.1 200
2026-04-22 12:57:16,465 643416 INFO ? odoo.addons.base: Registry loaded for database ?
2026-04-22 12:57:18,600 643416 INFO PROD_DB_01 odoo.service.server: Registry loaded for database PROD_DB_01
2026-04-22 12:57:18,654 643416 INFO MASTER_BASE_DEMO_STD_V10 odoo.addons.base: Worker (643416) serving request count: 17, registry count: 1.
2026-04-22 12:57:21,417 643416 ERROR MASTER_BASE_DEMO_STD_V10 odoo.service.server: psycopg2.OperationalError: connection to server failed
2026-04-22 12:57:22,608 643417 INFO PROD_DB_01 odoo.modules.loading: Request from 192.168.1.188 processed in 72ms
2026-04-22 12:57:24,384 643415 CRITICAL PROD_DB_01 odoo.service.server: Out of memory: killing worker
2026-04-22 12:57:27,344 643419 INFO MASTER_BASE_DEMO_STD_V10 odoo.modules.loading: Request from 192.168.1.189 processed in 326ms
2026-04-22 12:57:28,245 643420 CRITICAL PROD_DB_01 odoo.service.server: Out of memory: killing worker
2026-04-22 12:57:28,906 643420 INFO MASTER_BASE_DEMO_STD_V10 odoo.modules.loading: Worker (643420) serving request count: 64, registry count: 1.
2026-04-22 12:57:29,378 643420 INFO MASTER_BASE_DEMO_STD_V10 odoo.service.server: Request from 192.168.1.231 processed in 402ms
2026-04-22 12:57:30,802 643418 ERROR ? odoo.service.server: AccessError: You do not have access rights to write on res.partner
2026-04-22 12:57:30,863 643416 DEBUG MASTER_BASE_DEMO_STD_V10 odoo.modules.registry: Registry cache hit for model res.users
2026-04-22 12:57:32,784 643418 INFO ? odoo.addons.base: Request from 192.168.1.25 processed in 317ms
2026-04-22 12:57:32,927 643420 DEBUG MASTER_BASE_DEMO_STD_V10 odoo.modules.registry: SELECT id, name FROM res_partner WHERE active = true LIMIT 80
2026-04-22 12:57:34,199 643418 INFO MASTER_BASE_DEMO_STD_V10 odoo.modules.loading: Request from 192.168.1.150 processed in 388ms
2026-04-22 12:57:35,264 643417 WARNING PROD_DB_01 odoo.sql_db: Slow query detected: 3.67s
2026-04-22 12:57:35,646 643419 WARNING MASTER_BASE_DEMO_STD_V10 odoo.sql_db: Deprecated method called in module sale
2026-04-22 12:57:37,358 643417 DEBUG PROD_DB_01 odoo.modules.registry: Cache lookup for user 51
2026-04-22 12:57:38,977 643415 INFO ? odoo.modules.loading: Module base loaded in 2.030s
2026-04-22 12:57:39,274 643417 INFO PROD_DB_01 odoo.http: Registry loaded for database PROD_DB_01
2026-04-22 12:57:40,128 643418 DEBUG MASTER_BASE_DEMO_STD_V10 odoo.addons.base.models: Query time: 0.0120s
2026-04-22 12:57:41,416 643415 DEBUG ? odoo.sql_db: Registry cache hit for model res.users
2026-04-22 12:57:42,017 643418 INFO MASTER_BASE_DEMO_STD_V10 odoo.service.server: Registry loaded for database MASTER_BASE_DEMO_STD_V10
2026-04-22 12:57:42,629 643420 ERROR PROD_DB_01 odoo.service.server: HTTP 500 Internal Server Error on /web/action/load
2026-04-22 12:57:43,298 643420 INFO MASTER_BASE_DEMO_STD_V10 odoo.addons.base: HTTP POST /web/dataset/call_kw/res.partner/read HTTP/1.1 200
2026-04-22 12:57:45,898 643415 ERROR MASTER_BASE_DEMO_STD_V10 odoo.http: HTTP 500 Internal Server Error on /web/action/load
2026-04-22 12:57:46,294 643420 DEBUG ? odoo.modules.registry: Query time: 0.0118s
2026-04-22 12:57:46,892 643416 DEBUG PROD_DB_01 odoo.modules.registry: Query time: 0.0487s
2026-04-22 12:57:47,177 643420 INFO MASTER_BASE_DEMO_STD_V10 odoo.modules.loading: Request from 192.168.1.63 processed in 138ms
2026-04-22 12:57:48,213 643420 INFO PROD_DB_01 odoo.addons.base: Module base loaded in 0.997s
2026-04-22 12:57:50,175 643417 WARNING ? odoo.service.server: Connection pool near capacity: 94/100
2026-04-22 12:57:52,828 643420 INFO MASTER_BASE_DEMO_STD_V10 odoo.http: Registry loaded for database MASTER_BASE_DEMO_STD_V10
2026-04-22 12:57:54,487 643417 INFO ? odoo.service.server: Worker (643417) serving request count: 36, registry count: 1.
2026-04-22 12:57:55,706 643417 INFO MASTER_BASE_DEMO_STD_V10 odoo.addons.base: Module base loaded in 2.301s
2026-04-22 12:57:56,114 643419 WARNING MASTER_BASE_DEMO_STD_V10 werkzeug: Memory usage high: 81%
2026-04-22 12:57:57,401 643418 WARNING MASTER_BASE_DEMO_STD_V10 odoo.sql_db: Memory usage high: 70%
2026-04-22 12:57:58,010 643417 INFO MASTER_BASE_DEMO_STD_V10 odoo.http: Module base loaded in 2.340s
2026-04-22 12:58:00,794 643415 ERROR MASTER_BASE_DEMO_STD_V10 odoo.http: Traceback (most recent call last):
  File "/odoo/odoo/http.py", line 1234, in dispatch
    return self._dispatch()
ValueError: invalid literal for int() with base 10
2026-04-22 12:58:01,320 643418 INFO PROD_DB_01 odoo.http: Registry loaded for database PROD_DB_01
2026-04-22 12:58:04,064 643416 WARNING MASTER_BASE_DEMO_STD_V10 odoo.sql_db: Deprecated method called in module sale
2026-04-22 12:58:06,288 643418 WARNING MASTER_BASE_DEMO_STD_V10 odoo.http: Memory usage high: 81%
2026-04-22 12:58:08,619 643415 INFO MASTER_BASE_DEMO_STD_V10 odoo.modules.loading: Worker (643415) serving request count: 85, registry count: 1.
2026-04-22 12:58:10,739 643418 WARNING PROD_DB_01 odoo.service.server: Deprecated method called in module sale
2026-04-22 12:58:11,583 643418 DEBUG MASTER_BASE_DEMO_STD_V10 odoo.addons.base.models: SELECT id, name FROM res_partner WHERE active = true LIMIT 80
2026-04-22 12:58:13,799 643420 INFO PROD_DB_01 odoo.modules.loading: Worker (643420) serving request count: 57, registry count: 1.
2026-04-22 12:58:15,610 643419 INFO PROD_DB_01 werkzeug: Module base loaded in 0.108s
2026-04-22 12:58:18,304 643415 WARNING PROD_DB_01 odoo.http: Connection pool near capacity: 82/100
2026-04-22 12:58:21,012 643417 INFO MASTER_BASE_DEMO_STD_V10 odoo.service.server: Worker (643417) serving request count: 20, registry count: 1.
2026-04-22 12:58:21,586 643420 INFO MASTER_BASE_DEMO_STD_V10 odoo.http: Request from 192.168.1.119 processed in 344ms
2026-04-22 12:58:22,869 643419 INFO MASTER_BASE_DEMO_STD_V10 odoo.modules.loading: Request from 192.168.1.196 processed in 208ms
2026-04-22 12:58:23,592 643418 ERROR MASTER_BASE_DEMO_STD_V10 odoo.sql_db: Traceback (most recent call last):
  File "/odoo/odoo/http.py", line 1234, in dispatch
    return self._dispatch()
ValueError: invalid literal for int() with base 10
2026-04-22 12:58:26,191 643418 INFO MASTER_BASE_DEMO_STD_V10 odoo.addons.base: Request from 192.168.1.199 processed in 205ms
2026-04-22 12:58:28,882 643419 INFO ? odoo.modules.loading: HTTP POST /web/dataset/call_kw/res.partner/read HTTP/1.1 200
2026-04-22 12:58:31,632 643417 DEBUG MASTER_BASE_DEMO_STD_V10 odoo.sql_db: Cache lookup for user 82
2026-04-22 12:58:34,546 643416 DEBUG MASTER_BASE_DEMO_STD_V10 odoo.sql_db: Registry cache hit for model res.users
2026-04-22 12:58:35,519 643417 INFO ? werkzeug: Registry loaded for database ?
2026-04-22 12:58:35,944 643418 ERROR ? odoo.sql_db: Traceback (most recent call last):
  File "/odoo/odoo/http.py", line 1234, in dispatch
    return self._dispatch()
ValueError: invalid literal for int() with base 10
2026-04-22 12:58:38,480 643418 INFO MASTER_BASE_DEMO_STD_V10 odoo.addons.base: Request from 192.168.1.207 processed in 86ms
2026-04-22 12:58:40,542 643415 INFO ? odoo.service.server: HTTP POST /web/dataset/call_kw/res.partner/read HTTP/1.1 200
2026-04-22 12:58:42,886 643420 DEBUG MASTER_BASE_DEMO_STD_V10 odoo.addons.base.models: Cache lookup for user 64
2026-04-22 12:58:44,009 643420 INFO PROD_DB_01 werkzeug: Module base loaded in 1.162s
2026-04-22 12:58:44,653 643416 INFO MASTER_BASE_DEMO_STD_V10 odoo.modules.loading: HTTP POST /web/dataset/call_kw/res.partner/read HTTP/1.1 200
2026-04-22 12:58:47,302 643415 INFO PROD_DB_01 odoo.http: HTTP POST /web/dataset/call_kw/res.partner/read HTTP/1.1 200
2026-04-22 12:58:50,290 643416 WARNING MASTER_BASE_DEMO_STD_V10 odoo.http: Deprecated method called in module sale
2026-04-22 12:58:51,089 643418 WARNING PROD_DB_01 odoo.http: Slow query detected: 2.80s
2026-04-22 12:58:53,100 643420 WARNING MASTER_BASE_DEMO_STD_V10 odoo.sql_db: Deprecated method called in module sale
2026-04-22 12:58:54,775 643417 DEBUG ? odoo.modules.registry: SELECT id, name FROM res_partner WHERE active = true LIMIT 80
2026-04-22 12:58:57,565 643418 INFO PROD_DB_01 odoo.service.server: Request from 192.168.1.168 processed in 292ms
2026-04-22 12:58:59,193 643416 INFO MASTER_BASE_DEMO_STD_V10 odoo.addons.base: HTTP POST /web/dataset/call_kw/res.partner/read HTTP/1.1 200
2026-04-22 12:59:01,182 643420 DEBUG ? odoo.sql_db: Cache lookup for user 36
2026-04-22 12:59:02,712 643415 INFO MASTER_BASE_DEMO_STD_V10 odoo.modules.loading: Request from 192.168.1.240 processed in 325ms
2026-04-22 12:59:05,712 643418 INFO MASTER_BASE_DEMO_STD_V10 odoo.addons.base: Registry loaded for database MASTER_BASE_DEMO_STD_V10
2026-04-22 12:59:05,831 643417 DEBUG MASTER_BASE_DEMO_STD_V10 odoo.addons.base.models: Registry cache hit for model res.users
2026-04-22 12:59:07,195 643419 INFO ? odoo.http: Request from 192.168.1.207 processed in 99ms
2026-04-22 12:59:07,319 643416 INFO ? odoo.modules.loading: Registry loaded for database ?
2026-04-22 12:59:07,925 643415 DEBUG MASTER_BASE_DEMO_STD_V10 odoo.sql_db: Registry cache hit for model res.users
2026-04-22 12:59:09,736 643420 ERROR ? werkzeug: AccessError: You do not have access rights to write on res.partner
2026-04-22 12:59:09,934 643418 DEBUG ? odoo.sql_db: Cache lookup for user 55
2026-04-22 12:59:10,931 643418 INFO MASTER_BASE_DEMO_STD_V10 odoo.modules.loading: Request from 192.168.1.113 processed in 338ms
2026-04-22 12:59:12,370 643418 DEBUG ? odoo.addons.base.models: Registry cache hit for model res.users
2026-04-22 12:59:13,271 643420 ERROR PROD_DB_01 odoo.http: psycopg2.OperationalError: connection to server failed
2026-04-22 12:59:13,696 643419 DEBUG ? odoo.modules.registry: Query time: 0.0161s
2026-04-22 12:59:14,701 643416 INFO MASTER_BASE_DEMO_STD_V10 odoo.modules.loading: Request from 192.168.1.31 processed in 305ms
2026-04-22 12:59:16,742 643417 WARNING PROD_DB_01 odoo.service.server: Memory usage high: 79%
2026-04-22 12:59:19,704 643415 INFO MASTER_BASE_DEMO_STD_V10 werkzeug: Module base loaded in 1.050s
2026-04-22 12:59:22,479 643419 WARNING ? werkzeug: Memory usage high: 88%
2026-04-22 12:59:22,893 643417 INFO MASTER_BASE_DEMO_STD_V10 werkzeug: Request from 192.168.1.228 processed in 182ms
2026-04-22 12:59:24,297 643417 INFO ? odoo.modules.loading: Worker (643417) serving request count: 90, registry count: 1.
2026-04-22 12:59:26,758 643415 DEBUG PROD_DB_01 odoo.addons.base.models: Cache lookup for user 24
2026-04-22 12:59:27,131 643418 INFO PROD_DB_01 odoo.modules.loading: Worker (643418) serving request count: 49, registry count: 1.
2026-04-22 12:59:30,026 643415 INFO ? odoo.service.server: HTTP POST /web/dataset/call_kw/res.partner/read HTTP/1.1 200
2026-04-22 12:59:31,971 643416 INFO MASTER_BASE_DEMO_STD_V10 werkzeug: HTTP POST /web/dataset/call_kw/res.partner/read HTTP/1.1 200
2026-04-22 12:59:34,169 643417 DEBUG PROD_DB_01 odoo.addons.base.models: Cache lookup for user 37
2026-04-22 12:59:35,999 643420 INFO PROD_DB_01 odoo.http: Module base loaded in 1.889s
2026-04-22 12:59:37,103 643420 WARNING PROD_DB_01 odoo.sql_db: Slow query detected: 2.88s
2026-04-22 12:59:38,211 643420 INFO ? odoo.http: Module base loaded in 2.205s
2026-04-22 12:59:40,414 643415 WARNING MASTER_BASE_DEMO_STD_V10 odoo.http: Memory usage high: 86%
2026-04-22 12:59:42,943 643416 DEBUG MASTER_BASE_DEMO_STD_V10 odoo.addons.base.models: Query time: 0.0338s
2026-04-22 12:59:44,013 643415 INFO MASTER_BASE_DEMO_STD_V10 odoo.addons.base: Request from 192.168.1.115 processed in 71ms
2026-04-22 12:59:44,240 643418 INFO PROD_DB_01 odoo.addons.base: Registry loaded for database PROD_DB_01
2026-04-22 12:59:45,669 643417 INFO MASTER_BASE_DEMO_STD_V10 odoo.modules.loading: Module base loaded in 0.203s
2026-04-22 12:59:47,491 643419 WARNING ? odoo.sql_db: Deprecated method called in module sale
2026-04-22 12:59:48,120 643415 ERROR PROD_DB_01 odoo.sql_db: Traceback (most recent call last):
  File "/odoo/odoo/http.py", line 1234, in dispatch
    return self._dispatch()
ValueError: invalid literal for int() with base 10
2026-04-22 12:59:49,005 643415 DEBUG ? odoo.modules.registry: Cache lookup for user 46
2026-04-22 12:59:50,409 643416 DEBUG ? odoo.sql_db: SELECT id, name FROM res_partner WHERE active = true LIMIT 80
2026-04-22 12:59:52,955 643419 INFO MASTER_BASE_DEMO_STD_V10 odoo.http: Module base loaded in 0.816s
2026-04-22 12:59:54,345 643420 INFO MASTER_BASE_DEMO_STD_V10 odoo.service.server: Request from 192.168.1.19 processed in 119ms
2026-04-22 12:59:55,609 643416 ERROR MASTER_BASE_DEMO_STD_V10 werkzeug: Traceback (most recent call last):
  File "/odoo/odoo/http.py", line 1234, in dispatch
    return self._dispatch()
ValueError: invalid literal for int() with base 10
2026-04-22 12:59:56,214 643420 INFO MASTER_BASE_DEMO_STD_V10 odoo.modules.loading: Registry loaded for database MASTER_BASE_DEMO_STD_V10
2026-04-22 12:59:58,951 643416 INFO PROD_DB_01 odoo.modules.loading: HTTP POST /web/dataset/call_kw/res.partner/read HTTP/1.1 200
2026-04-22 13:00:01,840 643420 DEBUG ? odoo.addons.base.models: Query time: 0.0417s
2026-04-22 13:00:04,789 643420 ERROR PROD_DB_01 werkzeug: psycopg2.OperationalError: connection to server failed
2026-04-22 13:00:07,517 643416 INFO ? werkzeug: Worker (643416) serving request count: 9, registry count: 1.
2026-04-22 13:00:08,804 643415 INFO PROD_DB_01 odoo.service.server: Module base loaded in 2.005s
2026-04-22 13:00:09,523 643415 INFO PROD_DB_01 werkzeug: Module base loaded in 1.176s
2026-04-22 13:00:10,226 643420 INFO MASTER_BASE_DEMO_STD_V10 odoo.addons.base: Request from 192.168.1.40 processed in 324ms
2026-04-22 13:00:11,628 643416 INFO MASTER_BASE_DEMO_STD_V10 odoo.modules.loading: Worker (643416) serving request count: 2, registry count: 1.
2026-04-22 13:00:12,716 643416 INFO ? odoo.service.server: Registry loaded for database ?
2026-04-22 13:00:14,261 643418 ERROR MASTER_BASE_DEMO_STD_V10 werkzeug: AccessError: You do not have access rights to write on res.partner
2026-04-22 13:00:16,270 643416 DEBUG PROD_DB_01 odoo.modules.registry: SELECT id, name FROM res_partner WHERE active = true LIMIT 80
2026-04-22 13:00:17,458 643416 DEBUG MASTER_BASE_DEMO_STD_V10 odoo.sql_db: Registry cache hit for model res.users
2026-04-22 13:00:19,890 643420 DEBUG PROD_DB_01 odoo.modules.registry: Registry cache hit for model res.users
2026-04-22 13:00:22,875 643417 ERROR MASTER_BASE_DEMO_STD_V10 odoo.sql_db: Traceback (most recent call last):
  File "/odoo/odoo/http.py", line 1234, in dispatch
    return self._dispatch()
ValueError: invalid literal for int() with base 10
2026-04-22 13:00:24,137 643419 INFO MASTER_BASE_DEMO_STD_V10 odoo.service.server: Worker (643419) serving request count: 21, registry count: 1.
2026-04-22 13:00:24,400 643417 ERROR MASTER_BASE_DEMO_STD_V10 werkzeug: AccessError: You do not have access rights to write on res.partner
2026-04-22 13:00:27,155 643417 ERROR ? odoo.sql_db: AccessError: You do not have access rights to write on res.partner
2026-04-22 13:00:29,810 643420 DEBUG PROD_DB_01 odoo.modules.registry: Registry cache hit for model res.users
2026-04-22 13:00:30,064 643417 INFO MASTER_BASE_DEMO_STD_V10 odoo.addons.base: Registry loaded for database MASTER_BASE_DEMO_STD_V10
2026-04-22 13:00:30,721 643420 INFO MASTER_BASE_DEMO_STD_V10 odoo.modules.loading: HTTP POST /web/dataset/call_kw/res.partner/read HTTP/1.1 200
2026-04-22 13:00:32,176 643420 INFO PROD_DB_01 odoo.http: Worker (643420) serving request count: 93, registry count: 1.
2026-04-22 13:00:33,246 643418 DEBUG ? odoo.addons.base.models: Registry cache hit for model res.users
2026-04-22 13:00:33,828 643415 INFO MASTER_BASE_DEMO_STD_V10 odoo.service.server: Module base loaded in 0.201s
2026-04-22 13:00:36,142 643420 INFO MASTER_BASE_DEMO_STD_V10 odoo.service.server: Registry loaded for database MASTER_BASE_DEMO_STD_V10
2026-04-22 13:00:39,032 643417 INFO MASTER_BASE_DEMO_STD_V10 odoo.addons.base: HTTP POST /web/dataset/call_kw/res.partner/read HTTP/1.1 200
2026-04-22 13:00:40,113 643419 DEBUG MASTER_BASE_DEMO_STD_V10 odoo.addons.base.models: SELECT id, name FROM res_partner WHERE active = true LIMIT 80
2026-04-22 13:00:40,580 643418 INFO MASTER_BASE_DEMO_STD_V10 werkzeug: Worker (643418) serving request count: 96, registry count: 1.
2026-04-22 13:00:42,491 643419 INFO MASTER_BASE_DEMO_STD_V10 odoo.http: Registry loaded for database MASTER_BASE_DEMO_STD_V10
2026-04-22 13:00:44,084 643416 DEBUG PROD_DB_01 odoo.addons.base.models: Registry cache hit for model res.users
2026-04-22 13:00:44,140 643416 DEBUG MASTER_BASE_DEMO_STD_V10 odoo.sql_db: Query time: 0.0488s
2026-04-22 13:00:44,265 643418 INFO ? odoo.addons.base: Registry loaded for database ?
2026-04-22 13:00:44,995 643415 INFO PROD_DB_01 odoo.addons.base: Module base loaded in 1.318s
2026-04-22 13:00:47,552 643415 WARNING PROD_DB_01 odoo.http: Connection pool near capacity: 94/100
2026-04-22 13:00:50,477 643419 ERROR ? werkzeug: Traceback (most recent call last):
  File "/odoo/odoo/http.py", line 1234, in dispatch
    return self._dispatch()
ValueError: invalid literal for int() with base 10
2026-04-22 13:00:52,975 643416 DEBUG ? odoo.sql_db: Cache lookup for user 58
2026-04-22 13:00:54,331 643418 WARNING MASTER_BASE_DEMO_STD_V10 odoo.service.server: Deprecated method called in module sale
2026-04-22 13:00:55,811 643418 INFO MASTER_BASE_DEMO_STD_V10 odoo.addons.base: Worker (643418) serving request count: 84, registry count: 1.
2026-04-22 13:00:58,287 643416 INFO MASTER_BASE_DEMO_STD_V10 odoo.http: Request from 192.168.1.237 processed in 447ms
2026-04-22 13:01:00,759 643416 INFO ? odoo.modules.loading: Worker (643416) serving request count: 60, registry count: 1.
2026-04-22 13:01:02,482 643420 INFO PROD_DB_01 odoo.modules.loading: Module base loaded in 0.282s
2026-04-22 13:01:04,638 643419 INFO PROD_DB_01 odoo.service.server: HTTP POST /web/dataset/call_kw/res.partner/read HTTP/1.1 200
2026-04-22 13:01:04,866 643415 INFO MASTER_BASE_DEMO_STD_V10 odoo.modules.loading: Worker (643415) serving request count: 83, registry count: 1.
2026-04-22 13:01:05,624 643415 WARNING PROD_DB_01 odoo.service.server: Slow query detected: 3.29s
2026-04-22 13:01:07,899 643418 INFO ? werkzeug: HTTP POST /web/dataset/call_kw/res.partner/read HTTP/1.1 200
2026-04-22 13:01:10,123 643415 INFO MASTER_BASE_DEMO_STD_V10 werkzeug: Request from 192.168.1.80 processed in 161ms
2026-04-22 13:01:11,763 643415 INFO ? werkzeug: Module base loaded in 0.687s
2026-04-22 13:01:13,153 643419 WARNING ? werkzeug: Deprecated method called in module sale
2026-04-22 13:01:14,986 643419 DEBUG MASTER_BASE_DEMO_STD_V10 odoo.modules.registry: Registry cache hit for model res.users
2026-04-22 13:01:16,822 643420 WARNING MASTER_BASE_DEMO_STD_V10 odoo.sql_db: Deprecated method called in module sale
2026-04-22 13:01:18,036 643415 INFO PROD_DB_01 odoo.addons.base: Registry loaded for database PROD_DB_01
2026-04-22 13:01:20,413 643419 WARNING MASTER_BASE_DEMO_STD_V10 odoo.sql_db: Memory usage high: 74%
2026-04-22 13:01:22,959 643419 DEBUG PROD_DB_01 odoo.addons.base.models: Registry cache hit for model res.users
2026-04-22 13:01:25,869 643419 INFO MASTER_BASE_DEMO_STD_V10 odoo.service.server: Request from 192.168.1.57 processed in 453ms
2026-04-22 13:01:28,737 643420 DEBUG MASTER_BASE_DEMO_STD_V10 odoo.sql_db: Registry cache hit for model res.users
2026-04-22 13:01:30,165 643419 INFO ? odoo.modules.loading: Request from 192.168.1.224 processed in 54ms
2026-04-22 13:01:30,950 643417 INFO MASTER_BASE_DEMO_STD_V10 odoo.addons.base: Worker (643417) serving request count: 46, registry count: 1.
2026-04-22 13:01:33,522 643418 INFO MASTER_BASE_DEMO_STD_V10 odoo.service.server: Worker (643418) serving request count: 69, registry count: 1.
2026-04-22 13:01:35,358 643418 ERROR MASTER_BASE_DEMO_STD_V10 odoo.http: Traceback (most recent call last):
  File "/odoo/odoo/http.py", line 1234, in dispatch
    return self._dispatch()
ValueError: invalid literal for int() with base 10
2026-04-22 13:01:37,904 643419 ERROR MASTER_BASE_DEMO_STD_V10 odoo.http: AccessError: You do not have access rights to write on res.partner
2026-04-22 13:01:38,295 643418 INFO MASTER_BASE_DEMO_STD_V10 odoo.addons.base: Registry loaded for database MASTER_BASE_DEMO_STD_V10
2026-04-22 13:01:39,973 643416 INFO MASTER_BASE_DEMO_STD_V10 werkzeug: Request from 192.168.1.142 processed in 161ms
2026-04-22 13:01:40,658 643416 DEBUG MASTER_BASE_DEMO_STD_V10 odoo.sql_db: Registry cache hit for model res.users
2026-04-22 13:01:43,464 643415 INFO MASTER_BASE_DEMO_STD_V10 odoo.http: Request from 192.168.1.230 processed in 100ms
2026-04-22 13:01:45,467 643419 INFO MASTER_BASE_DEMO_STD_V10 werkzeug: Request from 192.168.1.244 processed in 463ms
2026-04-22 13:01:45,694 643420 INFO PROD_DB_01 odoo.addons.base: HTTP POST /web/dataset/call_kw/res.partner/read HTTP/1.1 200
2026-04-22 13:01:46,155 643419 WARNING PROD_DB_01 odoo.http: Memory usage high: 84%
2026-04-22 13:01:46,683 643418 INFO MASTER_BASE_DEMO_STD_V10 odoo.http: HTTP POST /web/dataset/call_kw/res.partner/read HTTP/1.1 200
2026-04-22 13:01:47,744 643420 INFO PROD_DB_01 odoo.http: Request from 192.168.1.170 processed in 259ms
2026-04-22 13:01:48,411 643420 DEBUG ? odoo.modules.registry: Cache lookup for user 52
2026-04-22 13:01:50,966 643416 WARNING MASTER_BASE_DEMO_STD_V10 odoo.http: Slow query detected: 2.63s
2026-04-22 13:01:52,351 643417 INFO PROD_DB_01 werkzeug: Module base loaded in 1.934s
2026-04-22 13:01:54,773 643416 WARNING MASTER_BASE_DEMO_STD_V10 werkzeug: Memory usage high: 74%
2026-04-22 13:01:57,240 643418 CRITICAL PROD_DB_01 odoo.service.server: Failed to load registry for PROD_DB_01: database does not exist
2026-04-22 13:01:59,641 643418 DEBUG ? odoo.sql_db: Cache lookup for user 71
2026-04-22 13:02:02,500 643417 DEBUG PROD_DB_01 odoo.addons.base.models: Query time: 0.0182s
2026-04-22 13:02:03,679 643418 INFO MASTER_BASE_DEMO_STD_V10 odoo.addons.base: Registry loaded for database MASTER_BASE_DEMO_STD_V10
2026-04-22 13:02:04,912 643416 WARNING PROD_DB_01 odoo.http: Connection pool near capacity: 83/100
2026-04-22 13:02:07,148 643419 INFO PROD_DB_01 odoo.http: HTTP POST /web/dataset/call_kw/res.partner/read HTTP/1.1 200
2026-04-22 13:02:07,238 643418 INFO MASTER_BASE_DEMO_STD_V10 odoo.service.server: Worker (643418) serving request count: 5, registry count: 1.
2026-04-22 13:02:07,448 643418 INFO PROD_DB_01 odoo.addons.base: HTTP POST /web/dataset/call_kw/res.partner/read HTTP/1.1 200
2026-04-22 13:02:08,606 643416 INFO PROD_DB_01 odoo.http: HTTP POST /web/dataset/call_kw/res.partner/read HTTP/1.1 200
2026-04-22 13:02:11,003 643419 DEBUG MASTER_BASE_DEMO_STD_V10 odoo.modules.registry: Registry cache hit for model res.users
2026-04-22 13:02:13,490 643419 DEBUG PROD_DB_01 odoo.addons.base.models: Query time: 0.0497s
2026-04-22 13:02:14,508 643418 INFO ? odoo.http: Request from 192.168.1.235 processed in 11ms
2026-04-22 13:02:15,970 643420 DEBUG ? odoo.sql_db: Query time: 0.0300s
2026-04-22 13:02:16,852 643420 INFO PROD_DB_01 werkzeug: HTTP POST /web/dataset/call_kw/res.partner/read HTTP/1.1 200
2026-04-22 13:02:18,697 643416 CRITICAL PROD_DB_01 odoo.service.server: Worker 643416 killed after timeout
2026-04-22 13:02:21,079 643418 INFO ? odoo.service.server: Registry loaded for database ?
2026-04-22 13:02:21,272 643420 INFO MASTER_BASE_DEMO_STD_V10 werkzeug: Worker (643420) serving request count: 89, registry count: 1.
2026-04-22 13:02:22,532 643417 INFO PROD_DB_01 odoo.modules.loading: Module base loaded in 1.044s
2026-04-22 13:02:23,986 643420 ERROR ? odoo.service.server: Traceback (most recent call last):
  File "/odoo/odoo/http.py", line 1234, in dispatch
    return self._dispatch()
ValueError: invalid literal for int() with base 10
2026-04-22 13:02:24,194 643417 INFO MASTER_BASE_DEMO_STD_V10 odoo.service.server: Registry loaded for database MASTER_BASE_DEMO_STD_V10
2026-04-22 13:02:24,804 643418 INFO ? odoo.modules.loading: Request from 192.168.1.48 processed in 485ms
2026-04-22 13:02:25,820 643417 INFO PROD_DB_01 werkzeug: Registry loaded for database PROD_DB_01
2026-04-22 13:02:27,113 643418 INFO PROD_DB_01 odoo.http: Worker (643418) serving request count: 77, registry count: 1.
2026-04-22 13:02:28,112 643415 INFO PROD_DB_01 odoo.service.server: Module base loaded in 2.427s
2026-04-22 13:02:29,586 643417 INFO MASTER_BASE_DEMO_STD_V10 odoo.addons.base: Worker (643417) serving request count: 95, registry count: 1.
2026-04-22 13:02:30,393 643420 ERROR MASTER_BASE_DEMO_STD_V10 werkzeug: Traceback (most recent call last):
  File "/odoo/odoo/http.py", line 1234, in dispatch
    return self._dispatch()
ValueError: invalid literal for int() with base 10
2026-04-22 13:02:31,029 643420 DEBUG ? odoo.modules.registry: Query time: 0.0087s
2026-04-22 13:02:33,710 643419 INFO MASTER_BASE_DEMO_STD_V10 odoo.addons.base: Module base loaded in 1.810s
2026-04-22 13:02:35,090 643419 INFO PROD_DB_01 odoo.modules.loading: Module base loaded in 0.436s
2026-04-22 13:02:36,803 643415 INFO PROD_DB_01 werkzeug: Request from 192.168.1.95 processed in 319ms
2026-04-22 13:02:37,066 643417 INFO MASTER_BASE_DEMO_STD_V10 odoo.http: Registry loaded for database MASTER_BASE_DEMO_STD_V10
2026-04-22 13:02:38,218 643417 INFO PROD_DB_01 odoo.modules.loading: HTTP POST /web/dataset/call_kw/res.partner/read HTTP/1.1 200
2026-04-22 13:02:39,479 643420 INFO ? odoo.service.server: HTTP POST /web/dataset/call_kw/res.partner/read HTTP/1.1 200
2026-04-22 13:02:40,345 643418 INFO MASTER_BASE_DEMO_STD_V10 odoo.service.server: Request from 192.168.1.86 processed in 123ms
2026-04-22 13:02:41,194 643416 INFO MASTER_BASE_DEMO_STD_V10 werkzeug: Worker (643416) serving request count: 9, registry count: 1.
2026-04-22 13:02:43,378 643420 ERROR MASTER_BASE_DEMO_STD_V10 werkzeug: psycopg2.OperationalError: connection to server failed
2026-04-22 13:02:45,371 643419 INFO MASTER_BASE_DEMO_STD_V10 odoo.addons.base: Registry loaded for database MASTER_BASE_DEMO_STD_V10
2026-04-22 13:02:45,460 643416 INFO ? odoo.modules.loading: Request from 192.168.1.81 processed in 355ms
2026-04-22 13:02:48,342 643418 INFO PROD_DB_01 odoo.modules.loading: HTTP POST /web/dataset/call_kw/res.partner/read HTTP/1.1 200
2026-04-22 13:02:48,807 643415 INFO MASTER_BASE_DEMO_STD_V10 odoo.http: Module base loaded in 0.551s
2026-04-22 13:02:50,890 643418 INFO ? werkzeug: Registry loaded for database ?
2026-04-22 13:02:51,207 643419 CRITICAL MASTER_BASE_DEMO_STD_V10 odoo.service.server: Failed to load registry for MASTER_BASE_DEMO_STD_V10: database does not exist
2026-04-22 13:02:51,816 643418 DEBUG PROD_DB_01 odoo.modules.registry: Query time: 0.0318s
2026-04-22 13:02:52,081 643417 DEBUG MASTER_BASE_DEMO_STD_V10 odoo.addons.base.models: Query time: 0.0028s
2026-04-22 13:02:53,064 643418 DEBUG MASTER_BASE_DEMO_STD_V10 odoo.addons.base.models: SELECT id, name FROM res_partner WHERE active = true LIMIT 80
2026-04-22 13:02:53,462 643420 INFO ? odoo.addons.base: Module base loaded in 0.508s
2026-04-22 13:02:54,646 643418 DEBUG PROD_DB_01 odoo.addons.base.models: Cache lookup for user 86
2026-04-22 13:02:56,214 643419 INFO PROD_DB_01 werkzeug: HTTP POST /web/dataset/call_kw/res.partner/read HTTP/1.1 200
2026-04-22 13:02:58,387 643416 DEBUG MASTER_BASE_DEMO_STD_V10 odoo.sql_db: Cache lookup for user 57
2026-04-22 13:03:00,643 643420 DEBUG MASTER_BASE_DEMO_STD_V10 odoo.sql_db: Registry cache hit for model res.users
2026-04-22 13:03:03,185 643420 ERROR ? odoo.sql_db: AccessError: You do not have access rights to write on res.partner
2026-04-22 13:03:04,579 643415 WARNING PROD_DB_01 odoo.service.server: Slow query detected: 4.74s
2026-04-22 13:03:06,662 643418 WARNING MASTER_BASE_DEMO_STD_V10 werkzeug: Slow query detected: 4.94s
2026-04-22 13:03:07,603 643420 DEBUG MASTER_BASE_DEMO_STD_V10 odoo.addons.base.models: Cache lookup for user 97
2026-04-22 13:03:08,120 643419 WARNING MASTER_BASE_DEMO_STD_V10 werkzeug: Connection pool near capacity: 82/100
2026-04-22 13:03:08,216 643419 ERROR MASTER_BASE_DEMO_STD_V10 odoo.http: psycopg2.OperationalError: connection to server failed
2026-04-22 13:03:10,182 643418 DEBUG PROD_DB_01 odoo.modules.registry: Cache lookup for user 55
2026-04-22 13:03:11,082 643419 INFO PROD_DB_01 odoo.service.server: HTTP POST /web/dataset/call_kw/res.partner/read HTTP/1.1 200
2026-04-22 13:03:11,216 643419 WARNING ? odoo.sql_db: Slow query detected: 4.19s
2026-04-22 13:03:12,882 643420 INFO MASTER_BASE_DEMO_STD_V10 odoo.service.server: Worker (643420) serving request count: 75, registry count: 1.
2026-04-22 13:03:13,446 643419 WARNING ? odoo.service.server: Deprecated method called in module sale
2026-04-22 13:03:15,243 643416 INFO MASTER_BASE_DEMO_STD_V10 odoo.addons.base: HTTP POST /web/dataset/call_kw/res.partner/read HTTP/1.1 200
2026-04-22 13:03:15,796 643420 INFO PROD_DB_01 odoo.service.server: Registry loaded for database PROD_DB_01
2026-04-22 13:03:17,486 643416 INFO PROD_DB_01 odoo.addons.base: Worker (643416) serving request count: 49, registry count: 1.
2026-04-22 13:03:17,859 643418 INFO PROD_DB_01 odoo.addons.base: Worker (643418) serving request count: 52, registry count: 1.
2026-04-22 13:03:18,900 643417 WARNING MASTER_BASE_DEMO_STD_V10 odoo.sql_db: Deprecated method called in module sale
2026-04-22 13:03:21,542 643417 ERROR ? odoo.http: psycopg2.OperationalError: connection to server failed
2026-04-22 13:03:22,961 643420 WARNING ? odoo.http: Connection pool near capacity: 85/100
2026-04-22 13:03:23,425 643415 INFO MASTER_BASE_DEMO_STD_V10 werkzeug: Worker (643415) serving request count: 79, registry count: 1.
2026-04-22 13:03:24,457 643419 INFO MASTER_BASE_DEMO_STD_V10 werkzeug: Registry loaded for database MASTER_BASE_DEMO_STD_V10
2026-04-22 13:03:26,056 643420 INFO PROD_DB_01 odoo.modules.loading: Module base loaded in 0.297s
2026-04-22 13:03:26,387 643417 WARNING ? odoo.sql_db: Memory usage high: 89%
2026-04-22 13:03:29,036 643417 ERROR PROD_DB_01 odoo.service.server: AccessError: You do not have access rights to write on res.partner
2026-04-22 13:03:29,261 643417 CRITICAL MASTER_BASE_DEMO_STD_V10 odoo.service.server: Failed to load registry for MASTER_BASE_DEMO_STD_V10: database does not exist
2026-04-22 13:03:32,052 643416 DEBUG MASTER_BASE_DEMO_STD_V10 odoo.sql_db: SELECT id, name FROM res_partner WHERE active = true LIMIT 80
2026-04-22 13:03:32,686 643417 INFO MASTER_BASE_DEMO_STD_V10 werkzeug: Module base loaded in 2.194s
2026-04-22 13:03:33,797 643420 DEBUG ? odoo.sql_db: Registry cache hit for model res.users
2026-04-22 13:03:35,145 643419 WARNING MASTER_BASE_DEMO_STD_V10 werkzeug: Memory usage high: 83%
2026-04-22 13:03:36,260 643418 DEBUG MASTER_BASE_DEMO_STD_V10 odoo.addons.base.models: Query time: 0.0095s
2026-04-22 13:03:38,395 643419 INFO PROD_DB_01 odoo.http: Worker (643419) serving request count: 45, registry count: 1.
2026-04-22 13:03:40,647 643417 DEBUG ? odoo.sql_db: Cache lookup for user 16
2026-04-22 13:03:41,502 643417 INFO ? odoo.addons.base: Registry loaded for database ?
2026-04-22 13:03:41,695 643417 INFO MASTER_BASE_DEMO_STD_V10 odoo.addons.base: HTTP POST /web/dataset/call_kw/res.partner/read HTTP/1.1 200
2026-04-22 13:03:42,586 643418 INFO ? odoo.http: Worker (643418) serving request count: 29, registry count: 1.
2026-04-22 13:03:43,799 643418 WARNING ? odoo.sql_db: Deprecated method called in module sale
2026-04-22 13:03:43,900 643419 DEBUG MASTER_BASE_DEMO_STD_V10 odoo.modules.registry: Cache lookup for user 82
2026-04-22 13:03:44,713 643415 INFO ? odoo.modules.loading: Module base loaded in 2.428s
2026-04-22 13:03:47,446 643415 WARNING MASTER_BASE_DEMO_STD_V10 odoo.sql_db: Memory usage high: 84%
2026-04-22 13:03:47,525 643416 INFO PROD_DB_01 odoo.service.server: HTTP POST /web/dataset/call_kw/res.partner/read HTTP/1.1 200
2026-04-22 13:03:48,689 643420 INFO MASTER_BASE_DEMO_STD_V10 odoo.modules.loading: HTTP POST /web/dataset/call_kw/res.partner/read HTTP/1.1 200
2026-04-22 13:03:49,047 643420 INFO ? odoo.addons.base: Worker (643420) serving request count: 82, registry count: 1.
2026-04-22 13:03:51,325 643417 ERROR MASTER_BASE_DEMO_STD_V10 werkzeug: Traceback (most recent call last):
  File "/odoo/odoo/http.py", line 1234, in dispatch
    return self._dispatch()
ValueError: invalid literal for int() with base 10
2026-04-22 13:03:52,971 643420 CRITICAL ? odoo.service.server: Failed to load registry for ?: database does not exist
2026-04-22 13:03:53,747 643416 INFO ? odoo.http: Module base loaded in 0.795s
2026-04-22 13:03:56,441 643420 DEBUG MASTER_BASE_DEMO_STD_V10 odoo.modules.registry: SELECT id, name FROM res_partner WHERE active = true LIMIT 80
2026-04-22 13:03:57,279 643415 INFO ? odoo.service.server: Request from 192.168.1.177 processed in 200ms
2026-04-22 13:03:59,566 643416 INFO MASTER_BASE_DEMO_STD_V10 odoo.service.server: Request from 192.168.1.240 processed in 481ms
2026-04-22 13:04:00,989 643419 WARNING MASTER_BASE_DEMO_STD_V10 werkzeug: Deprecated method called in module sale
2026-04-22 13:04:02,515 643419 INFO MASTER_BASE_DEMO_STD_V10 odoo.service.server: Request from 192.168.1.87 processed in 243ms
2026-04-22 13:04:02,957 643415 INFO MASTER_BASE_DEMO_STD_V10 odoo.http: Request from 192.168.1.245 processed in 413ms
2026-04-22 13:04:03,892 643418 DEBUG MASTER_BASE_DEMO_STD_V10 odoo.sql_db: Cache lookup for user 5
2026-04-22 13:04:04,598 643416 INFO MASTER_BASE_DEMO_STD_V10 odoo.addons.base: HTTP POST /web/dataset/call_kw/res.partner/read HTTP/1.1 200
2026-04-22 13:04:04,957 643418 DEBUG ? odoo.sql_db: Query time: 0.0101s
2026-04-22 13:04:07,914 643417 WARNING ? odoo.sql_db: Slow query detected: 5.00s
2026-04-22 13:04:08,244 643419 INFO MASTER_BASE_DEMO_STD_V10 werkzeug: Worker (643419) serving request count: 32, registry count: 1.
2026-04-22 13:04:09,529 643416 INFO MASTER_BASE_DEMO_STD_V10 odoo.modules.loading: Request from 192.168.1.93 processed in 78ms
2026-04-22 13:04:10,981 643416 INFO PROD_DB_01 odoo.service.server: Request from 192.168.1.37 processed in 493ms
2026-04-22 13:04:12,143 643419 INFO ? werkzeug: Worker (643419) serving request count: 49, registry count: 1.
2026-04-22 13:04:12,941 643420 INFO PROD_DB_01 odoo.http: Request from 192.168.1.25 processed in 120ms
2026-04-22 13:04:14,898 643420 DEBUG PROD_DB_01 odoo.addons.base.models: Registry cache hit for model res.users
2026-04-22 13:04:16,360 643417 WARNING PROD_DB_01 odoo.service.server: Deprecated method called in module sale
2026-04-22 13:04:18,765 643415 DEBUG PROD_DB_01 odoo.addons.base.models: Registry cache hit for model res.users
2026-04-22 13:04:21,028 643418 ERROR PROD_DB_01 werkzeug: HTTP 500 Internal Server Error on /web/action/load
2026-04-22 13:04:23,355 643418 INFO ? odoo.modules.loading: Request from 192.168.1.55 processed in 242ms
2026-04-22 13:04:25,557 643419 INFO ? odoo.http: HTTP POST /web/dataset/call_kw/res.partner/read HTTP/1.1 200
2026-04-22 13:04:27,919 643415 INFO MASTER_BASE_DEMO_STD_V10 werkzeug: Registry loaded for database MASTER_BASE_DEMO_STD_V10
2026-04-22 13:04:28,147 643417 INFO MASTER_BASE_DEMO_STD_V10 werkzeug: Worker (643417) serving request count: 94, registry count: 1.
2026-04-22 13:04:29,140 643417 INFO PROD_DB_01 odoo.addons.base: Request from 192.168.1.112 processed in 143ms
2026-04-22 13:04:29,836 643419 INFO ? odoo.http: Request from 192.168.1.71 processed in 226ms
2026-04-22 13:04:30,156 643416 CRITICAL MASTER_BASE_DEMO_STD_V10 odoo.service.server: Out of memory: killing worker
2026-04-22 13:04:32,219 643420 DEBUG MASTER_BASE_DEMO_STD_V10 odoo.sql_db: SELECT id, name FROM res_partner WHERE active = true LIMIT 80
2026-04-22 13:04:33,161 643416 INFO MASTER_BASE_DEMO_STD_V10 odoo.service.server: Module base loaded in 0.697s
2026-04-22 13:04:36,136 643420 CRITICAL ? odoo.service.server: Failed to load registry for ?: database does not exist
2026-04-22 13:04:36,641 643419 DEBUG MASTER_BASE_DEMO_STD_V10 odoo.addons.base.models: SELECT id, name FROM res_partner WHERE active = true LIMIT 80
2026-04-22 13:04:37,723 643415 INFO MASTER_BASE_DEMO_STD_V10 odoo.service.server: Worker (643415) serving request count: 12, registry count: 1.
2026-04-22 13:04:38,341 643416 DEBUG MASTER_BASE_DEMO_STD_V10 odoo.modules.registry: Cache lookup for user 75
2026-04-22 13:04:41,325 643420 DEBUG ? odoo.sql_db: Query time: 0.0275s
2026-04-22 13:04:43,600 643417 CRITICAL MASTER_BASE_DEMO_STD_V10 odoo.service.server: Out of memory: killing worker
2026-04-22 13:04:45,616 643418 CRITICAL ? odoo.service.server: Failed to load registry for ?: database does not exist
2026-04-22 13:04:45,873 643415 INFO PROD_DB_01 odoo.modules.loading: Worker (643415) serving request count: 16, registry count: 1.
2026-04-22 13:04:46,260 643418 ERROR MASTER_BASE_DEMO_STD_V10 odoo.service.server: psycopg2.OperationalError: connection to server failed
2026-04-22 13:04:48,784 643420 DEBUG PROD_DB_01 odoo.addons.base.models: Registry cache hit for model res.users
2026-04-22 13:04:50,099 643419 INFO MASTER_BASE_DEMO_STD_V10 odoo.modules.loading: Module base loaded in 0.129s
2026-04-22 13:04:51,475 643416 WARNING PROD_DB_01 werkzeug: Memory usage high: 80%
2026-04-22 13:04:54,012 643419 DEBUG PROD_DB_01 odoo.addons.base.models: Cache lookup for user 35
2026-04-22 13:04:55,870 643418 INFO MASTER_BASE_DEMO_STD_V10 odoo.service.server: Request from 192.168.1.15 processed in 286ms
2026-04-22 13:04:58,813 643416 WARNING MASTER_BASE_DEMO_STD_V10 odoo.http: Memory usage high: 86%
2026-04-22 13:05:00,046 643419 ERROR MASTER_BASE_DEMO_STD_V10 werkzeug: Traceback (most recent call last):
  File "/odoo/odoo/http.py", line 1234, in dispatch
    return self._dispatch()
ValueError: invalid literal for int() with base 10
2026-04-22 13:05:02,270 643415 INFO MASTER_BASE_DEMO_STD_V10 werkzeug: Registry loaded for database MASTER_BASE_DEMO_STD_V10
2026-04-22 13:05:03,788 643416 DEBUG MASTER_BASE_DEMO_STD_V10 odoo.modules.registry: Query time: 0.0163s
2026-04-22 13:05:03,909 643418 INFO MASTER_BASE_DEMO_STD_V10 odoo.modules.loading: Worker (643418) serving request count: 99, registry count: 1.
2026-04-22 13:05:06,831 643419 INFO MASTER_BASE_DEMO_STD_V10 werkzeug: Module base loaded in 0.524s
2026-04-22 13:05:09,193 643417 INFO ? odoo.service.server: Worker (643417) serving request count: 8, registry count: 1.
2026-04-22 13:05:09,469 643416 INFO ? odoo.service.server: HTTP POST /web/dataset/call_kw/res.partner/read HTTP/1.1 200
2026-04-22 13:05:11,396 643416 INFO MASTER_BASE_DEMO_STD_V10 odoo.modules.loading: Registry loaded for database MASTER_BASE_DEMO_STD_V10
2026-04-22 13:05:12,883 643415 INFO MASTER_BASE_DEMO_STD_V10 odoo.http: Registry loaded for database MASTER_BASE_DEMO_STD_V10
2026-04-22 13:05:14,691 643420 INFO PROD_DB_01 odoo.modules.loading: Module base loaded in 2.239s
2026-04-22 13:05:16,304 643417 DEBUG PROD_DB_01 odoo.addons.base.models: Cache lookup for user 19
2026-04-22 13:05:17,250 643418 WARNING PROD_DB_01 werkzeug: Deprecated method called in module sale
2026-04-22 13:05:18,269 643417 INFO ? odoo.modules.loading: Worker (643417) serving request count: 40, registry count: 1.
2026-04-22 13:05:19,281 643417 INFO ? odoo.service.server: Module base loaded in 0.506s
2026-04-22 13:05:22,113 643415 INFO ? odoo.modules.loading: Registry loaded for database ?
2026-04-22 13:05:23,749 643420 ERROR ? odoo.http: Traceback (most recent call last):
  File "/odoo/odoo/http.py", line 1234, in dispatch
    return self._dispatch()
ValueError: invalid literal for int() with base 10
2026-04-22 13:05:24,112 643417 ERROR ? werkzeug: AccessError: You do not have access rights to write on res.partner
2026-04-22 13:05:25,266 643419 WARNING PROD_DB_01 werkzeug: Deprecated method called in module sale
2026-04-22 13:05:26,166 643420 INFO MASTER_BASE_DEMO_STD_V10 werkzeug: Module base loaded in 2.035s
2026-04-22 13:05:28,532 643419 INFO PROD_DB_01 odoo.modules.loading: Worker (643419) serving request count: 41, registry count: 1.
2026-04-22 13:05:28,801 643417 INFO ? werkzeug: Module base loaded in 0.462s
2026-04-22 13:05:30,623 643420 WARNING PROD_DB_01 odoo.http: Memory usage high: 70%
2026-04-22 13:05:33,503 643420 INFO PROD_DB_01 odoo.service.server: HTTP POST /web/dataset/call_kw/res.partner/read HTTP/1.1 200
2026-04-22 13:05:34,354 643418 INFO MASTER_BASE_DEMO_STD_V10 odoo.addons.base: Registry loaded for database MASTER_BASE_DEMO_STD_V10
2026-04-22 13:05:35,660 643416 INFO PROD_DB_01 odoo.addons.base: Request from 192.168.1.224 processed in 447ms
2026-04-22 13:05:37,826 643419 INFO ? odoo.addons.base: Request from 192.168.1.6 processed in 212ms
2026-04-22 13:05:38,278 643417 WARNING MASTER_BASE_DEMO_STD_V10 odoo.http: Slow query detected: 1.82s
2026-04-22 13:05:39,470 643420 INFO MASTER_BASE_DEMO_STD_V10 odoo.modules.loading: Request from 192.168.1.221 processed in 20ms
2026-04-22 13:05:42,023 643417 DEBUG ? odoo.sql_db: Cache lookup for user 31
2026-04-22 13:05:42,484 643416 DEBUG ? odoo.sql_db: Registry cache hit for model res.users
2026-04-22 13:05:45,396 643415 INFO ? odoo.addons.base: Request from 192.168.1.212 processed in 308ms
2026-04-22 13:05:45,812 643415 WARNING MASTER_BASE_DEMO_STD_V10 odoo.sql_db: Slow query detected: 2.23s
2026-04-22 13:05:48,687 643415 INFO MASTER_BASE_DEMO_STD_V10 odoo.addons.base: Registry loaded for database MASTER_BASE_DEMO_STD_V10
2026-04-22 13:05:49,166 643415 ERROR ? odoo.http: HTTP 500 Internal Server Error on /web/action/load
2026-04-22 13:05:52,145 643420 DEBUG MASTER_BASE_DEMO_STD_V10 odoo.addons.base.models: Query time: 0.0259s
2026-04-22 13:05:54,106 643420 WARNING PROD_DB_01 odoo.service.server: Slow query detected: 4.72s
2026-04-22 13:05:55,551 643418 INFO MASTER_BASE_DEMO_STD_V10 odoo.service.server: Registry loaded for database MASTER_BASE_DEMO_STD_V10
2026-04-22 13:05:55,615 643419 INFO ? odoo.addons.base: Request from 192.168.1.195 processed in 33ms
2026-04-22 13:05:56,098 643418 INFO MASTER_BASE_DEMO_STD_V10 odoo.addons.base: Worker (643418) serving request count: 20, registry count: 1.
2026-04-22 13:05:58,588 643420 WARNING ? odoo.service.server: Slow query detected: 3.18s
2026-04-22 13:06:00,025 643418 WARNING MASTER_BASE_DEMO_STD_V10 werkzeug: Slow query detected: 4.57s
2026-04-22 13:06:02,315 643417 INFO PROD_DB_01 odoo.http: Worker (643417) serving request count: 65, registry count: 1.
2026-04-22 13:06:03,417 643420 DEBUG PROD_DB_01 odoo.sql_db: Registry cache hit for model res.users
2026-04-22 13:06:04,229 643418 INFO MASTER_BASE_DEMO_STD_V10 werkzeug: Registry loaded for database MASTER_BASE_DEMO_STD_V10
2026-04-22 13:06:05,722 643419 WARNING PROD_DB_01 werkzeug: Memory usage high: 82%
2026-04-22 13:06:08,568 643420 INFO ? odoo.addons.base: Module base loaded in 1.487s
2026-04-22 13:06:09,199 643420 INFO MASTER_BASE_DEMO_STD_V10 odoo.service.server: Registry loaded for database MASTER_BASE_DEMO_STD_V10
2026-04-22 13:06:09,267 643415 INFO MASTER_BASE_DEMO_STD_V10 odoo.modules.loading: HTTP POST /web/dataset/call_kw/res.partner/read HTTP/1.1 200
2026-04-22 13:06:09,958 643417 INFO MASTER_BASE_DEMO_STD_V10 odoo.service.server: Module base loaded in 1.487s
2026-04-22 13:06:11,207 643419 INFO MASTER_BASE_DEMO_STD_V10 odoo.service.server: HTTP POST /web/dataset/call_kw/res.partner/read HTTP/1.1 200
2026-04-22 13:06:11,320 643415 INFO MASTER_BASE_DEMO_STD_V10 odoo.service.server: Registry loaded for database MASTER_BASE_DEMO_STD_V10
2026-04-22 13:06:14,317 643418 INFO ? odoo.http: HTTP POST /web/dataset/call_kw/res.partner/read HTTP/1.1 200
2026-04-22 13:06:15,320 643417 INFO MASTER_BASE_DEMO_STD_V10 odoo.service.server: Module base loaded in 2.068s
2026-04-22 13:06:17,092 643418 INFO MASTER_BASE_DEMO_STD_V10 werkzeug: Request from 192.168.1.130 processed in 424ms
2026-04-22 13:06:19,077 643417 INFO PROD_DB_01 odoo.http: Request from 192.168.1.191 processed in 396ms
2026-04-22 13:06:21,145 643418 INFO MASTER_BASE_DEMO_STD_V10 odoo.modules.loading: Registry loaded for database MASTER_BASE_DEMO_STD_V10
2026-04-22 13:06:21,598 643419 INFO PROD_DB_01 odoo.modules.loading: HTTP POST /web/dataset/call_kw/res.partner/read HTTP/1.1 200
2026-04-22 13:06:22,306 643418 INFO ? odoo.service.server: Module base loaded in 1.144s
2026-04-22 13:06:24,087 643417 WARNING ? odoo.http: Deprecated method called in module sale
2026-04-22 13:06:26,023 643415 INFO ? odoo.service.server: Registry loaded for database ?
2026-04-22 13:06:28,699 643419 WARNING ? odoo.sql_db: Connection pool near capacity: 95/100
2026-04-22 13:06:30,920 643416 INFO MASTER_BASE_DEMO_STD_V10 werkzeug: HTTP POST /web/dataset/call_kw/res.partner/read HTTP/1.1 200
2026-04-22 13:06:33,860 643417 INFO MASTER_BASE_DEMO_STD_V10 werkzeug: Module base loaded in 0.515s
2026-04-22 13:06:36,716 643418 INFO MASTER_BASE_DEMO_STD_V10 werkzeug: Request from 192.168.1.48 processed in 289ms
2026-04-22 13:06:38,472 643418 INFO MASTER_BASE_DEMO_STD_V10 odoo.service.server: Worker (643418) serving request count: 49, registry count: 1.
2026-04-22 13:06:38,798 643418 WARNING MASTER_BASE_DEMO_STD_V10 odoo.service.server: Memory usage high: 85%
2026-04-22 13:06:39,414 643420 INFO MASTER_BASE_DEMO_STD_V10 odoo.modules.loading: Registry loaded for database MASTER_BASE_DEMO_STD_V10
2026-04-22 13:06:39,677 643419 INFO MASTER_BASE_DEMO_STD_V10 odoo.http: HTTP POST /web/dataset/call_kw/res.partner/read HTTP/1.1 200
2026-04-22 13:06:40,684 643420 INFO PROD_DB_01 odoo.http: Request from 192.168.1.200 processed in 125ms
2026-04-22 13:06:42,883 643420 ERROR MASTER_BASE_DEMO_STD_V10 werkzeug: Traceback (most recent call last):
  File "/odoo/odoo/http.py", line 1234, in dispatch
    return self._dispatch()
ValueError: invalid literal for int() with base 10
2026-04-22 13:06:44,645 643419 DEBUG PROD_DB_01 odoo.addons.base.models: Query time: 0.0428s
2026-04-22 13:06:45,982 643415 INFO PROD_DB_01 werkzeug: HTTP POST /web/dataset/call_kw/res.partner/read HTTP/1.1 200
2026-04-22 13:06:48,079 643418 DEBUG PROD_DB_01 odoo.modules.registry: SELECT id, name FROM res_partner WHERE active = true LIMIT 80
2026-04-22 13:06:50,287 643416 INFO MASTER_BASE_DEMO_STD_V10 werkzeug: Worker (643416) serving request count: 52, registry count: 1.
2026-04-22 13:06:51,181 643418 INFO MASTER_BASE_DEMO_STD_V10 odoo.modules.loading: Request from 192.168.1.242 processed in 334ms
2026-04-22 13:06:53,134 643415 WARNING ? werkzeug: Memory usage high: 73%
2026-04-22 13:06:53,418 643416 WARNING MASTER_BASE_DEMO_STD_V10 odoo.service.server: Memory usage high: 87%
2026-04-22 13:06:55,734 643419 INFO PROD_DB_01 odoo.modules.loading: Request from 192.168.1.241 processed in 58ms
2026-04-22 13:06:58,178 643416 WARNING MASTER_BASE_DEMO_STD_V10 odoo.http: Deprecated method called in module sale
2026-04-22 13:06:59,318 643415 INFO ? odoo.http: HTTP POST /web/dataset/call_kw/res.partner/read HTTP/1.1 200
2026-04-22 13:06:59,660 643415 INFO MASTER_BASE_DEMO_STD_V10 odoo.modules.loading: Registry loaded for database MASTER_BASE_DEMO_STD_V10
2026-04-22 13:07:01,112 643415 DEBUG MASTER_BASE_DEMO_STD_V10 odoo.modules.registry: Registry cache hit for model res.users
2026-04-22 13:07:03,041 643418 INFO PROD_DB_01 werkzeug: Registry loaded for database PROD_DB_01
2026-04-22 13:07:05,397 643416 INFO ? werkzeug: Worker (643416) serving request count: 72, registry count: 1.
2026-04-22 13:07:05,580 643419 DEBUG PROD_DB_01 odoo.modules.registry: Query time: 0.0040s
2026-04-22 13:07:08,492 643415 DEBUG MASTER_BASE_DEMO_STD_V10 odoo.sql_db: Cache lookup for user 21
2026-04-22 13:07:10,757 643416 WARNING MASTER_BASE_DEMO_STD_V10 odoo.sql_db: Deprecated method called in module sale
2026-04-22 13:07:13,113 643417 WARNING MASTER_BASE_DEMO_STD_V10 odoo.http: Memory usage high: 84%
2026-04-22 13:07:14,519 643420 WARNING ? odoo.http: Slow query detected: 3.44s
2026-04-22 13:07:16,572 643419 INFO PROD_DB_01 odoo.service.server: HTTP POST /web/dataset/call_kw/res.partner/read HTTP/1.1 200
2026-04-22 13:07:17,856 643418 WARNING ? werkzeug: Slow query detected: 4.98s
2026-04-22 13:07:20,140 643415 INFO MASTER_BASE_DEMO_STD_V10 odoo.addons.base: Worker (643415) serving request count: 22, registry count: 1.
2026-04-22 13:07:20,508 643416 ERROR PROD_DB_01 odoo.http: psycopg2.OperationalError: connection to server failed
2026-04-22 13:07:21,619 643417 INFO MASTER_BASE_DEMO_STD_V10 odoo.addons.base: Worker (643417) serving request count: 21, registry count: 1.
2026-04-22 13:07:22,513 643416 INFO MASTER_BASE_DEMO_STD_V10 odoo.modules.loading: Module base loaded in 0.470s
2026-04-22 13:07:23,920 643420 INFO MASTER_BASE_DEMO_STD_V10 odoo.service.server: Module base loaded in 0.643s
2026-04-22 13:07:25,315 643417 WARNING MASTER_BASE_DEMO_STD_V10 odoo.http: Slow query detected: 4.49s
2026-04-22 13:07:26,154 643416 WARNING PROD_DB_01 odoo.http: Memory usage high: 88%
2026-04-22 13:07:26,233 643416 WARNING MASTER_BASE_DEMO_STD_V10 odoo.service.server: Slow query detected: 3.48s
2026-04-22 13:07:27,389 643417 INFO MASTER_BASE_DEMO_STD_V10 werkzeug: Module base loaded in 1.536s
2026-04-22 13:07:29,901 643419 DEBUG MASTER_BASE_DEMO_STD_V10 odoo.sql_db: Cache lookup for user 64
2026-04-22 13:07:30,259 643416 INFO PROD_DB_01 odoo.addons.base: Request from 192.168.1.96 processed in 147ms
2026-04-22 13:07:31,055 643418 DEBUG PROD_DB_01 odoo.addons.base.models: Cache lookup for user 27
2026-04-22 13:07:33,653 643417 CRITICAL MASTER_BASE_DEMO_STD_V10 odoo.service.server: Out of memory: killing worker
2026-04-22 13:07:34,443 643416 INFO MASTER_BASE_DEMO_STD_V10 odoo.modules.loading: Registry loaded for database MASTER_BASE_DEMO_STD_V10
2026-04-22 13:07:36,227 643416 WARNING PROD_DB_01 werkzeug: Memory usage high: 78%
2026-04-22 13:07:36,858 643415 DEBUG ? odoo.sql_db: Registry cache hit for model res.users
2026-04-22 13:07:36,926 643415 DEBUG MASTER_BASE_DEMO_STD_V10 odoo.addons.base.models: Query time: 0.0373s
2026-04-22 13:07:37,538 643417 INFO MASTER_BASE_DEMO_STD_V10 odoo.modules.loading: Worker (643417) serving request count: 9, registry count: 1.
2026-04-22 13:07:39,040 643417 INFO MASTER_BASE_DEMO_STD_V10 odoo.http: HTTP POST /web/dataset/call_kw/res.partner/read HTTP/1.1 200
2026-04-22 13:07:39,520 643420 INFO MASTER_BASE_DEMO_STD_V10 odoo.addons.base: Registry loaded for database MASTER_BASE_DEMO_STD_V10
2026-04-22 13:07:40,142 643420 INFO MASTER_BASE_DEMO_STD_V10 odoo.http: Worker (643420) serving request count: 33, registry count: 1.
2026-04-22 13:07:42,247 643415 INFO PROD_DB_01 odoo.http: HTTP POST /web/dataset/call_kw/res.partner/read HTTP/1.1 200
2026-04-22 13:07:42,327 643416 INFO ? werkzeug: HTTP POST /web/dataset/call_kw/res.partner/read HTTP/1.1 200
2026-04-22 13:07:43,232 643416 ERROR MASTER_BASE_DEMO_STD_V10 werkzeug: HTTP 500 Internal Server Error on /web/action/load
2026-04-22 13:07:44,748 643415 WARNING MASTER_BASE_DEMO_STD_V10 odoo.http: Connection pool near capacity: 89/100
2026-04-22 13:07:46,926 643415 INFO PROD_DB_01 odoo.addons.base: Module base loaded in 1.400s
2026-04-22 13:07:48,766 643420 DEBUG ? odoo.sql_db: SELECT id, name FROM res_partner WHERE active = true LIMIT 80
2026-04-22 13:07:50,896 643420 INFO ? odoo.modules.loading: Module base loaded in 0.504s
2026-04-22 13:07:53,557 643416 WARNING PROD_DB_01 odoo.sql_db: Slow query detected: 4.25s
2026-04-22 13:07:54,358 643416 WARNING MASTER_BASE_DEMO_STD_V10 odoo.sql_db: Memory usage high: 90%
2026-04-22 13:07:55,636 643416 INFO ? odoo.modules.loading: Request from 192.168.1.151 processed in 394ms
2026-04-22 13:07:56,380 643415 WARNING MASTER_BASE_DEMO_STD_V10 odoo.service.server: Deprecated method called in module sale
2026-04-22 13:07:58,910 643415 DEBUG ? odoo.modules.registry: Cache lookup for user 89
2026-04-22 13:07:59,510 643415 INFO MASTER_BASE_DEMO_STD_V10 odoo.http: Request from 192.168.1.236 processed in 430ms
2026-04-22 13:08:01,039 643419 INFO MASTER_BASE_DEMO_STD_V10 odoo.service.server: Request from 192.168.1.123 processed in 433ms
2026-04-22 13:08:02,037 643420 DEBUG MASTER_BASE_DEMO_STD_V10 odoo.addons.base.models: Registry cache hit for model res.users
2026-04-22 13:08:03,605 643416 WARNING MASTER_BASE_DEMO_STD_V10 odoo.http: Deprecated method called in module sale
2026-04-22 13:08:04,565 643419 INFO MASTER_BASE_DEMO_STD_V10 odoo.service.server: Worker (643419) serving request count: 3, registry count: 1.
2026-04-22 13:08:06,605 643418 DEBUG PROD_DB_01 odoo.modules.registry: Cache lookup for user 15
2026-04-22 13:08:08,596 643415 CRITICAL MASTER_BASE_DEMO_STD_V10 odoo.service.server: Worker 643415 killed after timeout
2026-04-22 13:08:09,540 643417 DEBUG PROD_DB_01 odoo.sql_db: Registry cache hit for model res.users
2026-04-22 13:08:10,300 643418 INFO ? odoo.service.server: Worker (643418) serving request count: 55, registry count: 1.
2026-04-22 13:08:10,805 643420 INFO MASTER_BASE_DEMO_STD_V10 werkzeug: HTTP POST /web/dataset/call_kw/res.partner/read HTTP/1.1 200
2026-04-22 13:08:12,014 643417 DEBUG ? odoo.modules.registry: SELECT id, name FROM res_partner WHERE active = true LIMIT 80
2026-04-22 13:08:13,493 643418 INFO PROD_DB_01 odoo.service.server: Registry loaded for database PROD_DB_01
2026-04-22 13:08:16,240 643418 ERROR PROD_DB_01 werkzeug: AccessError: You do not have access rights to write on res.partner
2026-04-22 13:08:18,018 643415 WARNING MASTER_BASE_DEMO_STD_V10 odoo.service.server: Deprecated method called in module sale
2026-04-22 13:08:19,823 643417 WARNING ? odoo.service.server: Memory usage high: 86%
2026-04-22 13:08:20,227 643415 WARNING ? odoo.http: Slow query detected: 2.10s
2026-04-22 13:08:22,572 643417 INFO PROD_DB_01 odoo.http: Worker (643417) serving request count: 10, registry count: 1.
2026-04-22 13:08:23,722 643416 INFO PROD_DB_01 odoo.modules.loading: Registry loaded for database PROD_DB_01
2026-04-22 13:08:23,816 643419 INFO PROD_DB_01 odoo.addons.base: Worker (643419) serving request count: 29, registry count: 1.
2026-04-22 13:08:26,157 643418 DEBUG PROD_DB_01 odoo.addons.base.models: Cache lookup for user 26
2026-04-22 13:08:29,099 643420 INFO MASTER_BASE_DEMO_STD_V10 odoo.service.server: Module base loaded in 1.302s
2026-04-22 13:08:30,430 643420 INFO PROD_DB_01 odoo.modules.loading: Module base loaded in 0.768s
2026-04-22 13:08:32,951 643419 INFO MASTER_BASE_DEMO_STD_V10 odoo.addons.base: Module base loaded in 1.381s
2026-04-22 13:08:34,751 643420 INFO ? werkzeug: HTTP POST /web/dataset/call_kw/res.partner/read HTTP/1.1 200
2026-04-22 13:08:35,873 643419 INFO ? odoo.service.server: Registry loaded for database ?
2026-04-22 13:08:37,362 643420 WARNING PROD_DB_01 werkzeug: Slow query detected: 4.47s
2026-04-22 13:08:39,678 643418 ERROR MASTER_BASE_DEMO_STD_V10 odoo.service.server: HTTP 500 Internal Server Error on /web/action/load
2026-04-22 13:08:40,084 643420 INFO MASTER_BASE_DEMO_STD_V10 odoo.service.server: Worker (643420) serving request count: 61, registry count: 1.
2026-04-22 13:08:40,584 643419 INFO PROD_DB_01 odoo.http: HTTP POST /web/dataset/call_kw/res.partner/read HTTP/1.1 200
2026-04-22 13:08:40,717 643418 INFO MASTER_BASE_DEMO_STD_V10 odoo.http: Request from 192.168.1.106 processed in 390ms
2026-04-22 13:08:43,658 643416 INFO PROD_DB_01 werkzeug: Registry loaded for database PROD_DB_01
2026-04-22 13:08:46,348 643418 INFO MASTER_BASE_DEMO_STD_V10 odoo.service.server: Request from 192.168.1.210 processed in 212ms
2026-04-22 13:08:46,953 643419 INFO MASTER_BASE_DEMO_STD_V10 werkzeug: Module base loaded in 2.287s
2026-04-22 13:08:49,519 643415 INFO ? odoo.addons.base: HTTP POST /web/dataset/call_kw/res.partner/read HTTP/1.1 200
2026-04-22 13:08:52,338 643417 DEBUG MASTER_BASE_DEMO_STD_V10 odoo.modules.registry: Cache lookup for user 27
2026-04-22 13:08:53,635 643416 DEBUG MASTER_BASE_DEMO_STD_V10 odoo.addons.base.models: Cache lookup for user 80
2026-04-22 13:08:53,783 643418 DEBUG PROD_DB_01 odoo.addons.base.models: Query time: 0.0168s
2026-04-22 13:08:54,398 643419 INFO MASTER_BASE_DEMO_STD_V10 werkzeug: Registry loaded for database MASTER_BASE_DEMO_STD_V10
2026-04-22 13:08:54,766 643420 INFO ? werkzeug: Request from 192.168.1.8 processed in 213ms
2026-04-22 13:08:56,463 643415 WARNING MASTER_BASE_DEMO_STD_V10 werkzeug: Deprecated method called in module sale
2026-04-22 13:08:58,833 643420 WARNING MASTER_BASE_DEMO_STD_V10 werkzeug: Connection pool near capacity: 84/100
2026-04-22 13:08:59,838 643416 INFO ? odoo.service.server: Worker (643416) serving request count: 40, registry count: 1.
2026-04-22 13:09:02,293 643418 INFO MASTER_BASE_DEMO_STD_V10 odoo.modules.loading: Worker (643418) serving request count: 76, registry count: 1.
2026-04-22 13:09:05,106 643415 WARNING PROD_DB_01 odoo.service.server: Connection pool near capacity: 80/100
2026-04-22 13:09:07,472 643417 DEBUG ? odoo.modules.registry: Registry cache hit for model res.users
2026-04-22 13:09:10,048 643415 INFO ? odoo.modules.loading: HTTP POST /web/dataset/call_kw/res.partner/read HTTP/1.1 200
2026-04-22 13:09:11,210 643416 INFO PROD_DB_01 odoo.modules.loading: Request from 192.168.1.208 processed in 32ms
2026-04-22 13:09:13,466 643418 INFO ? odoo.addons.base: Registry loaded for database ?
2026-04-22 13:09:14,626 643420 DEBUG MASTER_BASE_DEMO_STD_V10 odoo.modules.registry: SELECT id, name FROM res_partner WHERE active = true LIMIT 80
2026-04-22 13:09:16,230 643415 DEBUG PROD_DB_01 odoo.addons.base.models: Registry cache hit for model res.users
2026-04-22 13:09:18,373 643420 INFO MASTER_BASE_DEMO_STD_V10 odoo.modules.loading: Registry loaded for database MASTER_BASE_DEMO_STD_V10
2026-04-22 13:09:20,876 643415 CRITICAL ? odoo.service.server: Out of memory: killing worker
2026-04-22 13:09:21,100 643417 INFO MASTER_BASE_DEMO_STD_V10 odoo.modules.loading: HTTP POST /web/dataset/call_kw/res.partner/read HTTP/1.1 200
2026-04-22 13:09:21,418 643420 INFO ? odoo.modules.loading: HTTP POST /web/dataset/call_kw/res.partner/read HTTP/1.1 200
2026-04-22 13:09:24,135 643416 WARNING PROD_DB_01 odoo.service.server: Deprecated method called in module sale
2026-04-22 13:09:24,788 643418 INFO PROD_DB_01 odoo.addons.base: Module base loaded in 1.221s
2026-04-22 13:09:25,146 643415 INFO MASTER_BASE_DEMO_STD_V10 werkzeug: HTTP POST /web/dataset/call_kw/res.partner/read HTTP/1.1 200
2026-04-22 13:09:25,647 643418 INFO ? werkzeug: HTTP POST /web/dataset/call_kw/res.partner/read HTTP/1.1 200
2026-04-22 13:09:25,765 643416 INFO MASTER_BASE_DEMO_STD_V10 werkzeug: Registry loaded for database MASTER_BASE_DEMO_STD_V10
2026-04-22 13:09:28,569 643416 ERROR PROD_DB_01 odoo.service.server: HTTP 500 Internal Server Error on /web/action/load
2026-04-22 13:09:29,954 643416 WARNING ? odoo.http: Memory usage high: 86%
2026-04-22 13:09:30,336 643415 INFO PROD_DB_01 odoo.modules.loading: Worker (643415) serving request count: 85, registry count: 1.
2026-04-22 13:09:32,829 643418 INFO MASTER_BASE_DEMO_STD_V10 odoo.modules.loading: Request from 192.168.1.245 processed in 119ms
2026-04-22 13:09:35,137 643416 ERROR ? werkzeug: psycopg2.OperationalError: connection to server failed
2026-04-22 13:09:37,685 643416 INFO ? odoo.service.server: Registry loaded for database ?
2026-04-22 13:09:38,279 643417 WARNING PROD_DB_01 odoo.sql_db: Connection pool near capacity: 87/100
2026-04-22 13:09:38,653 643419 DEBUG ? odoo.modules.registry: SELECT id, name FROM res_partner WHERE active = true LIMIT 80
2026-04-22 13:09:40,341 643416 WARNING PROD_DB_01 odoo.http: Slow query detected: 1.92s
2026-04-22 13:09:41,904 643419 INFO ? werkzeug: Request from 192.168.1.39 processed in 106ms
2026-04-22 13:09:43,605 643418 WARNING ? odoo.service.server: Connection pool near capacity: 84/100
2026-04-22 13:09:45,639 643419 ERROR MASTER_BASE_DEMO_STD_V10 odoo.http: psycopg2.OperationalError: connection to server failed
2026-04-22 13:09:46,450 643417 DEBUG ? odoo.sql_db: Registry cache hit for model res.users
2026-04-22 13:09:48,072 643415 INFO MASTER_BASE_DEMO_STD_V10 werkzeug: Worker (643415) serving request count: 73, registry count: 1.
2026-04-22 13:09:49,534 643416 INFO MASTER_BASE_DEMO_STD_V10 odoo.addons.base: HTTP POST /web/dataset/call_kw/res.partner/read HTTP/1.1 200
2026-04-22 13:09:50,466 643416 INFO ? werkzeug: Registry loaded for database ?
2026-04-22 13:09:51,283 643419 INFO ? odoo.service.server: Worker (643419) serving request count: 32, registry count: 1.
2026-04-22 13:09:53,476 643415 ERROR PROD_DB_01 odoo.http: psycopg2.OperationalError: connection to server failed
2026-04-22 13:09:54,345 643417 DEBUG MASTER_BASE_DEMO_STD_V10 odoo.addons.base.models: Cache lookup for user 17
2026-04-22 13:09:54,515 643415 INFO MASTER_BASE_DEMO_STD_V10 odoo.http: Registry loaded for database MASTER_BASE_DEMO_STD_V10
2026-04-22 13:09:55,166 643418 WARNING MASTER_BASE_DEMO_STD_V10 odoo.service.server: Connection pool near capacity: 87/100
2026-04-22 13:09:57,526 643420 INFO PROD_DB_01 odoo.service.server: Registry loaded for database PROD_DB_01
2026-04-22 13:09:58,199 643417 ERROR ? odoo.http: psycopg2.OperationalError: connection to server failed
2026-04-22 13:10:00,759 643419 INFO PROD_DB_01 werkzeug: Worker (643419) serving request count: 96, registry count: 1.
2026-04-22 13:10:00,855 643417 INFO MASTER_BASE_DEMO_STD_V10 odoo.service.server: Worker (643417) serving request count: 30, registry count: 1.
2026-04-22 13:10:03,240 643415 ERROR ? werkzeug: psycopg2.OperationalError: connection to server failed
2026-04-22 13:10:04,359 643419 DEBUG ? odoo.sql_db: SELECT id, name FROM res_partner WHERE active = true LIMIT 80
2026-04-22 13:10:05,924 643420 INFO MASTER_BASE_DEMO_STD_V10 odoo.service.server: Request from 192.168.1.22 processed in 247ms
2026-04-22 13:10:08,495 643418 INFO MASTER_BASE_DEMO_STD_V10 odoo.addons.base: Worker (643418) serving request count: 43, registry count: 1.
2026-04-22 13:10:11,174 643420 ERROR PROD_DB_01 odoo.sql_db: HTTP 500 Internal Server Error on /web/action/load
2026-04-22 13:10:12,482 643416 INFO MASTER_BASE_DEMO_STD_V10 odoo.modules.loading: Registry loaded for database MASTER_BASE_DEMO_STD_V10
2026-04-22 13:10:15,066 643420 INFO ? odoo.service.server: Worker (643420) serving request count: 64, registry count: 1.
2026-04-22 13:10:15,810 643420 INFO PROD_DB_01 odoo.service.server: Worker (643420) serving request count: 12, registry count: 1.
2026-04-22 13:10:16,460 643415 DEBUG MASTER_BASE_DEMO_STD_V10 odoo.addons.base.models: Registry cache hit for model res.users
2026-04-22 13:10:18,392 643416 INFO PROD_DB_01 odoo.modules.loading: Registry loaded for database PROD_DB_01
2026-04-22 13:10:20,694 643417 DEBUG PROD_DB_01 odoo.modules.registry: Cache lookup for user 57
2026-04-22 13:10:21,667 643416 INFO MASTER_BASE_DEMO_STD_V10 odoo.service.server: Request from 192.168.1.178 processed in 433ms
2026-04-22 13:10:22,009 643419 WARNING MASTER_BASE_DEMO_STD_V10 odoo.service.server: Connection pool near capacity: 87/100
2026-04-22 13:10:23,156 643415 INFO MASTER_BASE_DEMO_STD_V10 odoo.http: Module base loaded in 1.440s
2026-04-22 13:10:23,211 643419 INFO MASTER_BASE_DEMO_STD_V10 odoo.service.server: HTTP POST /web/dataset/call_kw/res.partner/read HTTP/1.1 200
2026-04-22 13:10:26,001 643418 INFO MASTER_BASE_DEMO_STD_V10 werkzeug: Request from 192.168.1.13 processed in 336ms
2026-04-22 13:10:27,218 643415 INFO MASTER_BASE_DEMO_STD_V10 odoo.service.server: Request from 192.168.1.184 processed in 164ms
2026-04-22 13:10:28,399 643419 CRITICAL MASTER_BASE_DEMO_STD_V10 odoo.service.server: Out of memory: killing worker
2026-04-22 13:10:30,685 643420 INFO MASTER_BASE_DEMO_STD_V10 odoo.addons.base: Registry loaded for database MASTER_BASE_DEMO_STD_V10
2026-04-22 13:10:30,898 643416 INFO PROD_DB_01 odoo.addons.base: Request from 192.168.1.142 processed in 209ms
2026-04-22 13:10:32,769 643420 INFO MASTER_BASE_DEMO_STD_V10 odoo.modules.loading: Module base loaded in 1.559s
2026-04-22 13:10:34,384 643415 INFO ? odoo.addons.base: Module base loaded in 1.834s
2026-04-22 13:10:36,144 643420 INFO MASTER_BASE_DEMO_STD_V10 odoo.modules.loading: Request from 192.168.1.155 processed in 244ms
2026-04-22 13:10:38,271 643419 ERROR ? werkzeug: psycopg2.OperationalError: connection to server failed
2026-04-22 13:10:41,269 643419 ERROR ? odoo.sql_db: Traceback (most recent call last):
  File "/odoo/odoo/http.py", line 1234, in dispatch
    return self._dispatch()
ValueError: invalid literal for int() with base 10
2026-04-22 13:10:44,102 643415 DEBUG MASTER_BASE_DEMO_STD_V10 odoo.addons.base.models: Query time: 0.0421s
2026-04-22 13:10:44,475 643416 INFO MASTER_BASE_DEMO_STD_V10 werkzeug: Module base loaded in 0.905s
2026-04-22 13:10:45,911 643419 DEBUG PROD_DB_01 odoo.sql_db: Registry cache hit for model res.users
2026-04-22 13:10:46,449 643420 INFO ? odoo.service.server: Worker (643420) serving request count: 88, registry count: 1.
2026-04-22 13:10:46,573 643416 INFO ? odoo.service.server: Module base loaded in 0.972s
2026-04-22 13:10:48,590 643417 DEBUG MASTER_BASE_DEMO_STD_V10 odoo.addons.base.models: Registry cache hit for model res.users
2026-04-22 13:10:49,445 643420 INFO MASTER_BASE_DEMO_STD_V10 odoo.http: HTTP POST /web/dataset/call_kw/res.partner/read HTTP/1.1 200
2026-04-22 13:10:50,493 643417 DEBUG ? odoo.modules.registry: Registry cache hit for model res.users
2026-04-22 13:10:51,279 643418 INFO ? odoo.service.server: Registry loaded for database ?
2026-04-22 13:10:53,518 643415 INFO MASTER_BASE_DEMO_STD_V10 odoo.http: Request from 192.168.1.125 processed in 421ms
2026-04-22 13:10:55,158 643416 INFO MASTER_BASE_DEMO_STD_V10 odoo.http: Request from 192.168.1.238 processed in 421ms
2026-04-22 13:10:56,829 643418 INFO MASTER_BASE_DEMO_STD_V10 odoo.http: Request from 192.168.1.12 processed in 71ms
2026-04-22 13:10:59,472 643420 INFO MASTER_BASE_DEMO_STD_V10 odoo.addons.base: Worker (643420) serving request count: 16, registry count: 1.
2026-04-22 13:10:59,701 643419 DEBUG MASTER_BASE_DEMO_STD_V10 odoo.sql_db: SELECT id, name FROM res_partner WHERE active = true LIMIT 80
2026-04-22 13:11:01,245 643416 INFO PROD_DB_01 odoo.http: Registry loaded for database PROD_DB_01
2026-04-22 13:11:03,623 643417 INFO PROD_DB_01 odoo.modules.loading: Worker (643417) serving request count: 74, registry count: 1.
2026-04-22 13:11:03,843 643418 INFO ? odoo.service.server: Registry loaded for database ?
2026-04-22 13:11:06,602 643417 INFO PROD_DB_01 odoo.addons.base: HTTP POST /web/dataset/call_kw/res.partner/read HTTP/1.1 200
2026-04-22 13:11:07,805 643419 DEBUG PROD_DB_01 odoo.sql_db: SELECT id, name FROM res_partner WHERE active = true LIMIT 80
2026-04-22 13:11:10,153 643420 INFO ? odoo.http: Module base loaded in 0.607s
2026-04-22 13:11:11,833 643417 CRITICAL MASTER_BASE_DEMO_STD_V10 odoo.service.server: Failed to load registry for MASTER_BASE_DEMO_STD_V10: database does not exist
2026-04-22 13:11:14,692 643419 INFO MASTER_BASE_DEMO_STD_V10 werkzeug: Registry loaded for database MASTER_BASE_DEMO_STD_V10
2026-04-22 13:11:14,791 643418 INFO ? odoo.service.server: Registry loaded for database ?
2026-04-22 13:11:16,674 643415 INFO ? odoo.modules.loading: Worker (643415) serving request count: 52, registry count: 1.
2026-04-22 13:11:16,981 643417 INFO PROD_DB_01 odoo.service.server: Request from 192.168.1.19 processed in 196ms
2026-04-22 13:11:17,974 643418 DEBUG MASTER_BASE_DEMO_STD_V10 odoo.modules.registry: Query time: 0.0254s
2026-04-22 13:11:18,245 643418 INFO ? odoo.addons.base: Module base loaded in 0.530s
2026-04-22 13:11:19,151 643415 INFO PROD_DB_01 odoo.http: Registry loaded for database PROD_DB_01
2026-04-22 13:11:20,697 643417 INFO PROD_DB_01 werkzeug: Request from 192.168.1.150 processed in 32ms
2026-04-22 13:11:21,074 643419 WARNING ? werkzeug: Slow query detected: 4.88s
2026-04-22 13:11:22,476 643418 INFO MASTER_BASE_DEMO_STD_V10 odoo.addons.base: Registry loaded for database MASTER_BASE_DEMO_STD_V10
2026-04-22 13:11:25,095 643417 DEBUG ? odoo.modules.registry: Query time: 0.0278s
2026-04-22 13:11:27,064 643420 INFO MASTER_BASE_DEMO_STD_V10 odoo.modules.loading: Request from 192.168.1.191 processed in 360ms
2026-04-22 13:11:28,200 643419 INFO MASTER_BASE_DEMO_STD_V10 odoo.service.server: Module base loaded in 0.161s
2026-04-22 13:11:30,252 643418 INFO MASTER_BASE_DEMO_STD_V10 odoo.modules.loading: Worker (643418) serving request count: 78, registry count: 1.
2026-04-22 13:11:30,847 643420 INFO ? odoo.http: Worker (643420) serving request count: 24, registry count: 1.
2026-04-22 13:11:31,880 643417 WARNING ? werkzeug: Slow query detected: 2.82s
2026-04-22 13:11:33,869 643418 ERROR MASTER_BASE_DEMO_STD_V10 odoo.http: HTTP 500 Internal Server Error on /web/action/load
2026-04-22 13:11:34,495 643420 INFO MASTER_BASE_DEMO_STD_V10 odoo.modules.loading: Request from 192.168.1.6 processed in 299ms
2026-04-22 13:11:36,278 643415 DEBUG MASTER_BASE_DEMO_STD_V10 odoo.sql_db: Registry cache hit for model res.users
2026-04-22 13:11:37,544 643416 INFO MASTER_BASE_DEMO_STD_V10 odoo.addons.base: Request from 192.168.1.152 processed in 273ms
2026-04-22 13:11:39,573 643420 INFO PROD_DB_01 odoo.service.server: Worker (643420) serving request count: 35, registry count: 1.
2026-04-22 13:11:39,858 643418 ERROR ? odoo.service.server: AccessError: You do not have access rights to write on res.partner
2026-04-22 13:11:42,733 643419 DEBUG MASTER_BASE_DEMO_STD_V10 odoo.sql_db: SELECT id, name FROM res_partner WHERE active = true LIMIT 80
2026-04-22 13:11:42,798 643415 DEBUG ? odoo.modules.registry: Registry cache hit for model res.users
2026-04-22 13:11:44,619 643416 CRITICAL MASTER_BASE_DEMO_STD_V10 odoo.service.server: Failed to load registry for MASTER_BASE_DEMO_STD_V10: database does not exist
2026-04-22 13:11:46,509 643418 INFO MASTER_BASE_DEMO_STD_V10 odoo.modules.loading: HTTP POST /web/dataset/call_kw/res.partner/read HTTP/1.1 200
2026-04-22 13:11:46,697 643420 ERROR ? odoo.service.server: AccessError: You do not have access rights to write on res.partner
2026-04-22 13:11:48,561 643415 INFO PROD_DB_01 odoo.service.server: Module base loaded in 0.904s
2026-04-22 13:11:51,166 643416 INFO PROD_DB_01 odoo.modules.loading: Request from 192.168.1.162 processed in 152ms
2026-04-22 13:11:53,153 643420 WARNING PROD_DB_01 odoo.sql_db: Deprecated method called in module sale
2026-04-22 13:11:55,857 643420 WARNING ? odoo.service.server: Memory usage high: 84%
2026-04-22 13:11:57,427 643416 DEBUG MASTER_BASE_DEMO_STD_V10 odoo.modules.registry: SELECT id, name FROM res_partner WHERE active = true LIMIT 80
2026-04-22 13:12:00,371 643416 INFO PROD_DB_01 werkzeug: Request from 192.168.1.227 processed in 494ms
2026-04-22 13:12:02,770 643417 INFO PROD_DB_01 odoo.addons.base: HTTP POST /web/dataset/call_kw/res.partner/read HTTP/1.1 200
2026-04-22 13:12:05,224 643416 DEBUG ? odoo.addons.base.models: Query time: 0.0291s
2026-04-22 13:12:05,590 643419 INFO ? odoo.service.server: Module base loaded in 2.233s
2026-04-22 13:12:06,795 643415 DEBUG MASTER_BASE_DEMO_STD_V10 odoo.sql_db: Cache lookup for user 100
2026-04-22 13:12:07,731 643417 INFO MASTER_BASE_DEMO_STD_V10 odoo.addons.base: Request from 192.168.1.66 processed in 462ms
2026-04-22 13:12:10,724 643416 INFO MASTER_BASE_DEMO_STD_V10 odoo.service.server: Module base loaded in 1.450s
2026-04-22 13:12:11,804 643416 INFO MASTER_BASE_DEMO_STD_V10 odoo.modules.loading: Worker (643416) serving request count: 56, registry count: 1.
2026-04-22 13:12:12,644 643416 WARNING PROD_DB_01 werkzeug: Memory usage high: 80%
2026-04-22 13:12:14,582 643420 DEBUG ? odoo.sql_db: Registry cache hit for model res.users
2026-04-22 13:12:15,471 643416 INFO ? odoo.service.server: Module base loaded in 2.434s
2026-04-22 13:12:17,109 643415 INFO ? odoo.service.server: Module base loaded in 1.775s
2026-04-22 13:12:19,790 643419 INFO PROD_DB_01 werkzeug: Module base loaded in 1.388s
2026-04-22 13:12:19,940 643418 WARNING PROD_DB_01 werkzeug: Memory usage high: 88%
2026-04-22 13:12:22,768 643416 INFO MASTER_BASE_DEMO_STD_V10 odoo.addons.base: Registry loaded for database MASTER_BASE_DEMO_STD_V10
2026-04-22 13:12:23,025 643415 WARNING MASTER_BASE_DEMO_STD_V10 odoo.http: Slow query detected: 2.96s
2026-04-22 13:12:23,480 643415 INFO PROD_DB_01 odoo.http: Module base loaded in 1.316s
2026-04-22 13:12:25,574 643417 DEBUG ? odoo.modules.registry: Query time: 0.0171s
2026-04-22 13:12:27,066 643418 INFO MASTER_BASE_DEMO_STD_V10 odoo.http: Request from 192.168.1.121 processed in 225ms
2026-04-22 13:12:29,261 643418 INFO ? odoo.addons.base: Module base loaded in 1.740s
2026-04-22 13:12:31,009 643415 INFO PROD_DB_01 odoo.http: Module base loaded in 2.240s
2026-04-22 13:12:31,340 643417 WARNING ? odoo.service.server: Memory usage high: 76%
2026-04-22 13:12:33,134 643419 INFO MASTER_BASE_DEMO_STD_V10 odoo.http: Registry loaded for database MASTER_BASE_DEMO_STD_V10
2026-04-22 13:12:34,188 643415 INFO MASTER_BASE_DEMO_STD_V10 odoo.addons.base: Worker (643415) serving request count: 35, registry count: 1.
2026-04-22 13:12:36,871 643419 INFO MASTER_BASE_DEMO_STD_V10 odoo.service.server: HTTP POST /web/dataset/call_kw/res.partner/read HTTP/1.1 200
2026-04-22 13:12:39,111 643419 INFO PROD_DB_01 odoo.service.server: HTTP POST /web/dataset/call_kw/res.partner/read HTTP/1.1 200
2026-04-22 13:12:41,774 643418 INFO ? odoo.addons.base: Worker (643418) serving request count: 74, registry count: 1.
2026-04-22 13:12:43,202 643417 CRITICAL PROD_DB_01 odoo.service.server: Failed to load registry for PROD_DB_01: database does not exist
2026-04-22 13:12:44,737 643416 INFO PROD_DB_01 odoo.addons.base: Registry loaded for database PROD_DB_01
2026-04-22 13:12:46,236 643416 WARNING ? werkzeug: Connection pool near capacity: 80/100
2026-04-22 13:12:48,908 643418 DEBUG MASTER_BASE_DEMO_STD_V10 odoo.addons.base.models: Query time: 0.0133s
2026-04-22 13:12:51,530 643419 WARNING MASTER_BASE_DEMO_STD_V10 odoo.http: Slow query detected: 3.80s
2026-04-22 13:12:54,107 643420 INFO MASTER_BASE_DEMO_STD_V10 odoo.service.server: HTTP POST /web/dataset/call_kw/res.partner/read HTTP/1.1 200
2026-04-22 13:12:54,730 643419 INFO PROD_DB_01 odoo.addons.base: Module base loaded in 1.225s
2026-04-22 13:12:54,947 643416 INFO ? werkzeug: Module base loaded in 1.148s
2026-04-22 13:12:56,493 643419 ERROR MASTER_BASE_DEMO_STD_V10 odoo.service.server: psycopg2.OperationalError: connection to server failed
2026-04-22 13:12:58,285 643419 DEBUG MASTER_BASE_DEMO_STD_V10 odoo.sql_db: Registry cache hit for model res.users
2026-04-22 13:12:59,645 643419 WARNING ? odoo.service.server: Slow query detected: 1.87s
2026-04-22 13:13:00,595 643420 INFO ? odoo.service.server: Registry loaded for database ?
2026-04-22 13:13:03,195 643420 WARNING MASTER_BASE_DEMO_STD_V10 werkzeug: Slow query detected: 2.97s
2026-04-22 13:13:05,061 643415 INFO MASTER_BASE_DEMO_STD_V10 werkzeug: Request from 192.168.1.104 processed in 98ms
2026-04-22 13:13:05,488 643417 CRITICAL MASTER_BASE_DEMO_STD_V10 odoo.service.server: Worker 643417 killed after timeout
2026-04-22 13:13:07,588 643419 INFO MASTER_BASE_DEMO_STD_V10 werkzeug: Registry loaded for database MASTER_BASE_DEMO_STD_V10
2026-04-22 13:13:09,885 643419 DEBUG MASTER_BASE_DEMO_STD_V10 odoo.modules.registry: Registry cache hit for model res.users
2026-04-22 13:13:10,526 643418 INFO ? odoo.service.server: Request from 192.168.1.116 processed in 324ms
2026-04-22 13:13:11,277 643416 INFO MASTER_BASE_DEMO_STD_V10 odoo.service.server: Module base loaded in 2.448s
2026-04-22 13:13:14,253 643417 INFO ? odoo.service.server: Registry loaded for database ?
2026-04-22 13:13:16,682 643418 INFO PROD_DB_01 odoo.service.server: Module base loaded in 1.110s
2026-04-22 13:13:17,561 643417 DEBUG MASTER_BASE_DEMO_STD_V10 odoo.addons.base.models: SELECT id, name FROM res_partner WHERE active = true LIMIT 80
2026-04-22 13:13:18,471 643418 INFO MASTER_BASE_DEMO_STD_V10 odoo.http: Request from 192.168.1.150 processed in 38ms
2026-04-22 13:13:20,900 643419 INFO ? odoo.modules.loading: Module base loaded in 0.604s
2026-04-22 13:13:23,046 643419 INFO MASTER_BASE_DEMO_STD_V10 odoo.addons.base: Registry loaded for database MASTER_BASE_DEMO_STD_V10
2026-04-22 13:13:23,420 643418 INFO ? odoo.service.server: HTTP POST /web/dataset/call_kw/res.partner/read HTTP/1.1 200
2026-04-22 13:13:26,058 643415 WARNING MASTER_BASE_DEMO_STD_V10 odoo.sql_db: Deprecated method called in module sale
2026-04-22 13:13:26,656 643419 WARNING MASTER_BASE_DEMO_STD_V10 werkzeug: Deprecated method called in module sale
2026-04-22 13:13:26,898 643415 INFO MASTER_BASE_DEMO_STD_V10 odoo.modules.loading: Worker (643415) serving request count: 19, registry count: 1.
2026-04-22 13:13:29,214 643418 DEBUG MASTER_BASE_DEMO_STD_V10 odoo.sql_db: Cache lookup for user 91
2026-04-22 13:13:30,508 643420 DEBUG ? odoo.sql_db: SELECT id, name FROM res_partner WHERE active = true LIMIT 80
2026-04-22 13:13:32,568 643418 INFO ? odoo.addons.base: Worker (643418) serving request count: 29, registry count: 1.
2026-04-22 13:13:34,069 643417 DEBUG MASTER_BASE_DEMO_STD_V10 odoo.modules.registry: SELECT id, name FROM res_partner WHERE active = true LIMIT 80
2026-04-22 13:13:36,814 643416 ERROR MASTER_BASE_DEMO_STD_V10 odoo.sql_db: HTTP 500 Internal Server Error on /web/action/load
2026-04-22 13:13:38,257 643417 DEBUG PROD_DB_01 odoo.modules.registry: Query time: 0.0341s
2026-04-22 13:13:40,943 643416 INFO ? odoo.addons.base: Module base loaded in 0.634s
2026-04-22 13:13:42,140 643420 INFO PROD_DB_01 odoo.http: Request from 192.168.1.252 processed in 265ms
2026-04-22 13:13:42,451 643417 INFO ? odoo.service.server: Worker (643417) serving request count: 90, registry count: 1.
2026-04-22 13:13:45,155 643416 WARNING MASTER_BASE_DEMO_STD_V10 odoo.http: Connection pool near capacity: 94/100
2026-04-22 13:13:46,816 643420 WARNING MASTER_BASE_DEMO_STD_V10 odoo.sql_db: Memory usage high: 84%
2026-04-22 13:13:47,084 643419 WARNING MASTER_BASE_DEMO_STD_V10 odoo.http: Connection pool near capacity: 89/100
2026-04-22 13:13:48,880 643417 INFO PROD_DB_01 werkzeug: Request from 192.168.1.250 processed in 247ms
2026-04-22 13:13:50,663 643416 DEBUG ? odoo.modules.registry: Cache lookup for user 9
2026-04-22 13:13:51,264 643416 DEBUG ? odoo.sql_db: Registry cache hit for model res.users
2026-04-22 13:13:52,768 643415 DEBUG ? odoo.modules.registry: Registry cache hit for model res.users
2026-04-22 13:13:54,616 643420 INFO ? odoo.addons.base: Worker (643420) serving request count: 27, registry count: 1.
2026-04-22 13:13:55,029 643419 INFO PROD_DB_01 odoo.http: Module base loaded in 0.644s
2026-04-22 13:13:56,618 643415 WARNING PROD_DB_01 odoo.sql_db: Slow query detected: 3.42s
2026-04-22 13:13:58,440 643419 WARNING MASTER_BASE_DEMO_STD_V10 werkzeug: Memory usage high: 79%
2026-04-22 13:14:01,394 643418 INFO MASTER_BASE_DEMO_STD_V10 odoo.service.server: HTTP POST /web/dataset/call_kw/res.partner/read HTTP/1.1 200
2026-04-22 13:14:04,107 643417 INFO ? odoo.http: Request from 192.168.1.190 processed in 482ms
2026-04-22 13:14:04,169 643418 INFO MASTER_BASE_DEMO_STD_V10 odoo.modules.loading: HTTP POST /web/dataset/call_kw/res.partner/read HTTP/1.1 200
2026-04-22 13:14:04,513 643419 DEBUG PROD_DB_01 odoo.sql_db: Query time: 0.0122s
2026-04-22 13:14:07,297 643417 INFO MASTER_BASE_DEMO_STD_V10 odoo.addons.base: Registry loaded for database MASTER_BASE_DEMO_STD_V10
2026-04-22 13:14:08,525 643418 INFO MASTER_BASE_DEMO_STD_V10 odoo.addons.base: Module base loaded in 1.386s
2026-04-22 13:14:11,183 643420 CRITICAL MASTER_BASE_DEMO_STD_V10 odoo.service.server: Failed to load registry for MASTER_BASE_DEMO_STD_V10: database does not exist
2026-04-22 13:14:12,972 643416 ERROR PROD_DB_01 odoo.sql_db: AccessError: You do not have access rights to write on res.partner
2026-04-22 13:14:13,788 643420 INFO MASTER_BASE_DEMO_STD_V10 werkzeug: Registry loaded for database MASTER_BASE_DEMO_STD_V10
2026-04-22 13:14:15,533 643418 INFO MASTER_BASE_DEMO_STD_V10 odoo.service.server: Worker (643418) serving request count: 96, registry count: 1.
2026-04-22 13:14:16,295 643417 WARNING MASTER_BASE_DEMO_STD_V10 odoo.http: Slow query detected: 4.28s
2026-04-22 13:14:18,858 643417 DEBUG MASTER_BASE_DEMO_STD_V10 odoo.sql_db: Cache lookup for user 27
2026-04-22 13:14:21,176 643418 INFO ? werkzeug: Registry loaded for database ?
2026-04-22 13:14:23,742 643418 INFO MASTER_BASE_DEMO_STD_V10 odoo.http: Module base loaded in 0.389s
2026-04-22 13:14:26,318 643415 INFO MASTER_BASE_DEMO_STD_V10 odoo.http: Module base loaded in 2.144s
2026-04-22 13:14:27,626 643418 INFO ? odoo.service.server: Worker (643418) serving request count: 50, registry count: 1.
2026-04-22 13:14:28,569 643418 INFO PROD_DB_01 werkzeug: HTTP POST /web/dataset/call_kw/res.partner/read HTTP/1.1 200
2026-04-22 13:14:31,237 643416 INFO ? werkzeug: Module base loaded in 2.049s
2026-04-22 13:14:31,471 643419 INFO PROD_DB_01 odoo.service.server: Module base loaded in 2.024s
2026-04-22 13:14:32,374 643415 WARNING PROD_DB_01 odoo.service.server: Memory usage high: 87%
2026-04-22 13:14:33,000 643418 INFO MASTER_BASE_DEMO_STD_V10 odoo.addons.base: Worker (643418) serving request count: 61, registry count: 1.
2026-04-22 13:14:34,085 643415 ERROR PROD_DB_01 werkzeug: psycopg2.OperationalError: connection to server failed
2026-04-22 13:14:36,947 643417 INFO MASTER_BASE_DEMO_STD_V10 odoo.modules.loading: HTTP POST /web/dataset/call_kw/res.partner/read HTTP/1.1 200
2026-04-22 13:14:39,151 643418 INFO PROD_DB_01 odoo.modules.loading: Request from 192.168.1.17 processed in 73ms
2026-04-22 13:14:40,520 643419 INFO ? werkzeug: Worker (643419) serving request count: 55, registry count: 1.
2026-04-22 13:14:43,430 643415 INFO PROD_DB_01 odoo.addons.base: HTTP POST /web/dataset/call_kw/res.partner/read HTTP/1.1 200
2026-04-22 13:14:44,476 643418 INFO MASTER_BASE_DEMO_STD_V10 odoo.addons.base: Module base loaded in 2.352s
2026-04-22 13:14:46,300 643416 INFO ? odoo.modules.loading: HTTP POST /web/dataset/call_kw/res.partner/read HTTP/1.1 200
2026-04-22 13:14:48,597 643415 INFO MASTER_BASE_DEMO_STD_V10 odoo.addons.base: Registry loaded for database MASTER_BASE_DEMO_STD_V10
2026-04-22 13:14:49,174 643417 INFO ? odoo.service.server: Request from 192.168.1.105 processed in 333ms
2026-04-22 13:14:50,976 643416 WARNING MASTER_BASE_DEMO_STD_V10 odoo.http: Connection pool near capacity: 82/100
2026-04-22 13:14:53,920 643416 DEBUG MASTER_BASE_DEMO_STD_V10 odoo.modules.registry: Registry cache hit for model res.users
2026-04-22 13:14:54,727 643415 ERROR ? odoo.service.server: HTTP 500 Internal Server Error on /web/action/load
2026-04-22 13:14:54,854 643420 DEBUG MASTER_BASE_DEMO_STD_V10 odoo.sql_db: SELECT id, name FROM res_partner WHERE active = true LIMIT 80
2026-04-22 13:14:55,532 643417 INFO ? werkzeug: Module base loaded in 0.281s
2026-04-22 13:14:57,993 643420 DEBUG MASTER_BASE_DEMO_STD_V10 odoo.sql_db: Cache lookup for user 52
2026-04-22 13:14:58,885 643416 WARNING MASTER_BASE_DEMO_STD_V10 odoo.http: Deprecated method called in module sale
2026-04-22 13:15:00,243 643415 INFO MASTER_BASE_DEMO_STD_V10 odoo.modules.loading: Worker (643415) serving request count: 7, registry count: 1.
2026-04-22 13:15:00,405 643420 INFO MASTER_BASE_DEMO_STD_V10 odoo.service.server: Module base loaded in 0.714s
2026-04-22 13:15:01,370 643416 DEBUG MASTER_BASE_DEMO_STD_V10 odoo.sql_db: Registry cache hit for model res.users
2026-04-22 13:15:02,971 643419 ERROR MASTER_BASE_DEMO_STD_V10 odoo.http: Traceback (most recent call last):
  File "/odoo/odoo/http.py", line 1234, in dispatch
    return self._dispatch()
ValueError: invalid literal for int() with base 10
2026-04-22 13:15:05,469 643416 INFO ? odoo.http: HTTP POST /web/dataset/call_kw/res.partner/read HTTP/1.1 200
2026-04-22 13:15:06,741 643418 WARNING PROD_DB_01 werkzeug: Connection pool near capacity: 80/100
2026-04-22 13:15:08,888 643419 INFO MASTER_BASE_DEMO_STD_V10 odoo.http: HTTP POST /web/dataset/call_kw/res.partner/read HTTP/1.1 200
2026-04-22 13:15:09,951 643417 INFO ? werkzeug: HTTP POST /web/dataset/call_kw/res.partner/read HTTP/1.1 200
2026-04-22 13:15:12,610 643419 DEBUG MASTER_BASE_DEMO_STD_V10 odoo.addons.base.models: Query time: 0.0241s
2026-04-22 13:15:13,037 643418 INFO MASTER_BASE_DEMO_STD_V10 werkzeug: Module base loaded in 0.990s
2026-04-22 13:15:13,358 643419 INFO ? odoo.modules.loading: HTTP POST /web/dataset/call_kw/res.partner/read HTTP/1.1 200
2026-04-22 13:15:15,945 643415 ERROR ? odoo.service.server: psycopg2.OperationalError: connection to server failed
2026-04-22 13:15:17,931 643417 WARNING PROD_DB_01 odoo.http: Connection pool near capacity: 91/100
2026-04-22 13:15:19,090 643418 ERROR ? werkzeug: HTTP 500 Internal Server Error on /web/action/load
2026-04-22 13:15:20,095 643420 INFO ? odoo.modules.loading: Module base loaded in 1.484s
2026-04-22 13:15:21,168 643420 INFO MASTER_BASE_DEMO_STD_V10 werkzeug: Request from 192.168.1.127 processed in 477ms
2026-04-22 13:15:23,162 643417 INFO ? werkzeug: Worker (643417) serving request count: 96, registry count: 1.
2026-04-22 13:15:24,323 643417 INFO PROD_DB_01 werkzeug: Worker (643417) serving request count: 65, registry count: 1.
2026-04-22 13:15:26,739 643420 INFO MASTER_BASE_DEMO_STD_V10 werkzeug: Registry loaded for database MASTER_BASE_DEMO_STD_V10
2026-04-22 13:15:29,405 643419 INFO MASTER_BASE_DEMO_STD_V10 werkzeug: HTTP POST /web/dataset/call_kw/res.partner/read HTTP/1.1 200
2026-04-22 13:15:29,870 643415 INFO MASTER_BASE_DEMO_STD_V10 werkzeug: Worker (643415) serving request count: 32, registry count: 1.
2026-04-22 13:15:30,455 643418 INFO ? odoo.modules.loading: Request from 192.168.1.199 processed in 430ms
2026-04-22 13:15:32,701 643417 DEBUG ? odoo.addons.base.models: Registry cache hit for model res.users
2026-04-22 13:15:33,877 643418 DEBUG MASTER_BASE_DEMO_STD_V10 odoo.sql_db: Cache lookup for user 37
2026-04-22 13:15:36,352 643416 WARNING ? werkzeug: Slow query detected: 2.14s
2026-04-22 13:15:39,279 643418 INFO ? odoo.modules.loading: Registry loaded for database ?
2026-04-22 13:15:41,725 643416 WARNING PROD_DB_01 odoo.sql_db: Deprecated method called in module sale
2026-04-22 13:15:42,224 643420 INFO ? werkzeug: HTTP POST /web/dataset/call_kw/res.partner/read HTTP/1.1 200
2026-04-22 13:15:44,123 643418 CRITICAL MASTER_BASE_DEMO_STD_V10 odoo.service.server: Worker 643418 killed after timeout
2026-04-22 13:15:46,428 643420 INFO PROD_DB_01 odoo.modules.loading: Registry loaded for database PROD_DB_01
2026-04-22 13:15:47,173 643415 INFO MASTER_BASE_DEMO_STD_V10 odoo.service.server: HTTP POST /web/dataset/call_kw/res.partner/read HTTP/1.1 200
2026-04-22 13:15:49,619 643417 INFO MASTER_BASE_DEMO_STD_V10 odoo.modules.loading: Worker (643417) serving request count: 35, registry count: 1.
2026-04-22 13:15:52,396 643418 INFO ? odoo.modules.loading: Request from 192.168.1.245 processed in 356ms
2026-04-22 13:15:52,632 643417 WARNING PROD_DB_01 odoo.sql_db: Memory usage high: 83%
2026-04-22 13:15:53,568 643419 INFO PROD_DB_01 odoo.addons.base: Module base loaded in 0.125s
2026-04-22 13:15:56,298 643419 DEBUG MASTER_BASE_DEMO_STD_V10 odoo.sql_db: Registry cache hit for model res.users
2026-04-22 13:15:56,964 643415 INFO ? werkzeug: Request from 192.168.1.238 processed in 65ms
2026-04-22 13:15:57,310 643420 WARNING MASTER_BASE_DEMO_STD_V10 odoo.http: Connection pool near capacity: 83/100
2026-04-22 13:15:58,708 643419 INFO PROD_DB_01 odoo.modules.loading: Registry loaded for database PROD_DB_01
2026-04-22 13:16:01,606 643415 INFO MASTER_BASE_DEMO_STD_V10 werkzeug: HTTP POST /web/dataset/call_kw/res.partner/read HTTP/1.1 200
2026-04-22 13:16:01,896 643418 INFO ? odoo.service.server: Request from 192.168.1.219 processed in 364ms
2026-04-22 13:16:02,499 643416 WARNING MASTER_BASE_DEMO_STD_V10 odoo.service.server: Connection pool near capacity: 80/100
2026-04-22 13:16:05,289 643418 WARNING MASTER_BASE_DEMO_STD_V10 odoo.sql_db: Memory usage high: 74%
2026-04-22 13:16:06,564 643420 INFO ? odoo.service.server: Registry loaded for database ?
2026-04-22 13:16:08,703 643418 INFO ? odoo.http: Worker (643418) serving request count: 25, registry count: 1.
2026-04-22 13:16:09,079 643419 INFO ? odoo.http: Request from 192.168.1.158 processed in 61ms
2026-04-22 13:16:10,301 643419 INFO MASTER_BASE_DEMO_STD_V10 odoo.service.server: Worker (643419) serving request count: 7, registry count: 1.
2026-04-22 13:16:11,725 643415 INFO MASTER_BASE_DEMO_STD_V10 werkzeug: Worker (643415) serving request count: 56, registry count: 1.
2026-04-22 13:16:12,047 643418 INFO PROD_DB_01 odoo.http: Registry loaded for database PROD_DB_01
2026-04-22 13:16:13,374 643420 ERROR MASTER_BASE_DEMO_STD_V10 odoo.http: HTTP 500 Internal Server Error on /web/action/load
2026-04-22 13:16:15,416 643417 DEBUG MASTER_BASE_DEMO_STD_V10 odoo.addons.base.models: Query time: 0.0239s
2026-04-22 13:16:17,619 643419 ERROR PROD_DB_01 werkzeug: AccessError: You do not have access rights to write on res.partner
2026-04-22 13:16:18,825 643419 INFO MASTER_BASE_DEMO_STD_V10 odoo.service.server: Module base loaded in 1.518s
2026-04-22 13:16:20,724 643418 INFO ? odoo.modules.loading: Worker (643418) serving request count: 100, registry count: 1.
2026-04-22 13:16:22,610 643416 DEBUG MASTER_BASE_DEMO_STD_V10 odoo.modules.registry: Registry cache hit for model res.users
2026-04-22 13:16:24,141 643420 INFO MASTER_BASE_DEMO_STD_V10 odoo.http: Request from 192.168.1.98 processed in 452ms
2026-04-22 13:16:25,395 643415 WARNING PROD_DB_01 odoo.sql_db: Memory usage high: 82%
2026-04-22 13:16:26,512 643416 INFO ? odoo.service.server: Registry loaded for database ?
2026-04-22 13:16:28,779 643418 DEBUG PROD_DB_01 odoo.sql_db: Registry cache hit for model res.users
2026-04-22 13:16:30,761 643415 INFO MASTER_BASE_DEMO_STD_V10 odoo.addons.base: Worker (643415) serving request count: 16, registry count: 1.
2026-04-22 13:16:31,750 643416 INFO MASTER_BASE_DEMO_STD_V10 odoo.modules.loading: HTTP POST /web/dataset/call_kw/res.partner/read HTTP/1.1 200
2026-04-22 13:16:33,729 643417 INFO MASTER_BASE_DEMO_STD_V10 odoo.addons.base: Module base loaded in 1.519s
2026-04-22 13:16:33,784 643415 INFO MASTER_BASE_DEMO_STD_V10 odoo.addons.base: Worker (643415) serving request count: 78, registry count: 1.
2026-04-22 13:16:34,250 643417 DEBUG MASTER_BASE_DEMO_STD_V10 odoo.modules.registry: Query time: 0.0337s
2026-04-22 13:16:35,605 643416 ERROR ? odoo.http: Traceback (most recent call last):
  File "/odoo/odoo/http.py", line 1234, in dispatch
    return self._dispatch()
ValueError: invalid literal for int() with base 10
2026-04-22 13:16:37,828 643420 DEBUG MASTER_BASE_DEMO_STD_V10 odoo.modules.registry: Query time: 0.0152s
2026-04-22 13:16:40,157 643418 CRITICAL ? odoo.service.server: Out of memory: killing worker
2026-04-22 13:16:40,326 643416 INFO MASTER_BASE_DEMO_STD_V10 odoo.service.server: Module base loaded in 0.346s
2026-04-22 13:16:41,725 643420 INFO MASTER_BASE_DEMO_STD_V10 odoo.addons.base: HTTP POST /web/dataset/call_kw/res.partner/read HTTP/1.1 200
2026-04-22 13:16:44,461 643415 INFO ? odoo.addons.base: Worker (643415) serving request count: 59, registry count: 1.
2026-04-22 13:16:44,660 643419 INFO MASTER_BASE_DEMO_STD_V10 odoo.service.server: HTTP POST /web/dataset/call_kw/res.partner/read HTTP/1.1 200
2026-04-22 13:16:47,619 643420 ERROR MASTER_BASE_DEMO_STD_V10 werkzeug: psycopg2.OperationalError: connection to server failed
2026-04-22 13:16:48,266 643420 INFO ? odoo.http: Registry loaded for database ?
2026-04-22 13:16:50,674 643419 INFO PROD_DB_01 odoo.addons.base: Module base loaded in 2.296s
2026-04-22 13:16:53,067 643419 INFO MASTER_BASE_DEMO_STD_V10 odoo.addons.base: Request from 192.168.1.195 processed in 147ms
2026-04-22 13:16:55,585 643418 ERROR MASTER_BASE_DEMO_STD_V10 odoo.service.server: HTTP 500 Internal Server Error on /web/action/load
2026-04-22 13:16:57,764 643416 DEBUG ? odoo.sql_db: SELECT id, name FROM res_partner WHERE active = true LIMIT 80
2026-04-22 13:16:59,172 643418 INFO MASTER_BASE_DEMO_STD_V10 odoo.modules.loading: Request from 192.168.1.116 processed in 392ms
2026-04-22 13:17:00,856 643415 INFO ? werkzeug: HTTP POST /web/dataset/call_kw/res.partner/read HTTP/1.1 200
2026-04-22 13:17:02,130 643415 DEBUG MASTER_BASE_DEMO_STD_V10 odoo.sql_db: SELECT id, name FROM res_partner WHERE active = true LIMIT 80
2026-04-22 13:17:03,328 643419 INFO ? odoo.addons.base: Registry loaded for database ?
2026-04-22 13:17:04,481 643417 INFO ? odoo.modules.loading: Worker (643417) serving request count: 2, registry count: 1.
2026-04-22 13:17:05,107 643416 ERROR MASTER_BASE_DEMO_STD_V10 odoo.http: HTTP 500 Internal Server Error on /web/action/load
2026-04-22 13:17:05,176 643419 WARNING PROD_DB_01 odoo.sql_db: Deprecated method called in module sale
2026-04-22 13:17:06,581 643420 INFO ? odoo.addons.base: Registry loaded for database ?
2026-04-22 13:17:09,026 643417 ERROR ? odoo.http: AccessError: You do not have access rights to write on res.partner
2026-04-22 13:17:10,627 643419 INFO PROD_DB_01 odoo.modules.loading: Worker (643419) serving request count: 8, registry count: 1.
2026-04-22 13:17:13,368 643416 INFO PROD_DB_01 odoo.addons.base: Request from 192.168.1.75 processed in 188ms
2026-04-22 13:17:16,039 643417 INFO MASTER_BASE_DEMO_STD_V10 odoo.addons.base: Worker (643417) serving request count: 6, registry count: 1.
2026-04-22 13:17:17,871 643419 INFO MASTER_BASE_DEMO_STD_V10 werkzeug: Worker (643419) serving request count: 63, registry count: 1.
2026-04-22 13:17:18,489 643419 WARNING MASTER_BASE_DEMO_STD_V10 odoo.service.server: Slow query detected: 1.80s
2026-04-22 13:17:20,010 643415 DEBUG MASTER_BASE_DEMO_STD_V10 odoo.modules.registry: Cache lookup for user 27
2026-04-22 13:17:21,682 643415 INFO MASTER_BASE_DEMO_STD_V10 odoo.http: Worker (643415) serving request count: 28, registry count: 1.
2026-04-22 13:17:22,374 643419 INFO PROD_DB_01 odoo.addons.base: Worker (643419) serving request count: 46, registry count: 1.
2026-04-22 13:17:24,136 643415 INFO MASTER_BASE_DEMO_STD_V10 odoo.service.server: Module base loaded in 0.684s
2026-04-22 13:17:25,110 643419 INFO ? odoo.service.server: Request from 192.168.1.155 processed in 36ms
2026-04-22 13:17:28,062 643416 DEBUG PROD_DB_01 odoo.modules.registry: Registry cache hit for model res.users
2026-04-22 13:17:29,654 643417 DEBUG PROD_DB_01 odoo.addons.base.models: Query time: 0.0251s
2026-04-22 13:17:32,160 643417 INFO ? odoo.addons.base: Module base loaded in 0.645s
2026-04-22 13:17:33,099 643417 INFO MASTER_BASE_DEMO_STD_V10 odoo.service.server: Registry loaded for database MASTER_BASE_DEMO_STD_V10
2026-04-22 13:17:33,458 643419 INFO ? odoo.http: Registry loaded for database ?
2026-04-22 13:17:33,992 643415 DEBUG PROD_DB_01 odoo.sql_db: SELECT id, name FROM res_partner WHERE active = true LIMIT 80
2026-04-22 13:17:36,786 643415 INFO ? werkzeug: Request from 192.168.1.249 processed in 220ms
2026-04-22 13:17:37,560 643417 DEBUG ? odoo.sql_db: Registry cache hit for model res.users
2026-04-22 13:17:37,964 643419 WARNING PROD_DB_01 werkzeug: Deprecated method called in module sale
2026-04-22 13:17:38,554 643416 INFO MASTER_BASE_DEMO_STD_V10 werkzeug: Registry loaded for database MASTER_BASE_DEMO_STD_V10
2026-04-22 13:17:40,186 643415 DEBUG ? odoo.addons.base.models: Registry cache hit for model res.users
2026-04-22 13:17:40,855 643416 INFO ? odoo.service.server: Worker (643416) serving request count: 75, registry count: 1.
2026-04-22 13:17:43,509 643418 INFO PROD_DB_01 odoo.addons.base: Request from 192.168.1.95 processed in 217ms
2026-04-22 13:17:44,730 643415 WARNING PROD_DB_01 odoo.http: Memory usage high: 77%
2026-04-22 13:17:45,786 643417 DEBUG MASTER_BASE_DEMO_STD_V10 odoo.sql_db: Registry cache hit for model res.users
2026-04-22 13:17:46,899 643416 INFO ? werkzeug: HTTP POST /web/dataset/call_kw/res.partner/read HTTP/1.1 200
2026-04-22 13:17:48,005 643420 INFO MASTER_BASE_DEMO_STD_V10 werkzeug: Module base loaded in 0.272s
2026-04-22 13:17:50,200 643416 INFO MASTER_BASE_DEMO_STD_V10 odoo.service.server: Registry loaded for database MASTER_BASE_DEMO_STD_V10
2026-04-22 13:17:50,920 643417 DEBUG ? odoo.modules.registry: Registry cache hit for model res.users
2026-04-22 13:17:51,230 643417 WARNING ? odoo.http: Slow query detected: 4.98s
2026-04-22 13:17:53,282 643416 ERROR PROD_DB_01 werkzeug: HTTP 500 Internal Server Error on /web/action/load
2026-04-22 13:17:55,845 643418 INFO ? odoo.http: Registry loaded for database ?
2026-04-22 13:17:56,569 643416 INFO PROD_DB_01 odoo.http: Worker (643416) serving request count: 3, registry count: 1.
2026-04-22 13:17:56,642 643417 ERROR MASTER_BASE_DEMO_STD_V10 werkzeug: HTTP 500 Internal Server Error on /web/action/load
2026-04-22 13:17:58,878 643418 ERROR MASTER_BASE_DEMO_STD_V10 odoo.http: psycopg2.OperationalError: connection to server failed
2026-04-22 13:17:59,445 643418 WARNING ? werkzeug: Deprecated method called in module sale
2026-04-22 13:18:01,300 643419 DEBUG MASTER_BASE_DEMO_STD_V10 odoo.modules.registry: Registry cache hit for model res.users
2026-04-22 13:18:01,886 643415 DEBUG PROD_DB_01 odoo.modules.registry: Query time: 0.0436s
2026-04-22 13:18:02,698 643415 INFO MASTER_BASE_DEMO_STD_V10 odoo.http: Request from 192.168.1.229 processed in 257ms
2026-04-22 13:18:04,160 643417 CRITICAL ? odoo.service.server: Failed to load registry for ?: database does not exist
2026-04-22 13:18:04,686 643417 WARNING PROD_DB_01 odoo.sql_db: Slow query detected: 3.11s
2026-04-22 13:18:05,934 643415 INFO MASTER_BASE_DEMO_STD_V10 odoo.modules.loading: Worker (643415) serving request count: 83, registry count: 1.
2026-04-22 13:18:06,213 643420 ERROR PROD_DB_01 odoo.service.server: psycopg2.OperationalError: connection to server failed
2026-04-22 13:18:07,879 643420 INFO ? odoo.service.server: Worker (643420) serving request count: 53, registry count: 1.
2026-04-22 13:18:09,675 643419 INFO MASTER_BASE_DEMO_STD_V10 odoo.service.server: Request from 192.168.1.254 processed in 75ms
2026-04-22 13:18:12,493 643420 INFO PROD_DB_01 odoo.modules.loading: HTTP POST /web/dataset/call_kw/res.partner/read HTTP/1.1 200
2026-04-22 13:18:13,381 643416 CRITICAL MASTER_BASE_DEMO_STD_V10 odoo.service.server: Worker 643416 killed after timeout
2026-04-22 13:18:16,198 643418 DEBUG MASTER_BASE_DEMO_STD_V10 odoo.addons.base.models: Cache lookup for user 89
2026-04-22 13:18:18,861 643418 INFO MASTER_BASE_DEMO_STD_V10 werkzeug: Module base loaded in 1.636s
2026-04-22 13:18:20,082 643419 ERROR MASTER_BASE_DEMO_STD_V10 odoo.sql_db: HTTP 500 Internal Server Error on /web/action/load
2026-04-22 13:18:21,278 643418 DEBUG MASTER_BASE_DEMO_STD_V10 odoo.sql_db: Query time: 0.0435s
2026-04-22 13:18:22,841 643419 WARNING MASTER_BASE_DEMO_STD_V10 odoo.http: Deprecated method called in module sale
2026-04-22 13:18:24,086 643417 INFO ? odoo.http: Request from 192.168.1.202 processed in 465ms
2026-04-22 13:18:24,335 643419 INFO MASTER_BASE_DEMO_STD_V10 odoo.http: Request from 192.168.1.66 processed in 331ms
2026-04-22 13:18:25,376 643417 INFO ? werkzeug: Worker (643417) serving request count: 44, registry count: 1.
2026-04-22 13:18:26,208 643417 INFO MASTER_BASE_DEMO_STD_V10 odoo.http: Registry loaded for database MASTER_BASE_DEMO_STD_V10
2026-04-22 13:18:27,700 643417 INFO MASTER_BASE_DEMO_STD_V10 odoo.service.server: Registry loaded for database MASTER_BASE_DEMO_STD_V10
2026-04-22 13:18:29,051 643419 INFO ? odoo.service.server: Request from 192.168.1.125 processed in 435ms
2026-04-22 13:18:31,592 643415 INFO ? odoo.service.server: HTTP POST /web/dataset/call_kw/res.partner/read HTTP/1.1 200
2026-04-22 13:18:34,522 643420 INFO MASTER_BASE_DEMO_STD_V10 werkzeug: Registry loaded for database MASTER_BASE_DEMO_STD_V10
2026-04-22 13:18:36,691 643418 CRITICAL MASTER_BASE_DEMO_STD_V10 odoo.service.server: Failed to load registry for MASTER_BASE_DEMO_STD_V10: database does not exist
2026-04-22 13:18:39,080 643419 INFO ? werkzeug: Worker (643419) serving request count: 95, registry count: 1.
2026-04-22 13:18:39,945 643420 INFO MASTER_BASE_DEMO_STD_V10 werkzeug: Request from 192.168.1.223 processed in 26ms
2026-04-22 13:18:42,191 643417 INFO MASTER_BASE_DEMO_STD_V10 odoo.http: Module base loaded in 0.261s
2026-04-22 13:18:43,581 643418 INFO MASTER_BASE_DEMO_STD_V10 odoo.addons.base: Worker (643418) serving request count: 47, registry count: 1.
2026-04-22 13:18:46,318 643419 DEBUG MASTER_BASE_DEMO_STD_V10 odoo.modules.registry: Registry cache hit for model res.users
2026-04-22 13:18:48,285 643415 ERROR ? odoo.service.server: psycopg2.OperationalError: connection to server failed
2026-04-22 13:18:51,125 643415 INFO PROD_DB_01 werkzeug: Worker (643415) serving request count: 63, registry count: 1.
2026-04-22 13:18:52,004 643415 INFO PROD_DB_01 odoo.modules.loading: Registry loaded for database PROD_DB_01
2026-04-22 13:18:54,480 643418 DEBUG MASTER_BASE_DEMO_STD_V10 odoo.modules.registry: Query time: 0.0165s
2026-04-22 13:18:57,438 643420 INFO PROD_DB_01 odoo.modules.loading: Registry loaded for database PROD_DB_01
2026-04-22 13:18:58,465 643415 INFO ? odoo.modules.loading: HTTP POST /web/dataset/call_kw/res.partner/read HTTP/1.1 200
2026-04-22 13:18:59,027 643418 ERROR MASTER_BASE_DEMO_STD_V10 werkzeug: Traceback (most recent call last):
  File "/odoo/odoo/http.py", line 1234, in dispatch
    return self._dispatch()
ValueError: invalid literal for int() with base 10
2026-04-22 13:19:02,005 643419 WARNING ? werkzeug: Connection pool near capacity: 83/100
2026-04-22 13:19:03,361 643416 INFO ? odoo.addons.base: HTTP POST /web/dataset/call_kw/res.partner/read HTTP/1.1 200
2026-04-22 13:19:03,446 643415 INFO MASTER_BASE_DEMO_STD_V10 odoo.modules.loading: Module base loaded in 1.819s
2026-04-22 13:19:04,288 643416 INFO PROD_DB_01 werkzeug: Module base loaded in 2.414s
2026-04-22 13:19:07,035 643420 INFO ? werkzeug: Registry loaded for database ?
2026-04-22 13:19:09,861 643415 DEBUG ? odoo.sql_db: Cache lookup for user 91
2026-04-22 13:19:11,544 643417 INFO ? werkzeug: Registry loaded for database ?
2026-04-22 13:19:12,554 643419 INFO PROD_DB_01 odoo.service.server: Worker (643419) serving request count: 92, registry count: 1.
2026-04-22 13:19:13,170 643417 CRITICAL ? odoo.service.server: Out of memory: killing worker
2026-04-22 13:19:14,713 643420 INFO ? odoo.addons.base: Request from 192.168.1.52 processed in 495ms
2026-04-22 13:19:15,074 643419 WARNING MASTER_BASE_DEMO_STD_V10 odoo.sql_db: Memory usage high: 79%
2026-04-22 13:19:16,120 643420 INFO MASTER_BASE_DEMO_STD_V10 odoo.http: Request from 192.168.1.127 processed in 408ms
2026-04-22 13:19:16,322 643417 DEBUG MASTER_BASE_DEMO_STD_V10 odoo.sql_db: Registry cache hit for model res.users
2026-04-22 13:19:16,408 643418 INFO MASTER_BASE_DEMO_STD_V10 odoo.modules.loading: Worker (643418) serving request count: 72, registry count: 1.
2026-04-22 13:19:17,529 643420 WARNING PROD_DB_01 werkzeug: Connection pool near capacity: 86/100
2026-04-22 13:19:19,658 643417 INFO MASTER_BASE_DEMO_STD_V10 odoo.http: Request from 192.168.1.126 processed in 462ms
2026-04-22 13:19:22,044 643417 INFO MASTER_BASE_DEMO_STD_V10 odoo.http: Registry loaded for database MASTER_BASE_DEMO_STD_V10
2026-04-22 13:19:23,680 643420 WARNING MASTER_BASE_DEMO_STD_V10 odoo.http: Memory usage high: 72%
2026-04-22 13:19:24,298 643420 WARNING ? werkzeug: Memory usage high: 79%
2026-04-22 13:19:25,712 643419 INFO MASTER_BASE_DEMO_STD_V10 werkzeug: Request from 192.168.1.172 processed in 70ms
2026-04-22 13:19:28,528 643420 DEBUG MASTER_BASE_DEMO_STD_V10 odoo.addons.base.models: SELECT id, name FROM res_partner WHERE active = true LIMIT 80
2026-04-22 13:19:31,308 643417 DEBUG MASTER_BASE_DEMO_STD_V10 odoo.modules.registry: Query time: 0.0052s
2026-04-22 13:19:32,211 643417 WARNING ? odoo.sql_db: Slow query detected: 2.90s
2026-04-22 13:19:33,572 643416 ERROR MASTER_BASE_DEMO_STD_V10 werkzeug: Traceback (most recent call last):
  File "/odoo/odoo/http.py", line 1234, in dispatch
    return self._dispatch()
ValueError: invalid literal for int() with base 10
2026-04-22 13:19:33,988 643415 ERROR MASTER_BASE_DEMO_STD_V10 odoo.sql_db: psycopg2.OperationalError: connection to server failed
2026-04-22 13:19:36,475 643419 DEBUG MASTER_BASE_DEMO_STD_V10 odoo.addons.base.models: SELECT id, name FROM res_partner WHERE active = true LIMIT 80
2026-04-22 13:19:38,702 643417 ERROR MASTER_BASE_DEMO_STD_V10 odoo.http: HTTP 500 Internal Server Error on /web/action/load
2026-04-22 13:19:39,893 643420 INFO MASTER_BASE_DEMO_STD_V10 odoo.addons.base: Request from 192.168.1.175 processed in 30ms
2026-04-22 13:19:42,835 643417 INFO ? werkzeug: Registry loaded for database ?
2026-04-22 13:19:45,071 643416 ERROR MASTER_BASE_DEMO_STD_V10 odoo.sql_db: Traceback (most recent call last):
  File "/odoo/odoo/http.py", line 1234, in dispatch
    return self._dispatch()
ValueError: invalid literal for int() with base 10
2026-04-22 13:19:47,883 643416 DEBUG MASTER_BASE_DEMO_STD_V10 odoo.modules.registry: Query time: 0.0428s
2026-04-22 13:19:50,789 643418 CRITICAL ? odoo.service.server: Failed to load registry for ?: database does not exist
2026-04-22 13:19:53,779 643417 INFO MASTER_BASE_DEMO_STD_V10 odoo.service.server: Worker (643417) serving request count: 88, registry count: 1.
2026-04-22 13:19:54,830 643420 INFO ? werkzeug: HTTP POST /web/dataset/call_kw/res.partner/read HTTP/1.1 200
2026-04-22 13:19:55,451 643417 INFO MASTER_BASE_DEMO_STD_V10 odoo.http: Registry loaded for database MASTER_BASE_DEMO_STD_V10
2026-04-22 13:19:56,959 643418 DEBUG MASTER_BASE_DEMO_STD_V10 odoo.modules.registry: Cache lookup for user 55
2026-04-22 13:19:57,411 643420 INFO ? werkzeug: HTTP POST /web/dataset/call_kw/res.partner/read HTTP/1.1 200
2026-04-22 13:19:59,136 643416 ERROR ? odoo.service.server: psycopg2.OperationalError: connection to server failed
2026-04-22 13:20:01,867 643415 INFO MASTER_BASE_DEMO_STD_V10 werkzeug: Worker (643415) serving request count: 23, registry count: 1.
2026-04-22 13:20:03,687 643418 INFO MASTER_BASE_DEMO_STD_V10 odoo.addons.base: Registry loaded for database MASTER_BASE_DEMO_STD_V10
2026-04-22 13:20:05,355 643415 CRITICAL PROD_DB_01 odoo.service.server: Failed to load registry for PROD_DB_01: database does not exist
2026-04-22 13:20:07,659 643416 ERROR MASTER_BASE_DEMO_STD_V10 werkzeug: HTTP 500 Internal Server Error on /web/action/load
2026-04-22 13:20:10,099 643419 INFO PROD_DB_01 odoo.addons.base: HTTP POST /web/dataset/call_kw/res.partner/read HTTP/1.1 200
2026-04-22 13:20:12,116 643418 INFO ? odoo.http: Request from 192.168.1.250 processed in 313ms
2026-04-22 13:20:12,935 643419 ERROR PROD_DB_01 odoo.sql_db: HTTP 500 Internal Server Error on /web/action/load
2026-04-22 13:20:13,281 643415 ERROR PROD_DB_01 odoo.sql_db: AccessError: You do not have access rights to write on res.partner
2026-04-22 13:20:14,918 643415 INFO MASTER_BASE_DEMO_STD_V10 odoo.addons.base: Module base loaded in 1.517s
2026-04-22 13:20:16,405 643418 WARNING ? odoo.sql_db: Memory usage high: 86%
2026-04-22 13:20:16,684 643415 WARNING PROD_DB_01 odoo.sql_db: Connection pool near capacity: 85/100
2026-04-22 13:20:19,617 643419 DEBUG ? odoo.addons.base.models: Query time: 0.0419s
2026-04-22 13:20:21,563 643420 CRITICAL MASTER_BASE_DEMO_STD_V10 odoo.service.server: Out of memory: killing worker
2026-04-22 13:20:22,191 643415 DEBUG MASTER_BASE_DEMO_STD_V10 odoo.sql_db: Query time: 0.0060s
2026-04-22 13:20:22,295 643420 INFO ? odoo.service.server: Request from 192.168.1.127 processed in 145ms
2026-04-22 13:20:25,054 643418 DEBUG PROD_DB_01 odoo.sql_db: Registry cache hit for model res.users
2026-04-22 13:20:26,775 643416 DEBUG MASTER_BASE_DEMO_STD_V10 odoo.addons.base.models: Registry cache hit for model res.users
2026-04-22 13:20:26,880 643415 WARNING ? odoo.http: Slow query detected: 1.57s
2026-04-22 13:20:29,597 643418 DEBUG MASTER_BASE_DEMO_STD_V10 odoo.modules.registry: Cache lookup for user 74
2026-04-22 13:20:30,626 643417 INFO PROD_DB_01 odoo.service.server: Request from 192.168.1.179 processed in 419ms
2026-04-22 13:20:31,810 643420 INFO PROD_DB_01 werkzeug: Registry loaded for database PROD_DB_01
2026-04-22 13:20:33,879 643419 WARNING PROD_DB_01 odoo.service.server: Connection pool near capacity: 91/100
2026-04-22 13:20:34,197 643417 INFO ? odoo.addons.base: Module base loaded in 2.075s
2026-04-22 13:20:35,060 643419 DEBUG PROD_DB_01 odoo.addons.base.models: Registry cache hit for model res.users
2026-04-22 13:20:36,556 643420 DEBUG ? odoo.addons.base.models: Cache lookup for user 54
2026-04-22 13:20:38,384 643416 CRITICAL PROD_DB_01 odoo.service.server: Out of memory: killing worker
2026-04-22 13:20:39,418 643417 INFO ? werkzeug: HTTP POST /web/dataset/call_kw/res.partner/read HTTP/1.1 200
2026-04-22 13:20:40,658 643419 INFO ? odoo.addons.base: Module base loaded in 2.090s
2026-04-22 13:20:41,706 643417 WARNING ? odoo.service.server: Deprecated method called in module sale
2026-04-22 13:20:43,007 643420 INFO MASTER_BASE_DEMO_STD_V10 odoo.http: Module base loaded in 0.520s
2026-04-22 13:20:44,955 643418 INFO MASTER_BASE_DEMO_STD_V10 odoo.service.server: HTTP POST /web/dataset/call_kw/res.partner/read HTTP/1.1 200
2026-04-22 13:20:47,328 643416 INFO ? werkzeug: Worker (643416) serving request count: 95, registry count: 1.
2026-04-22 13:20:48,667 643419 INFO PROD_DB_01 odoo.service.server: Worker (643419) serving request count: 4, registry count: 1.
2026-04-22 13:20:51,007 643417 CRITICAL MASTER_BASE_DEMO_STD_V10 odoo.service.server: Worker 643417 killed after timeout
2026-04-22 13:20:53,828 643415 INFO MASTER_BASE_DEMO_STD_V10 odoo.http: HTTP POST /web/dataset/call_kw/res.partner/read HTTP/1.1 200
2026-04-22 13:20:55,154 643415 INFO MASTER_BASE_DEMO_STD_V10 odoo.service.server: Worker (643415) serving request count: 60, registry count: 1.
2026-04-22 13:20:57,217 643416 DEBUG PROD_DB_01 odoo.sql_db: SELECT id, name FROM res_partner WHERE active = true LIMIT 80
2026-04-22 13:20:57,849 643415 INFO PROD_DB_01 odoo.addons.base: Worker (643415) serving request count: 22, registry count: 1.
2026-04-22 13:20:58,981 643418 INFO ? werkzeug: Request from 192.168.1.232 processed in 98ms
2026-04-22 13:21:00,519 643419 INFO MASTER_BASE_DEMO_STD_V10 odoo.addons.base: Module base loaded in 0.937s
2026-04-22 13:21:01,632 643415 DEBUG ? odoo.sql_db: SELECT id, name FROM res_partner WHERE active = true LIMIT 80
2026-04-22 13:21:02,632 643419 INFO MASTER_BASE_DEMO_STD_V10 werkzeug: Module base loaded in 0.926s
2026-04-22 13:21:05,484 643417 INFO ? odoo.service.server: Worker (643417) serving request count: 54, registry count: 1.
2026-04-22 13:21:05,974 643419 INFO MASTER_BASE_DEMO_STD_V10 odoo.modules.loading: Worker (643419) serving request count: 50, registry count: 1.
2026-04-22 13:21:08,759 643415 INFO ? odoo.http: Worker (643415) serving request count: 93, registry count: 1.
2026-04-22 13:21:09,863 643418 ERROR MASTER_BASE_DEMO_STD_V10 werkzeug: psycopg2.OperationalError: connection to server failed
2026-04-22 13:21:10,967 643419 INFO ? werkzeug: Request from 192.168.1.41 processed in 12ms
2026-04-22 13:21:13,355 643418 INFO ? odoo.modules.loading: HTTP POST /web/dataset/call_kw/res.partner/read HTTP/1.1 200
2026-04-22 13:21:13,707 643417 INFO ? odoo.service.server: HTTP POST /web/dataset/call_kw/res.partner/read HTTP/1.1 200
2026-04-22 13:21:15,968 643419 INFO MASTER_BASE_DEMO_STD_V10 werkzeug: Worker (643419) serving request count: 87, registry count: 1.
2026-04-22 13:21:17,166 643416 WARNING MASTER_BASE_DEMO_STD_V10 odoo.service.server: Slow query detected: 3.26s
2026-04-22 13:21:17,810 643415 INFO MASTER_BASE_DEMO_STD_V10 werkzeug: Worker (643415) serving request count: 6, registry count: 1.
2026-04-22 13:21:18,579 643419 WARNING MASTER_BASE_DEMO_STD_V10 odoo.sql_db: Connection pool near capacity: 84/100
2026-04-22 13:21:20,437 643417 INFO MASTER_BASE_DEMO_STD_V10 odoo.addons.base: Module base loaded in 1.824s
2026-04-22 13:21:20,586 643419 DEBUG PROD_DB_01 odoo.sql_db: Registry cache hit for model res.users
2026-04-22 13:21:21,861 643420 INFO PROD_DB_01 odoo.modules.loading: Worker (643420) serving request count: 11, registry count: 1.
2026-04-22 13:21:24,308 643420 INFO MASTER_BASE_DEMO_STD_V10 odoo.service.server: HTTP POST /web/dataset/call_kw/res.partner/read HTTP/1.1 200
2026-04-22 13:21:27,115 643415 ERROR MASTER_BASE_DEMO_STD_V10 werkzeug: HTTP 500 Internal Server Error on /web/action/load
2026-04-22 13:21:29,016 643415 INFO MASTER_BASE_DEMO_STD_V10 odoo.addons.base: HTTP POST /web/dataset/call_kw/res.partner/read HTTP/1.1 200
2026-04-22 13:21:29,285 643415 DEBUG ? odoo.sql_db: Registry cache hit for model res.users
2026-04-22 13:21:31,766 643415 INFO ? odoo.addons.base: Registry loaded for database ?
2026-04-22 13:21:33,798 643418 INFO MASTER_BASE_DEMO_STD_V10 odoo.http: Registry loaded for database MASTER_BASE_DEMO_STD_V10
2026-04-22 13:21:35,658 643415 DEBUG PROD_DB_01 odoo.addons.base.models: SELECT id, name FROM res_partner WHERE active = true LIMIT 80
2026-04-22 13:21:36,512 643417 INFO PROD_DB_01 odoo.http: Registry loaded for database PROD_DB_01
2026-04-22 13:21:38,694 643420 INFO ? odoo.addons.base: Module base loaded in 1.887s
2026-04-22 13:21:40,162 643420 ERROR MASTER_BASE_DEMO_STD_V10 odoo.service.server: AccessError: You do not have access rights to write on res.partner
2026-04-22 13:21:41,836 643418 INFO MASTER_BASE_DEMO_STD_V10 odoo.http: Worker (643418) serving request count: 100, registry count: 1.
2026-04-22 13:21:43,557 643417 DEBUG ? odoo.addons.base.models: SELECT id, name FROM res_partner WHERE active = true LIMIT 80
2026-04-22 13:21:46,519 643419 DEBUG MASTER_BASE_DEMO_STD_V10 odoo.modules.registry: SELECT id, name FROM res_partner WHERE active = true LIMIT 80
2026-04-22 13:21:47,566 643415 WARNING MASTER_BASE_DEMO_STD_V10 werkzeug: Deprecated method called in module sale
2026-04-22 13:21:48,617 643416 INFO MASTER_BASE_DEMO_STD_V10 odoo.service.server: Request from 192.168.1.140 processed in 163ms
2026-04-22 13:21:50,860 643416 DEBUG MASTER_BASE_DEMO_STD_V10 odoo.modules.registry: SELECT id, name FROM res_partner WHERE active = true LIMIT 80
2026-04-22 13:21:51,716 643419 DEBUG MASTER_BASE_DEMO_STD_V10 odoo.addons.base.models: Cache lookup for user 16
2026-04-22 13:21:53,467 643416 WARNING MASTER_BASE_DEMO_STD_V10 odoo.sql_db: Memory usage high: 77%
2026-04-22 13:21:53,568 643419 INFO PROD_DB_01 werkzeug: Request from 192.168.1.110 processed in 251ms
2026-04-22 13:21:54,148 643417 INFO MASTER_BASE_DEMO_STD_V10 odoo.service.server: Registry loaded for database MASTER_BASE_DEMO_STD_V10
2026-04-22 13:21:55,299 643416 DEBUG MASTER_BASE_DEMO_STD_V10 odoo.addons.base.models: Query time: 0.0339s
2026-04-22 13:21:56,087 643415 INFO MASTER_BASE_DEMO_STD_V10 odoo.addons.base: HTTP POST /web/dataset/call_kw/res.partner/read HTTP/1.1 200
2026-04-22 13:21:58,685 643415 INFO PROD_DB_01 odoo.http: Registry loaded for database PROD_DB_01
2026-04-22 13:22:01,261 643416 INFO PROD_DB_01 werkzeug: Registry loaded for database PROD_DB_01
2026-04-22 13:22:01,631 643418 INFO ? odoo.service.server: Registry loaded for database ?
2026-04-22 13:22:03,424 643416 INFO PROD_DB_01 werkzeug: Registry loaded for database PROD_DB_01
2026-04-22 13:22:05,701 643418 INFO MASTER_BASE_DEMO_STD_V10 odoo.http: Worker (643418) serving request count: 27, registry count: 1.
2026-04-22 13:22:07,900 643419 INFO PROD_DB_01 odoo.service.server: Module base loaded in 0.622s
2026-04-22 13:22:09,509 643420 ERROR PROD_DB_01 odoo.service.server: AccessError: You do not have access rights to write on res.partner
2026-04-22 13:22:10,279 643418 INFO MASTER_BASE_DEMO_STD_V10 odoo.modules.loading: Registry loaded for database MASTER_BASE_DEMO_STD_V10
2026-04-22 13:22:10,725 643418 DEBUG MASTER_BASE_DEMO_STD_V10 odoo.addons.base.models: Registry cache hit for model res.users
2026-04-22 13:22:12,869 643417 INFO ? odoo.addons.base: Registry loaded for database ?
2026-04-22 13:22:14,881 643417 INFO PROD_DB_01 werkzeug: Registry loaded for database PROD_DB_01
2026-04-22 13:22:17,022 643419 ERROR MASTER_BASE_DEMO_STD_V10 odoo.http: AccessError: You do not have access rights to write on res.partner
2026-04-22 13:22:19,360 643419 WARNING MASTER_BASE_DEMO_STD_V10 odoo.sql_db: Slow query detected: 1.60s
2026-04-22 13:22:20,339 643418 DEBUG MASTER_BASE_DEMO_STD_V10 odoo.modules.registry: Registry cache hit for model res.users
2026-04-22 13:22:22,821 643420 INFO MASTER_BASE_DEMO_STD_V10 werkzeug: Worker (643420) serving request count: 50, registry count: 1.
2026-04-22 13:22:23,134 643417 INFO PROD_DB_01 odoo.service.server: Request from 192.168.1.97 processed in 385ms
2026-04-22 13:22:25,409 643415 INFO MASTER_BASE_DEMO_STD_V10 odoo.addons.base: Worker (643415) serving request count: 62, registry count: 1.
2026-04-22 13:22:25,817 643415 INFO ? odoo.addons.base: Registry loaded for database ?
2026-04-22 13:22:28,640 643417 INFO PROD_DB_01 odoo.addons.base: Registry loaded for database PROD_DB_01
2026-04-22 13:22:31,148 643419 INFO MASTER_BASE_DEMO_STD_V10 odoo.modules.loading: HTTP POST /web/dataset/call_kw/res.partner/read HTTP/1.1 200
2026-04-22 13:22:32,573 643418 CRITICAL PROD_DB_01 odoo.service.server: Out of memory: killing worker
2026-04-22 13:22:33,011 643420 DEBUG MASTER_BASE_DEMO_STD_V10 odoo.sql_db: Registry cache hit for model res.users
2026-04-22 13:22:35,865 643420 WARNING PROD_DB_01 werkzeug: Slow query detected: 4.52s
2026-04-22 13:22:36,603 643415 DEBUG PROD_DB_01 odoo.modules.registry: Cache lookup for user 23
2026-04-22 13:22:38,367 643415 DEBUG ? odoo.sql_db: SELECT id, name FROM res_partner WHERE active = true LIMIT 80
2026-04-22 13:22:40,767 643415 WARNING MASTER_BASE_DEMO_STD_V10 odoo.sql_db: Deprecated method called in module sale
2026-04-22 13:22:43,450 643416 WARNING ? odoo.sql_db: Slow query detected: 2.99s
2026-04-22 13:22:46,349 643420 INFO ? odoo.modules.loading: Request from 192.168.1.206 processed in 358ms
2026-04-22 13:22:46,713 643416 INFO PROD_DB_01 odoo.http: Module base loaded in 2.135s
2026-04-22 13:22:49,229 643420 WARNING MASTER_BASE_DEMO_STD_V10 werkzeug: Connection pool near capacity: 91/100
2026-04-22 13:22:50,642 643419 INFO PROD_DB_01 werkzeug: HTTP POST /web/dataset/call_kw/res.partner/read HTTP/1.1 200
2026-04-22 13:22:51,198 643419 INFO PROD_DB_01 odoo.modules.loading: Module base loaded in 0.449s
2026-04-22 13:22:51,681 643417 INFO PROD_DB_01 odoo.service.server: Module base loaded in 1.875s
2026-04-22 13:22:52,004 643419 DEBUG PROD_DB_01 odoo.modules.registry: SELECT id, name FROM res_partner WHERE active = true LIMIT 80
2026-04-22 13:22:52,800 643420 DEBUG ? odoo.sql_db: Cache lookup for user 70
2026-04-22 13:22:55,190 643416 DEBUG PROD_DB_01 odoo.modules.registry: Query time: 0.0058s
2026-04-22 13:22:56,197 643417 INFO ? odoo.modules.loading: Registry loaded for database ?
2026-04-22 13:22:57,885 643419 INFO PROD_DB_01 odoo.addons.base: Module base loaded in 1.129s
2026-04-22 13:23:00,307 643417 INFO MASTER_BASE_DEMO_STD_V10 odoo.http: HTTP POST /web/dataset/call_kw/res.partner/read HTTP/1.1 200
2026-04-22 13:23:01,077 643419 DEBUG ? odoo.modules.registry: Query time: 0.0322s
2026-04-22 13:23:01,507 643420 INFO MASTER_BASE_DEMO_STD_V10 odoo.service.server: Registry loaded for database MASTER_BASE_DEMO_STD_V10
2026-04-22 13:23:03,313 643416 INFO ? odoo.modules.loading: Module base loaded in 0.643s
2026-04-22 13:23:06,256 643415 ERROR PROD_DB_01 odoo.http: Traceback (most recent call last):
  File "/odoo/odoo/http.py", line 1234, in dispatch
    return self._dispatch()
ValueError: invalid literal for int() with base 10
2026-04-22 13:23:07,005 643420 DEBUG PROD_DB_01 odoo.sql_db: Registry cache hit for model res.users
2026-04-22 13:23:08,741 643415 DEBUG MASTER_BASE_DEMO_STD_V10 odoo.sql_db: Query time: 0.0369s
2026-04-22 13:23:08,850 643417 INFO MASTER_BASE_DEMO_STD_V10 odoo.http: HTTP POST /web/dataset/call_kw/res.partner/read HTTP/1.1 200
2026-04-22 13:23:09,536 643417 DEBUG MASTER_BASE_DEMO_STD_V10 odoo.sql_db: Query time: 0.0350s
2026-04-22 13:23:12,443 643415 DEBUG ? odoo.modules.registry: SELECT id, name FROM res_partner WHERE active = true LIMIT 80
2026-04-22 13:23:14,601 643420 INFO MASTER_BASE_DEMO_STD_V10 odoo.http: HTTP POST /web/dataset/call_kw/res.partner/read HTTP/1.1 200
2026-04-22 13:23:15,073 643417 INFO PROD_DB_01 odoo.modules.loading: Worker (643417) serving request count: 80, registry count: 1.
2026-04-22 13:23:15,282 643418 INFO MASTER_BASE_DEMO_STD_V10 odoo.http: HTTP POST /web/dataset/call_kw/res.partner/read HTTP/1.1 200
2026-04-22 13:23:17,415 643415 ERROR MASTER_BASE_DEMO_STD_V10 werkzeug: psycopg2.OperationalError: connection to server failed
2026-04-22 13:23:17,754 643420 INFO MASTER_BASE_DEMO_STD_V10 odoo.http: HTTP POST /web/dataset/call_kw/res.partner/read HTTP/1.1 200
2026-04-22 13:23:18,522 643419 INFO MASTER_BASE_DEMO_STD_V10 odoo.modules.loading: HTTP POST /web/dataset/call_kw/res.partner/read HTTP/1.1 200
2026-04-22 13:23:20,306 643420 DEBUG MASTER_BASE_DEMO_STD_V10 odoo.addons.base.models: Cache lookup for user 30
2026-04-22 13:23:22,685 643415 INFO MASTER_BASE_DEMO_STD_V10 odoo.addons.base: Request from 192.168.1.201 processed in 391ms
2026-04-22 13:23:23,679 643419 WARNING PROD_DB_01 odoo.http: Deprecated method called in module sale
2026-04-22 13:23:25,468 643418 DEBUG MASTER_BASE_DEMO_STD_V10 odoo.modules.registry: Query time: 0.0211s
2026-04-22 13:23:27,637 643420 INFO MASTER_BASE_DEMO_STD_V10 odoo.modules.loading: HTTP POST /web/dataset/call_kw/res.partner/read HTTP/1.1 200
2026-04-22 13:23:29,473 643418 ERROR PROD_DB_01 odoo.sql_db: AccessError: You do not have access rights to write on res.partner
2026-04-22 13:23:30,702 643417 INFO MASTER_BASE_DEMO_STD_V10 odoo.addons.base: HTTP POST /web/dataset/call_kw/res.partner/read HTTP/1.1 200
2026-04-22 13:23:32,159 643417 INFO PROD_DB_01 odoo.modules.loading: Module base loaded in 1.486s
2026-04-22 13:23:34,500 643416 DEBUG PROD_DB_01 odoo.addons.base.models: SELECT id, name FROM res_partner WHERE active = true LIMIT 80
2026-04-22 13:23:36,881 643416 INFO ? odoo.http: Registry loaded for database ?
2026-04-22 13:23:38,275 643418 INFO ? odoo.service.server: Request from 192.168.1.206 processed in 286ms
2026-04-22 13:23:40,736 643419 INFO MASTER_BASE_DEMO_STD_V10 odoo.addons.base: Module base loaded in 0.609s
2026-04-22 13:23:43,286 643417 DEBUG ? odoo.addons.base.models: Cache lookup for user 56
2026-04-22 13:23:45,543 643419 DEBUG PROD_DB_01 odoo.modules.registry: SELECT id, name FROM res_partner WHERE active = true LIMIT 80
2026-04-22 13:23:48,461 643418 WARNING MASTER_BASE_DEMO_STD_V10 werkzeug: Memory usage high: 78%
2026-04-22 13:23:48,841 643415 INFO MASTER_BASE_DEMO_STD_V10 odoo.addons.base: Registry loaded for database MASTER_BASE_DEMO_STD_V10
2026-04-22 13:23:50,270 643415 INFO PROD_DB_01 werkzeug: Module base loaded in 0.100s
2026-04-22 13:23:52,543 643415 DEBUG ? odoo.sql_db: Cache lookup for user 50
2026-04-22 13:23:53,791 643420 INFO MASTER_BASE_DEMO_STD_V10 odoo.modules.loading: Module base loaded in 2.427s
2026-04-22 13:23:56,461 643419 CRITICAL PROD_DB_01 odoo.service.server: Failed to load registry for PROD_DB_01: database does not exist
2026-04-22 13:23:57,838 643417 WARNING MASTER_BASE_DEMO_STD_V10 odoo.service.server: Slow query detected: 4.24s
2026-04-22 13:23:59,293 643418 INFO MASTER_BASE_DEMO_STD_V10 odoo.http: Registry loaded for database MASTER_BASE_DEMO_STD_V10
2026-04-22 13:24:01,542 643420 DEBUG PROD_DB_01 odoo.modules.registry: Registry cache hit for model res.users
2026-04-22 13:24:01,820 643417 CRITICAL MASTER_BASE_DEMO_STD_V10 odoo.service.server: Out of memory: killing worker
2026-04-22 13:24:04,760 643417 CRITICAL ? odoo.service.server: Out of memory: killing worker
2026-04-22 13:24:06,351 643416 WARNING PROD_DB_01 odoo.sql_db: Connection pool near capacity: 87/100
2026-04-22 13:24:07,402 643419 WARNING ? odoo.sql_db: Connection pool near capacity: 86/100
2026-04-22 13:24:07,529 643416 DEBUG MASTER_BASE_DEMO_STD_V10 odoo.sql_db: Registry cache hit for model res.users
2026-04-22 13:24:09,828 643418 DEBUG PROD_DB_01 odoo.sql_db: Registry cache hit for model res.users
2026-04-22 13:24:11,082 643415 DEBUG PROD_DB_01 odoo.sql_db: Cache lookup for user 91
2026-04-22 13:24:12,566 643418 INFO ? odoo.service.server: Worker (643418) serving request count: 50, registry count: 1.
2026-04-22 13:24:13,411 643415 DEBUG MASTER_BASE_DEMO_STD_V10 odoo.modules.registry: Registry cache hit for model res.users
2026-04-22 13:24:15,898 643420 INFO ? odoo.modules.loading: Worker (643420) serving request count: 69, registry count: 1.
2026-04-22 13:24:16,858 643416 INFO ? odoo.service.server: Registry loaded for database ?
2026-04-22 13:24:17,416 643416 ERROR PROD_DB_01 odoo.service.server: HTTP 500 Internal Server Error on /web/action/load
2026-04-22 13:24:19,356 643418 ERROR MASTER_BASE_DEMO_STD_V10 werkzeug: Traceback (most recent call last):
  File "/odoo/odoo/http.py", line 1234, in dispatch
    return self._dispatch()
ValueError: invalid literal for int() with base 10
2026-04-22 13:24:20,409 643418 ERROR ? odoo.service.server: psycopg2.OperationalError: connection to server failed
2026-04-22 13:24:22,974 643419 ERROR ? werkzeug: HTTP 500 Internal Server Error on /web/action/load
2026-04-22 13:24:24,557 643418 DEBUG PROD_DB_01 odoo.addons.base.models: Query time: 0.0127s
2026-04-22 13:24:27,013 643416 INFO MASTER_BASE_DEMO_STD_V10 werkzeug: Request from 192.168.1.192 processed in 240ms
2026-04-22 13:24:29,013 643416 INFO ? odoo.addons.base: Worker (643416) serving request count: 4, registry count: 1.
2026-04-22 13:24:31,029 643415 INFO PROD_DB_01 odoo.service.server: Module base loaded in 0.942s
2026-04-22 13:24:31,390 643415 INFO ? odoo.modules.loading: HTTP POST /web/dataset/call_kw/res.partner/read HTTP/1.1 200
2026-04-22 13:24:31,572 643415 DEBUG MASTER_BASE_DEMO_STD_V10 odoo.addons.base.models: SELECT id, name FROM res_partner WHERE active = true LIMIT 80
2026-04-22 13:24:33,148 643418 INFO MASTER_BASE_DEMO_STD_V10 odoo.modules.loading: Worker (643418) serving request count: 93, registry count: 1.
2026-04-22 13:24:34,564 643419 DEBUG ? odoo.modules.registry: Registry cache hit for model res.users
2026-04-22 13:24:35,147 643420 ERROR ? odoo.sql_db: psycopg2.OperationalError: connection to server failed
2026-04-22 13:24:36,262 643415 INFO MASTER_BASE_DEMO_STD_V10 odoo.service.server: HTTP POST /web/dataset/call_kw/res.partner/read HTTP/1.1 200
2026-04-22 13:24:37,793 643420 WARNING MASTER_BASE_DEMO_STD_V10 odoo.sql_db: Deprecated method called in module sale
2026-04-22 13:24:40,086 643415 INFO PROD_DB_01 odoo.addons.base: Module base loaded in 1.990s
2026-04-22 13:24:41,882 643418 INFO PROD_DB_01 werkzeug: Registry loaded for database PROD_DB_01
2026-04-22 13:24:43,926 643419 DEBUG PROD_DB_01 odoo.addons.base.models: Cache lookup for user 75
2026-04-22 13:24:46,725 643418 DEBUG ? odoo.addons.base.models: SELECT id, name FROM res_partner WHERE active = true LIMIT 80
2026-04-22 13:24:48,302 643420 DEBUG PROD_DB_01 odoo.modules.registry: Query time: 0.0178s
2026-04-22 13:24:50,509 643415 DEBUG MASTER_BASE_DEMO_STD_V10 odoo.modules.registry: Registry cache hit for model res.users
2026-04-22 13:24:51,507 643420 INFO MASTER_BASE_DEMO_STD_V10 odoo.addons.base: Module base loaded in 1.115s
2026-04-22 13:24:52,849 643415 INFO ? odoo.modules.loading: Worker (643415) serving request count: 55, registry count: 1.
2026-04-22 13:24:53,936 643415 INFO MASTER_BASE_DEMO_STD_V10 odoo.modules.loading: Request from 192.168.1.225 processed in 50ms
2026-04-22 13:24:55,970 643417 INFO MASTER_BASE_DEMO_STD_V10 odoo.modules.loading: HTTP POST /web/dataset/call_kw/res.partner/read HTTP/1.1 200
2026-04-22 13:24:56,706 643417 INFO PROD_DB_01 odoo.http: HTTP POST /web/dataset/call_kw/res.partner/read HTTP/1.1 200
2026-04-22 13:24:57,911 643417 INFO MASTER_BASE_DEMO_STD_V10 odoo.modules.loading: Module base loaded in 1.648s
2026-04-22 13:25:00,161 643415 ERROR ? werkzeug: HTTP 500 Internal Server Error on /web/action/load
2026-04-22 13:25:02,173 643418 INFO MASTER_BASE_DEMO_STD_V10 odoo.service.server: Worker (643418) serving request count: 47, registry count: 1.
2026-04-22 13:25:02,801 643415 INFO PROD_DB_01 odoo.modules.loading: HTTP POST /web/dataset/call_kw/res.partner/read HTTP/1.1 200
2026-04-22 13:25:04,281 643415 INFO PROD_DB_01 odoo.modules.loading: Module base loaded in 1.421s
2026-04-22 13:25:06,881 643417 WARNING MASTER_BASE_DEMO_STD_V10 odoo.service.server: Memory usage high: 75%
2026-04-22 13:25:08,409 643417 WARNING MASTER_BASE_DEMO_STD_V10 werkzeug: Slow query detected: 3.11s
2026-04-22 13:25:10,865 643415 INFO MASTER_BASE_DEMO_STD_V10 odoo.addons.base: Request from 192.168.1.229 processed in 371ms
2026-04-22 13:25:13,097 643416 INFO PROD_DB_01 werkzeug: Worker (643416) serving request count: 17, registry count: 1.
2026-04-22 13:25:13,790 643417 INFO PROD_DB_01 odoo.addons.base: Request from 192.168.1.119 processed in 386ms
2026-04-22 13:25:14,256 643419 INFO PROD_DB_01 odoo.modules.loading: Request from 192.168.1.121 processed in 468ms
2026-04-22 13:25:15,950 643417 INFO MASTER_BASE_DEMO_STD_V10 odoo.service.server: Worker (643417) serving request count: 83, registry count: 1.
2026-04-22 13:25:16,257 643415 INFO MASTER_BASE_DEMO_STD_V10 odoo.modules.loading: Registry loaded for database MASTER_BASE_DEMO_STD_V10
2026-04-22 13:25:18,489 643418 INFO MASTER_BASE_DEMO_STD_V10 odoo.service.server: HTTP POST /web/dataset/call_kw/res.partner/read HTTP/1.1 200
2026-04-22 13:25:19,780 643419 DEBUG PROD_DB_01 odoo.modules.registry: Cache lookup for user 95
2026-04-22 13:25:21,081 643416 INFO PROD_DB_01 odoo.service.server: HTTP POST /web/dataset/call_kw/res.partner/read HTTP/1.1 200
2026-04-22 13:25:21,533 643419 INFO PROD_DB_01 odoo.http: Request from 192.168.1.40 processed in 33ms
2026-04-22 13:25:22,004 643419 INFO MASTER_BASE_DEMO_STD_V10 werkzeug: Request from 192.168.1.252 processed in 333ms
2026-04-22 13:25:22,295 643415 ERROR MASTER_BASE_DEMO_STD_V10 odoo.http: HTTP 500 Internal Server Error on /web/action/load
2026-04-22 13:25:22,850 643416 INFO MASTER_BASE_DEMO_STD_V10 werkzeug: Request from 192.168.1.212 processed in 262ms
2026-04-22 13:25:24,944 643420 INFO ? odoo.modules.loading: HTTP POST /web/dataset/call_kw/res.partner/read HTTP/1.1 200
2026-04-22 13:25:25,592 643418 INFO MASTER_BASE_DEMO_STD_V10 odoo.http: Request from 192.168.1.128 processed in 298ms
2026-04-22 13:25:27,056 643415 DEBUG MASTER_BASE_DEMO_STD_V10 odoo.addons.base.models: Query time: 0.0402s
2026-04-22 13:25:27,636 643418 WARNING ? odoo.sql_db: Deprecated method called in module sale
2026-04-22 13:25:30,329 643415 DEBUG PROD_DB_01 odoo.addons.base.models: Registry cache hit for model res.users
2026-04-22 13:25:31,162 643417 DEBUG MASTER_BASE_DEMO_STD_V10 odoo.sql_db: Query time: 0.0309s
2026-04-22 13:25:31,974 643417 ERROR MASTER_BASE_DEMO_STD_V10 odoo.service.server: psycopg2.OperationalError: connection to server failed
2026-04-22 13:25:32,627 643420 ERROR ? odoo.sql_db: AccessError: You do not have access rights to write on res.partner
2026-04-22 13:25:33,856 643415 DEBUG MASTER_BASE_DEMO_STD_V10 odoo.sql_db: Query time: 0.0138s
2026-04-22 13:25:35,860 643417 INFO ? odoo.addons.base: Request from 192.168.1.248 processed in 179ms
2026-04-22 13:25:36,251 643417 DEBUG PROD_DB_01 odoo.modules.registry: Query time: 0.0202s
2026-04-22 13:25:36,445 643416 INFO ? odoo.http: Worker (643416) serving request count: 46, registry count: 1.
2026-04-22 13:25:38,603 643416 DEBUG ? odoo.addons.base.models: Cache lookup for user 45
2026-04-22 13:25:41,165 643420 DEBUG MASTER_BASE_DEMO_STD_V10 odoo.sql_db: SELECT id, name FROM res_partner WHERE active = true LIMIT 80
2026-04-22 13:25:43,865 643418 INFO MASTER_BASE_DEMO_STD_V10 odoo.addons.base: Worker (643418) serving request count: 12, registry count: 1.
2026-04-22 13:25:45,480 643419 INFO PROD_DB_01 werkzeug: Registry loaded for database PROD_DB_01
2026-04-22 13:25:47,895 643415 DEBUG MASTER_BASE_DEMO_STD_V10 odoo.addons.base.models: SELECT id, name FROM res_partner WHERE active = true LIMIT 80
2026-04-22 13:25:48,995 643420 WARNING PROD_DB_01 odoo.http: Deprecated method called in module sale
2026-04-22 13:25:51,958 643419 WARNING PROD_DB_01 werkzeug: Slow query detected: 4.33s
2026-04-22 13:25:53,812 643417 INFO MASTER_BASE_DEMO_STD_V10 odoo.addons.base: Registry loaded for database MASTER_BASE_DEMO_STD_V10
2026-04-22 13:25:54,742 643418 DEBUG PROD_DB_01 odoo.addons.base.models: Cache lookup for user 85
2026-04-22 13:25:54,824 643418 WARNING PROD_DB_01 werkzeug: Memory usage high: 80%
2026-04-22 13:25:57,580 643420 INFO MASTER_BASE_DEMO_STD_V10 odoo.http: Worker (643420) serving request count: 85, registry count: 1.
2026-04-22 13:25:59,782 643416 ERROR MASTER_BASE_DEMO_STD_V10 odoo.sql_db: Traceback (most recent call last):
  File "/odoo/odoo/http.py", line 1234, in dispatch
    return self._dispatch()
ValueError: invalid literal for int() with base 10
2026-04-22 13:26:00,837 643416 INFO MASTER_BASE_DEMO_STD_V10 werkzeug: HTTP POST /web/dataset/call_kw/res.partner/read HTTP/1.1 200
2026-04-22 13:26:02,107 643420 DEBUG ? odoo.modules.registry: Cache lookup for user 82
2026-04-22 13:26:02,232 643419 DEBUG ? odoo.modules.registry: Registry cache hit for model res.users
2026-04-22 13:26:03,383 643418 DEBUG PROD_DB_01 odoo.addons.base.models: SELECT id, name FROM res_partner WHERE active = true LIMIT 80
2026-04-22 13:26:04,896 643416 DEBUG MASTER_BASE_DEMO_STD_V10 odoo.modules.registry: Query time: 0.0168s
2026-04-22 13:26:07,520 643419 INFO ? odoo.http: Request from 192.168.1.138 processed in 367ms
2026-04-22 13:26:07,833 643420 DEBUG PROD_DB_01 odoo.addons.base.models: Cache lookup for user 21
2026-04-22 13:26:09,206 643418 WARNING MASTER_BASE_DEMO_STD_V10 werkzeug: Connection pool near capacity: 90/100
2026-04-22 13:26:10,920 643419 INFO PROD_DB_01 odoo.service.server: Module base loaded in 1.639s
2026-04-22 13:26:13,474 643415 INFO ? odoo.modules.loading: Request from 192.168.1.240 processed in 374ms
2026-04-22 13:26:14,370 643419 INFO MASTER_BASE_DEMO_STD_V10 odoo.service.server: Request from 192.168.1.214 processed in 61ms
2026-04-22 13:26:15,760 643415 DEBUG MASTER_BASE_DEMO_STD_V10 odoo.sql_db: Registry cache hit for model res.users
2026-04-22 13:26:16,960 643419 WARNING MASTER_BASE_DEMO_STD_V10 odoo.service.server: Memory usage high: 85%
2026-04-22 13:26:19,276 643418 INFO PROD_DB_01 werkzeug: HTTP POST /web/dataset/call_kw/res.partner/read HTTP/1.1 200
2026-04-22 13:26:20,450 643415 INFO MASTER_BASE_DEMO_STD_V10 odoo.modules.loading: Module base loaded in 0.112s
2026-04-22 13:26:22,296 643416 DEBUG PROD_DB_01 odoo.addons.base.models: Cache lookup for user 96
2026-04-22 13:26:23,762 643415 INFO PROD_DB_01 werkzeug: Worker (643415) serving request count: 45, registry count: 1.
2026-04-22 13:26:23,979 643418 DEBUG ? odoo.modules.registry: Cache lookup for user 96
2026-04-22 13:26:26,898 643420 INFO MASTER_BASE_DEMO_STD_V10 odoo.service.server: Module base loaded in 0.595s
2026-04-22 13:26:29,296 643419 INFO MASTER_BASE_DEMO_STD_V10 odoo.addons.base: Worker (643419) serving request count: 53, registry count: 1.
2026-04-22 13:26:30,838 643419 DEBUG MASTER_BASE_DEMO_STD_V10 odoo.sql_db: Query time: 0.0441s
2026-04-22 13:26:33,546 643420 WARNING MASTER_BASE_DEMO_STD_V10 odoo.http: Connection pool near capacity: 95/100
2026-04-22 13:26:35,844 643417 INFO MASTER_BASE_DEMO_STD_V10 werkzeug: HTTP POST /web/dataset/call_kw/res.partner/read HTTP/1.1 200
2026-04-22 13:26:37,522 643417 INFO PROD_DB_01 odoo.http: HTTP POST /web/dataset/call_kw/res.partner/read HTTP/1.1 200
2026-04-22 13:26:39,540 643415 WARNING MASTER_BASE_DEMO_STD_V10 odoo.sql_db: Memory usage high: 84%
2026-04-22 13:26:41,106 643417 INFO PROD_DB_01 odoo.http: Worker (643417) serving request count: 40, registry count: 1.
2026-04-22 13:26:41,999 643417 DEBUG ? odoo.modules.registry: Registry cache hit for model res.users
2026-04-22 13:26:44,687 643419 INFO ? odoo.http: Module base loaded in 0.941s
2026-04-22 13:26:44,887 643419 INFO PROD_DB_01 odoo.http: Worker (643419) serving request count: 79, registry count: 1.
2026-04-22 13:26:46,190 643420 INFO ? odoo.addons.base: Registry loaded for database ?
2026-04-22 13:26:46,955 643419 ERROR MASTER_BASE_DEMO_STD_V10 odoo.service.server: psycopg2.OperationalError: connection to server failed
2026-04-22 13:26:48,663 643418 ERROR MASTER_BASE_DEMO_STD_V10 odoo.service.server: psycopg2.OperationalError: connection to server failed
2026-04-22 13:26:49,575 643417 INFO ? werkzeug: Request from 192.168.1.32 processed in 31ms
2026-04-22 13:26:52,260 643417 INFO ? odoo.modules.loading: Worker (643417) serving request count: 79, registry count: 1.
2026-04-22 13:26:52,603 643420 WARNING PROD_DB_01 werkzeug: Memory usage high: 81%
2026-04-22 13:26:54,032 643419 INFO MASTER_BASE_DEMO_STD_V10 odoo.modules.loading: Registry loaded for database MASTER_BASE_DEMO_STD_V10
2026-04-22 13:26:54,472 643417 INFO PROD_DB_01 odoo.http: Worker (643417) serving request count: 80, registry count: 1.
2026-04-22 13:26:55,114 643416 INFO PROD_DB_01 odoo.http: HTTP POST /web/dataset/call_kw/res.partner/read HTTP/1.1 200
2026-04-22 13:26:57,154 643417 DEBUG PROD_DB_01 odoo.modules.registry: SELECT id, name FROM res_partner WHERE active = true LIMIT 80
2026-04-22 13:26:58,878 643420 INFO MASTER_BASE_DEMO_STD_V10 odoo.addons.base: Request from 192.168.1.198 processed in 470ms
2026-04-22 13:27:00,609 643416 INFO MASTER_BASE_DEMO_STD_V10 odoo.http: Request from 192.168.1.114 processed in 5ms
2026-04-22 13:27:02,299 643417 WARNING ? odoo.sql_db: Memory usage high: 88%
2026-04-22 13:27:05,189 643420 INFO PROD_DB_01 odoo.service.server: Module base loaded in 0.866s
2026-04-22 13:27:07,361 643415 DEBUG ? odoo.modules.registry: Cache lookup for user 99
2026-04-22 13:27:07,913 643415 INFO MASTER_BASE_DEMO_STD_V10 odoo.addons.base: Registry loaded for database MASTER_BASE_DEMO_STD_V10
2026-04-22 13:27:10,485 643417 DEBUG MASTER_BASE_DEMO_STD_V10 odoo.sql_db: Cache lookup for user 5
2026-04-22 13:27:12,881 643418 WARNING PROD_DB_01 odoo.sql_db: Slow query detected: 3.21s
2026-04-22 13:27:14,211 643419 INFO MASTER_BASE_DEMO_STD_V10 werkzeug: Module base loaded in 0.364s
2026-04-22 13:27:15,229 643419 DEBUG ? odoo.modules.registry: Query time: 0.0207s
2026-04-22 13:27:17,033 643416 INFO MASTER_BASE_DEMO_STD_V10 odoo.http: HTTP POST /web/dataset/call_kw/res.partner/read HTTP/1.1 200
2026-04-22 13:27:17,269 643418 INFO ? odoo.modules.loading: Request from 192.168.1.35 processed in 278ms
2026-04-22 13:27:18,263 643416 WARNING MASTER_BASE_DEMO_STD_V10 odoo.http: Slow query detected: 3.64s
2026-04-22 13:27:20,785 643415 INFO PROD_DB_01 odoo.modules.loading: Worker (643415) serving request count: 40, registry count: 1.
2026-04-22 13:27:22,494 643418 WARNING MASTER_BASE_DEMO_STD_V10 odoo.service.server: Deprecated method called in module sale
2026-04-22 13:27:23,641 643420 INFO MASTER_BASE_DEMO_STD_V10 odoo.modules.loading: Request from 192.168.1.181 processed in 398ms
2026-04-22 13:27:26,449 643418 DEBUG PROD_DB_01 odoo.addons.base.models: Registry cache hit for model res.users
2026-04-22 13:27:26,602 643418 INFO PROD_DB_01 odoo.modules.loading: Registry loaded for database PROD_DB_01
2026-04-22 13:27:27,735 643419 DEBUG MASTER_BASE_DEMO_STD_V10 odoo.sql_db: Cache lookup for user 98
2026-04-22 13:27:30,174 643418 INFO MASTER_BASE_DEMO_STD_V10 odoo.modules.loading: Worker (643418) serving request count: 22, registry count: 1.
2026-04-22 13:27:30,875 643417 WARNING MASTER_BASE_DEMO_STD_V10 odoo.sql_db: Connection pool near capacity: 84/100
2026-04-22 13:27:32,229 643418 INFO PROD_DB_01 odoo.http: Worker (643418) serving request count: 48, registry count: 1.
2026-04-22 13:27:35,090 643417 WARNING PROD_DB_01 odoo.service.server: Deprecated method called in module sale
2026-04-22 13:27:37,320 643420 DEBUG PROD_DB_01 odoo.sql_db: Registry cache hit for model res.users
2026-04-22 13:27:37,444 643419 DEBUG MASTER_BASE_DEMO_STD_V10 odoo.sql_db: SELECT id, name FROM res_partner WHERE active = true LIMIT 80
2026-04-22 13:27:39,923 643420 INFO ? odoo.addons.base: Module base loaded in 1.389s
2026-04-22 13:27:40,301 643418 INFO MASTER_BASE_DEMO_STD_V10 odoo.modules.loading: HTTP POST /web/dataset/call_kw/res.partner/read HTTP/1.1 200
2026-04-22 13:27:41,163 643416 INFO PROD_DB_01 odoo.service.server: Worker (643416) serving request count: 15, registry count: 1.
2026-04-22 13:27:42,061 643419 ERROR MASTER_BASE_DEMO_STD_V10 odoo.http: psycopg2.OperationalError: connection to server failed
2026-04-22 13:27:44,083 643419 WARNING ? odoo.service.server: Deprecated method called in module sale
2026-04-22 13:27:46,842 643418 DEBUG ? odoo.sql_db: Cache lookup for user 31
2026-04-22 13:27:47,483 643418 DEBUG PROD_DB_01 odoo.sql_db: Cache lookup for user 84
2026-04-22 13:27:47,802 643420 DEBUG MASTER_BASE_DEMO_STD_V10 odoo.sql_db: Query time: 0.0255s
2026-04-22 13:27:49,996 643419 WARNING ? odoo.sql_db: Memory usage high: 86%
2026-04-22 13:27:50,956 643419 INFO MASTER_BASE_DEMO_STD_V10 werkzeug: Registry loaded for database MASTER_BASE_DEMO_STD_V10
2026-04-22 13:27:53,524 643417 INFO PROD_DB_01 odoo.service.server: Module base loaded in 1.063s
2026-04-22 13:27:56,378 643420 WARNING MASTER_BASE_DEMO_STD_V10 werkzeug: Deprecated method called in module sale
2026-04-22 13:27:59,374 643419 DEBUG ? odoo.addons.base.models: Registry cache hit for model res.users
2026-04-22 13:28:02,135 643417 CRITICAL ? odoo.service.server: Out of memory: killing worker
2026-04-22 13:28:02,690 643415 DEBUG PROD_DB_01 odoo.addons.base.models: Cache lookup for user 25
2026-04-22 13:28:03,322 643419 DEBUG ? odoo.sql_db: SELECT id, name FROM res_partner WHERE active = true LIMIT 80
2026-04-22 13:28:04,382 643417 INFO MASTER_BASE_DEMO_STD_V10 werkzeug: Worker (643417) serving request count: 100, registry count: 1.
2026-04-22 13:28:04,446 643418 INFO MASTER_BASE_DEMO_STD_V10 werkzeug: HTTP POST /web/dataset/call_kw/res.partner/read HTTP/1.1 200
2026-04-22 13:28:05,998 643418 WARNING MASTER_BASE_DEMO_STD_V10 odoo.http: Connection pool near capacity: 87/100
2026-04-22 13:28:06,993 643419 WARNING PROD_DB_01 odoo.http: Memory usage high: 70%
2026-04-22 13:28:08,880 643417 INFO PROD_DB_01 odoo.service.server: Registry loaded for database PROD_DB_01
2026-04-22 13:28:09,821 643419 WARNING PROD_DB_01 odoo.sql_db: Connection pool near capacity: 85/100
2026-04-22 13:28:10,233 643415 INFO MASTER_BASE_DEMO_STD_V10 odoo.modules.loading: HTTP POST /web/dataset/call_kw/res.partner/read HTTP/1.1 200
2026-04-22 13:28:12,258 643420 DEBUG MASTER_BASE_DEMO_STD_V10 odoo.sql_db: Cache lookup for user 98
2026-04-22 13:28:14,326 643415 ERROR MASTER_BASE_DEMO_STD_V10 werkzeug: psycopg2.OperationalError: connection to server failed
2026-04-22 13:28:14,509 643416 INFO ? odoo.service.server: Module base loaded in 0.277s
2026-04-22 13:28:16,123 643420 INFO MASTER_BASE_DEMO_STD_V10 werkzeug: HTTP POST /web/dataset/call_kw/res.partner/read HTTP/1.1 200
2026-04-22 13:28:17,486 643419 INFO ? werkzeug: Registry loaded for database ?
2026-04-22 13:28:19,409 643418 INFO ? odoo.service.server: Module base loaded in 0.639s
2026-04-22 13:28:22,385 643420 ERROR ? odoo.http: psycopg2.OperationalError: connection to server failed
2026-04-22 13:28:24,370 643420 WARNING MASTER_BASE_DEMO_STD_V10 odoo.http: Memory usage high: 88%
2026-04-22 13:28:26,268 643420 INFO ? odoo.http: Module base loaded in 1.971s
2026-04-22 13:28:27,468 643419 ERROR MASTER_BASE_DEMO_STD_V10 odoo.service.server: AccessError: You do not have access rights to write on res.partner
2026-04-22 13:28:28,407 643420 WARNING MASTER_BASE_DEMO_STD_V10 odoo.service.server: Slow query detected: 2.85s
2026-04-22 13:28:28,667 643418 INFO PROD_DB_01 odoo.addons.base: Registry loaded for database PROD_DB_01
2026-04-22 13:28:29,147 643415 INFO ? odoo.addons.base: Module base loaded in 2.215s
2026-04-22 13:28:31,956 643417 DEBUG ? odoo.modules.registry: Cache lookup for user 66
2026-04-22 13:28:32,687 643416 INFO MASTER_BASE_DEMO_STD_V10 odoo.http: Request from 192.168.1.130 processed in 177ms
2026-04-22 13:28:35,112 643416 INFO PROD_DB_01 werkzeug: Request from 192.168.1.136 processed in 444ms
2026-04-22 13:28:36,714 643418 DEBUG MASTER_BASE_DEMO_STD_V10 odoo.addons.base.models: SELECT id, name FROM res_partner WHERE active = true LIMIT 80
2026-04-22 13:28:38,891 643416 INFO ? odoo.addons.base: Registry loaded for database ?
2026-04-22 13:28:40,809 643418 INFO PROD_DB_01 werkzeug: HTTP POST /web/dataset/call_kw/res.partner/read HTTP/1.1 200
2026-04-22 13:28:41,450 643418 INFO ? werkzeug: Registry loaded for database ?
2026-04-22 13:28:44,244 643415 WARNING MASTER_BASE_DEMO_STD_V10 werkzeug: Slow query detected: 4.16s
2026-04-22 13:28:46,739 643419 INFO MASTER_BASE_DEMO_STD_V10 odoo.service.server: Module base loaded in 2.299s
2026-04-22 13:28:47,460 643416 INFO MASTER_BASE_DEMO_STD_V10 odoo.service.server: Worker (643416) serving request count: 28, registry count: 1.
2026-04-22 13:28:48,656 643417 INFO ? odoo.service.server: Module base loaded in 1.458s
2026-04-22 13:28:49,634 643420 DEBUG MASTER_BASE_DEMO_STD_V10 odoo.modules.registry: Registry cache hit for model res.users
2026-04-22 13:28:51,080 643416 INFO ? odoo.http: Worker (643416) serving request count: 77, registry count: 1.
2026-04-22 13:28:52,537 643419 INFO MASTER_BASE_DEMO_STD_V10 odoo.service.server: HTTP POST /web/dataset/call_kw/res.partner/read HTTP/1.1 200
2026-04-22 13:28:53,763 643417 INFO PROD_DB_01 odoo.modules.loading: HTTP POST /web/dataset/call_kw/res.partner/read HTTP/1.1 200
2026-04-22 13:28:54,861 643415 INFO PROD_DB_01 odoo.http: Module base loaded in 2.025s
2026-04-22 13:28:56,729 643416 INFO PROD_DB_01 odoo.modules.loading: Registry loaded for database PROD_DB_01
2026-04-22 13:28:58,950 643419 DEBUG ? odoo.addons.base.models: Registry cache hit for model res.users
2026-04-22 13:28:59,936 643415 DEBUG MASTER_BASE_DEMO_STD_V10 odoo.sql_db: Cache lookup for user 10
2026-04-22 13:29:00,367 643415 DEBUG PROD_DB_01 odoo.addons.base.models: Registry cache hit for model res.users
2026-04-22 13:29:02,779 643419 DEBUG ? odoo.addons.base.models: Registry cache hit for model res.users
2026-04-22 13:29:04,864 643419 INFO MASTER_BASE_DEMO_STD_V10 odoo.http: Registry loaded for database MASTER_BASE_DEMO_STD_V10
2026-04-22 13:29:07,274 643416 WARNING ? werkzeug: Deprecated method called in module sale
2026-04-22 13:29:08,121 643416 WARNING MASTER_BASE_DEMO_STD_V10 werkzeug: Deprecated method called in module sale
2026-04-22 13:29:10,329 643416 INFO PROD_DB_01 odoo.service.server: Worker (643416) serving request count: 3, registry count: 1.
2026-04-22 13:29:13,259 643420 DEBUG MASTER_BASE_DEMO_STD_V10 odoo.sql_db: Query time: 0.0364s
2026-04-22 13:29:14,810 643417 ERROR MASTER_BASE_DEMO_STD_V10 werkzeug: HTTP 500 Internal Server Error on /web/action/load
2026-04-22 13:29:16,900 643419 DEBUG MASTER_BASE_DEMO_STD_V10 odoo.sql_db: Cache lookup for user 35
2026-04-22 13:29:17,489 643418 WARNING PROD_DB_01 odoo.sql_db: Memory usage high: 75%
2026-04-22 13:29:20,326 643420 DEBUG PROD_DB_01 odoo.modules.registry: Registry cache hit for model res.users
2026-04-22 13:29:22,007 643420 INFO PROD_DB_01 odoo.http: HTTP POST /web/dataset/call_kw/res.partner/read HTTP/1.1 200
2026-04-22 13:29:24,136 643417 ERROR MASTER_BASE_DEMO_STD_V10 odoo.http: Traceback (most recent call last):
  File "/odoo/odoo/http.py", line 1234, in dispatch
    return self._dispatch()
ValueError: invalid literal for int() with base 10
2026-04-22 13:29:26,376 643418 DEBUG MASTER_BASE_DEMO_STD_V10 odoo.modules.registry: Query time: 0.0034s
2026-04-22 13:29:28,250 643417 CRITICAL MASTER_BASE_DEMO_STD_V10 odoo.service.server: Failed to load registry for MASTER_BASE_DEMO_STD_V10: database does not exist
2026-04-22 13:29:29,943 643416 INFO PROD_DB_01 odoo.addons.base: Registry loaded for database PROD_DB_01
2026-04-22 13:29:30,384 643415 INFO MASTER_BASE_DEMO_STD_V10 odoo.addons.base: Registry loaded for database MASTER_BASE_DEMO_STD_V10
2026-04-22 13:29:30,975 643420 INFO MASTER_BASE_DEMO_STD_V10 odoo.http: HTTP POST /web/dataset/call_kw/res.partner/read HTTP/1.1 200
2026-04-22 13:29:33,276 643416 DEBUG PROD_DB_01 odoo.sql_db: Registry cache hit for model res.users
2026-04-22 13:29:35,169 643419 WARNING PROD_DB_01 odoo.http: Slow query detected: 4.14s
2026-04-22 13:29:35,641 643419 INFO PROD_DB_01 odoo.http: Worker (643419) serving request count: 10, registry count: 1.
2026-04-22 13:29:38,336 643419 INFO PROD_DB_01 odoo.addons.base: Registry loaded for database PROD_DB_01
2026-04-22 13:29:41,236 643417 WARNING PROD_DB_01 odoo.http: Memory usage high: 77%
2026-04-22 13:29:42,864 643416 INFO MASTER_BASE_DEMO_STD_V10 odoo.addons.base: Worker (643416) serving request count: 31, registry count: 1.
2026-04-22 13:29:45,589 643417 DEBUG ? odoo.addons.base.models: Cache lookup for user 98
2026-04-22 13:29:47,527 643420 INFO PROD_DB_01 odoo.http: Module base loaded in 0.574s
2026-04-22 13:29:50,127 643417 ERROR ? odoo.http: AccessError: You do not have access rights to write on res.partner
2026-04-22 13:29:52,128 643417 INFO ? odoo.http: Request from 192.168.1.58 processed in 462ms
2026-04-22 13:29:54,690 643416 ERROR MASTER_BASE_DEMO_STD_V10 odoo.http: HTTP 500 Internal Server Error on /web/action/load
2026-04-22 13:29:57,391 643419 INFO PROD_DB_01 odoo.modules.loading: Request from 192.168.1.76 processed in 246ms
2026-04-22 13:29:57,566 643420 DEBUG PROD_DB_01 odoo.sql_db: Query time: 0.0305s
2026-04-22 13:29:58,550 643418 INFO MASTER_BASE_DEMO_STD_V10 odoo.http: Worker (643418) serving request count: 52, registry count: 1.
2026-04-22 13:30:00,099 643416 INFO MASTER_BASE_DEMO_STD_V10 odoo.service.server: HTTP POST /web/dataset/call_kw/res.partner/read HTTP/1.1 200
2026-04-22 13:30:03,089 643415 ERROR MASTER_BASE_DEMO_STD_V10 odoo.sql_db: HTTP 500 Internal Server Error on /web/action/load
2026-04-22 13:30:05,050 643416 INFO MASTER_BASE_DEMO_STD_V10 werkzeug: Request from 192.168.1.48 processed in 424ms
2026-04-22 13:30:07,112 643417 ERROR PROD_DB_01 werkzeug: psycopg2.OperationalError: connection to server failed
2026-04-22 13:30:09,759 643415 INFO PROD_DB_01 odoo.modules.loading: Module base loaded in 0.622s
2026-04-22 13:30:11,969 643419 CRITICAL PROD_DB_01 odoo.service.server: Worker 643419 killed after timeout
2026-04-22 13:30:12,689 643417 INFO MASTER_BASE_DEMO_STD_V10 odoo.http: Registry loaded for database MASTER_BASE_DEMO_STD_V10
2026-04-22 13:30:13,076 643418 CRITICAL MASTER_BASE_DEMO_STD_V10 odoo.service.server: Out of memory: killing worker
2026-04-22 13:30:13,817 643415 INFO MASTER_BASE_DEMO_STD_V10 odoo.http: Module base loaded in 0.667s
2026-04-22 13:30:14,041 643415 DEBUG MASTER_BASE_DEMO_STD_V10 odoo.addons.base.models: SELECT id, name FROM res_partner WHERE active = true LIMIT 80
2026-04-22 13:30:16,696 643420 INFO PROD_DB_01 werkzeug: Worker (643420) serving request count: 83, registry count: 1.
2026-04-22 13:30:18,807 643418 INFO PROD_DB_01 odoo.http: Module base loaded in 1.815s
2026-04-22 13:30:21,483 643416 INFO ? odoo.addons.base: Request from 192.168.1.127 processed in 311ms
2026-04-22 13:30:23,306 643420 INFO PROD_DB_01 odoo.http: Module base loaded in 1.593s
2026-04-22 13:30:26,157 643416 DEBUG MASTER_BASE_DEMO_STD_V10 odoo.modules.registry: Registry cache hit for model res.users
2026-04-22 13:30:27,627 643420 INFO ? odoo.addons.base: Worker (643420) serving request count: 43, registry count: 1.
2026-04-22 13:30:28,080 643419 ERROR MASTER_BASE_DEMO_STD_V10 odoo.sql_db: AccessError: You do not have access rights to write on res.partner
2026-04-22 13:30:29,265 643416 INFO MASTER_BASE_DEMO_STD_V10 odoo.service.server: Worker (643416) serving request count: 55, registry count: 1.
2026-04-22 13:30:30,515 643416 WARNING PROD_DB_01 odoo.sql_db: Memory usage high: 76%
2026-04-22 13:30:30,790 643416 INFO PROD_DB_01 odoo.service.server: Worker (643416) serving request count: 10, registry count: 1.
2026-04-22 13:30:31,380 643416 INFO MASTER_BASE_DEMO_STD_V10 werkzeug: Module base loaded in 2.373s
2026-04-22 13:30:33,472 643419 INFO PROD_DB_01 odoo.service.server: Module base loaded in 2.249s
2026-04-22 13:30:35,132 643417 INFO MASTER_BASE_DEMO_STD_V10 odoo.addons.base: Request from 192.168.1.159 processed in 85ms
2026-04-22 13:30:36,495 643416 INFO MASTER_BASE_DEMO_STD_V10 werkzeug: Worker (643416) serving request count: 10, registry count: 1.
2026-04-22 13:30:37,959 643420 ERROR PROD_DB_01 odoo.http: HTTP 500 Internal Server Error on /web/action/load
2026-04-22 13:30:39,049 643419 ERROR MASTER_BASE_DEMO_STD_V10 werkzeug: psycopg2.OperationalError: connection to server failed
2026-04-22 13:30:41,933 643417 INFO PROD_DB_01 odoo.http: Registry loaded for database PROD_DB_01
2026-04-22 13:30:42,927 643418 INFO MASTER_BASE_DEMO_STD_V10 odoo.http: Registry loaded for database MASTER_BASE_DEMO_STD_V10
2026-04-22 13:30:44,658 643415 INFO MASTER_BASE_DEMO_STD_V10 odoo.addons.base: Module base loaded in 1.138s
2026-04-22 13:30:44,745 643416 WARNING MASTER_BASE_DEMO_STD_V10 werkzeug: Deprecated method called in module sale
2026-04-22 13:30:45,425 643417 INFO ? odoo.addons.base: HTTP POST /web/dataset/call_kw/res.partner/read HTTP/1.1 200
2026-04-22 13:30:47,361 643418 WARNING PROD_DB_01 odoo.http: Deprecated method called in module sale
2026-04-22 13:30:49,839 643420 INFO MASTER_BASE_DEMO_STD_V10 odoo.service.server: Request from 192.168.1.235 processed in 150ms
2026-04-22 13:30:50,775 643415 DEBUG ? odoo.addons.base.models: SELECT id, name FROM res_partner WHERE active = true LIMIT 80
2026-04-22 13:30:53,257 643419 INFO PROD_DB_01 werkzeug: HTTP POST /web/dataset/call_kw/res.partner/read HTTP/1.1 200
2026-04-22 13:30:53,773 643419 INFO ? odoo.addons.base: Module base loaded in 1.366s
2026-04-22 13:30:56,263 643418 INFO PROD_DB_01 odoo.service.server: Registry loaded for database PROD_DB_01
2026-04-22 13:30:58,509 643419 WARNING ? werkzeug: Memory usage high: 70%
2026-04-22 13:31:01,485 643416 INFO MASTER_BASE_DEMO_STD_V10 odoo.addons.base: Module base loaded in 2.365s
2026-04-22 13:31:02,167 643418 DEBUG ? odoo.sql_db: SELECT id, name FROM res_partner WHERE active = true LIMIT 80
2026-04-22 13:31:04,329 643418 INFO MASTER_BASE_DEMO_STD_V10 odoo.addons.base: Registry loaded for database MASTER_BASE_DEMO_STD_V10
2026-04-22 13:31:06,830 643419 DEBUG PROD_DB_01 odoo.sql_db: Query time: 0.0324s
2026-04-22 13:31:09,127 643419 INFO ? odoo.service.server: Request from 192.168.1.67 processed in 203ms
2026-04-22 13:31:10,729 643418 INFO ? werkzeug: Registry loaded for database ?
2026-04-22 13:31:11,123 643415 INFO PROD_DB_01 werkzeug: Module base loaded in 1.558s
2026-04-22 13:31:12,021 643418 CRITICAL MASTER_BASE_DEMO_STD_V10 odoo.service.server: Failed to load registry for MASTER_BASE_DEMO_STD_V10: database does not exist
2026-04-22 13:31:12,270 643419 ERROR ? odoo.http: Traceback (most recent call last):
  File "/odoo/odoo/http.py", line 1234, in dispatch
    return self._dispatch()
ValueError: invalid literal for int() with base 10
2026-04-22 13:31:15,268 643415 INFO PROD_DB_01 odoo.addons.base: Worker (643415) serving request count: 45, registry count: 1.
2026-04-22 13:31:17,241 643416 DEBUG ? odoo.sql_db: SELECT id, name FROM res_partner WHERE active = true LIMIT 80
2026-04-22 13:31:19,319 643418 DEBUG ? odoo.sql_db: Cache lookup for user 21
2026-04-22 13:31:20,889 643415 INFO ? odoo.modules.loading: Request from 192.168.1.4 processed in 441ms
2026-04-22 13:31:22,474 643416 ERROR PROD_DB_01 odoo.service.server: HTTP 500 Internal Server Error on /web/action/load
2026-04-22 13:31:25,219 643415 INFO PROD_DB_01 odoo.http: Request from 192.168.1.152 processed in 21ms
2026-04-22 13:31:27,577 643420 DEBUG MASTER_BASE_DEMO_STD_V10 odoo.addons.base.models: Cache lookup for user 52
2026-04-22 13:31:29,758 643416 INFO MASTER_BASE_DEMO_STD_V10 odoo.http: Worker (643416) serving request count: 51, registry count: 1.
2026-04-22 13:31:30,826 643417 INFO MASTER_BASE_DEMO_STD_V10 odoo.service.server: Module base loaded in 0.799s
2026-04-22 13:31:33,395 643416 INFO MASTER_BASE_DEMO_STD_V10 odoo.service.server: Registry loaded for database MASTER_BASE_DEMO_STD_V10
2026-04-22 13:31:35,764 643419 ERROR ? odoo.service.server: HTTP 500 Internal Server Error on /web/action/load
2026-04-22 13:31:37,401 643418 INFO ? odoo.modules.loading: Registry loaded for database ?
2026-04-22 13:31:38,046 643416 INFO ? odoo.http: Worker (643416) serving request count: 8, registry count: 1.
2026-04-22 13:31:38,249 643416 INFO PROD_DB_01 odoo.service.server: Request from 192.168.1.96 processed in 200ms
2026-04-22 13:31:39,771 643416 INFO PROD_DB_01 odoo.addons.base: Request from 192.168.1.145 processed in 382ms
2026-04-22 13:31:42,397 643419 INFO MASTER_BASE_DEMO_STD_V10 odoo.http: HTTP POST /web/dataset/call_kw/res.partner/read HTTP/1.1 200
2026-04-22 13:31:43,183 643415 INFO MASTER_BASE_DEMO_STD_V10 werkzeug: Registry loaded for database MASTER_BASE_DEMO_STD_V10
2026-04-22 13:31:45,748 643420 INFO ? odoo.modules.loading: Registry loaded for database ?
2026-04-22 13:31:47,120 643419 WARNING PROD_DB_01 odoo.service.server: Slow query detected: 2.56s
2026-04-22 13:31:50,012 643417 DEBUG PROD_DB_01 odoo.addons.base.models: Registry cache hit for model res.users
2026-04-22 13:31:50,350 643420 INFO ? odoo.modules.loading: Worker (643420) serving request count: 39, registry count: 1.
2026-04-22 13:31:50,850 643415 ERROR MASTER_BASE_DEMO_STD_V10 odoo.http: AccessError: You do not have access rights to write on res.partner
2026-04-22 13:31:52,459 643420 DEBUG MASTER_BASE_DEMO_STD_V10 odoo.modules.registry: Registry cache hit for model res.users
2026-04-22 13:31:54,859 643420 INFO ? odoo.service.server: Request from 192.168.1.7 processed in 140ms
2026-04-22 13:31:57,234 643419 WARNING MASTER_BASE_DEMO_STD_V10 odoo.sql_db: Memory usage high: 80%
2026-04-22 13:32:00,055 643420 DEBUG PROD_DB_01 odoo.addons.base.models: Registry cache hit for model res.users
2026-04-22 13:32:00,364 643417 ERROR MASTER_BASE_DEMO_STD_V10 odoo.service.server: psycopg2.OperationalError: connection to server failed
2026-04-22 13:32:00,795 643417 INFO MASTER_BASE_DEMO_STD_V10 odoo.addons.base: Module base loaded in 1.620s
2026-04-22 13:32:02,245 643415 ERROR MASTER_BASE_DEMO_STD_V10 odoo.http: HTTP 500 Internal Server Error on /web/action/load
2026-04-22 13:32:02,769 643420 INFO MASTER_BASE_DEMO_STD_V10 odoo.http: Registry loaded for database MASTER_BASE_DEMO_STD_V10
2026-04-22 13:32:05,164 643415 DEBUG MASTER_BASE_DEMO_STD_V10 odoo.modules.registry: Cache lookup for user 38
2026-04-22 13:32:06,085 643419 INFO MASTER_BASE_DEMO_STD_V10 odoo.service.server: Registry loaded for database MASTER_BASE_DEMO_STD_V10
2026-04-22 13:32:07,424 643417 INFO MASTER_BASE_DEMO_STD_V10 werkzeug: Request from 192.168.1.84 processed in 343ms
2026-04-22 13:32:08,570 643418 INFO MASTER_BASE_DEMO_STD_V10 werkzeug: HTTP POST /web/dataset/call_kw/res.partner/read HTTP/1.1 200
2026-04-22 13:32:10,462 643419 INFO MASTER_BASE_DEMO_STD_V10 odoo.modules.loading: HTTP POST /web/dataset/call_kw/res.partner/read HTTP/1.1 200
2026-04-22 13:32:10,876 643417 INFO ? odoo.http: Worker (643417) serving request count: 50, registry count: 1.
2026-04-22 13:32:12,772 643418 INFO MASTER_BASE_DEMO_STD_V10 odoo.addons.base: Registry loaded for database MASTER_BASE_DEMO_STD_V10
2026-04-22 13:32:13,180 643416 DEBUG MASTER_BASE_DEMO_STD_V10 odoo.sql_db: Cache lookup for user 69
2026-04-22 13:32:14,591 643420 INFO MASTER_BASE_DEMO_STD_V10 odoo.modules.loading: Module base loaded in 0.190s
2026-04-22 13:32:14,892 643415 INFO PROD_DB_01 odoo.addons.base: HTTP POST /web/dataset/call_kw/res.partner/read HTTP/1.1 200
2026-04-22 13:32:17,545 643418 DEBUG PROD_DB_01 odoo.addons.base.models: Cache lookup for user 9
2026-04-22 13:32:20,255 643415 INFO MASTER_BASE_DEMO_STD_V10 odoo.service.server: Request from 192.168.1.253 processed in 32ms
2026-04-22 13:32:22,125 643415 INFO MASTER_BASE_DEMO_STD_V10 werkzeug: Worker (643415) serving request count: 40, registry count: 1.
2026-04-22 13:32:23,994 643415 INFO MASTER_BASE_DEMO_STD_V10 odoo.service.server: Registry loaded for database MASTER_BASE_DEMO_STD_V10
2026-04-22 13:32:24,193 643415 INFO MASTER_BASE_DEMO_STD_V10 odoo.modules.loading: Request from 192.168.1.237 processed in 52ms
2026-04-22 13:32:25,611 643417 WARNING ? werkzeug: Connection pool near capacity: 87/100
2026-04-22 13:32:27,973 643420 DEBUG PROD_DB_01 odoo.modules.registry: SELECT id, name FROM res_partner WHERE active = true LIMIT 80
2026-04-22 13:32:30,807 643418 INFO MASTER_BASE_DEMO_STD_V10 odoo.modules.loading: Request from 192.168.1.93 processed in 129ms
2026-04-22 13:32:33,385 643417 DEBUG MASTER_BASE_DEMO_STD_V10 odoo.modules.registry: Registry cache hit for model res.users
2026-04-22 13:32:35,015 643420 DEBUG ? odoo.addons.base.models: SELECT id, name FROM res_partner WHERE active = true LIMIT 80
2026-04-22 13:32:35,951 643418 ERROR PROD_DB_01 werkzeug: Traceback (most recent call last):
  File "/odoo/odoo/http.py", line 1234, in dispatch
    return self._dispatch()
ValueError: invalid literal for int() with base 10
2026-04-22 13:32:38,075 643417 INFO MASTER_BASE_DEMO_STD_V10 odoo.modules.loading: HTTP POST /web/dataset/call_kw/res.partner/read HTTP/1.1 200
2026-04-22 13:32:39,474 643418 ERROR MASTER_BASE_DEMO_STD_V10 odoo.http: AccessError: You do not have access rights to write on res.partner
2026-04-22 13:32:41,113 643420 DEBUG MASTER_BASE_DEMO_STD_V10 odoo.modules.registry: Query time: 0.0354s
2026-04-22 13:32:41,985 643419 WARNING ? werkzeug: Deprecated method called in module sale
2026-04-22 13:32:43,525 643417 DEBUG MASTER_BASE_DEMO_STD_V10 odoo.modules.registry: Cache lookup for user 41
2026-04-22 13:32:44,088 643419 INFO MASTER_BASE_DEMO_STD_V10 werkzeug: HTTP POST /web/dataset/call_kw/res.partner/read HTTP/1.1 200
2026-04-22 13:32:46,646 643419 INFO PROD_DB_01 odoo.http: HTTP POST /web/dataset/call_kw/res.partner/read HTTP/1.1 200
2026-04-22 13:32:49,538 643419 DEBUG MASTER_BASE_DEMO_STD_V10 odoo.sql_db: Query time: 0.0470s
2026-04-22 13:32:51,578 643417 INFO MASTER_BASE_DEMO_STD_V10 odoo.addons.base: Registry loaded for database MASTER_BASE_DEMO_STD_V10
2026-04-22 13:32:52,033 643420 DEBUG ? odoo.modules.registry: Registry cache hit for model res.users
2026-04-22 13:32:53,402 643417 INFO MASTER_BASE_DEMO_STD_V10 odoo.http: Request from 192.168.1.7 processed in 323ms
2026-04-22 13:32:53,648 643415 DEBUG MASTER_BASE_DEMO_STD_V10 odoo.addons.base.models: SELECT id, name FROM res_partner WHERE active = true LIMIT 80
2026-04-22 13:32:55,435 643417 INFO MASTER_BASE_DEMO_STD_V10 odoo.addons.base: Module base loaded in 0.719s
2026-04-22 13:32:58,038 643420 DEBUG MASTER_BASE_DEMO_STD_V10 odoo.sql_db: SELECT id, name FROM res_partner WHERE active = true LIMIT 80
2026-04-22 13:33:00,842 643415 DEBUG MASTER_BASE_DEMO_STD_V10 odoo.addons.base.models: Query time: 0.0384s
2026-04-22 13:33:02,429 643420 WARNING MASTER_BASE_DEMO_STD_V10 werkzeug: Deprecated method called in module sale
2026-04-22 13:33:03,559 643415 DEBUG MASTER_BASE_DEMO_STD_V10 odoo.modules.registry: Registry cache hit for model res.users
2026-04-22 13:33:05,299 643420 WARNING PROD_DB_01 odoo.service.server: Slow query detected: 4.04s
2026-04-22 13:33:05,643 643416 WARNING MASTER_BASE_DEMO_STD_V10 odoo.http: Memory usage high: 72%
2026-04-22 13:33:06,190 643417 INFO MASTER_BASE_DEMO_STD_V10 odoo.modules.loading: Module base loaded in 0.555s
2026-04-22 13:33:09,067 643415 DEBUG MASTER_BASE_DEMO_STD_V10 odoo.modules.registry: SELECT id, name FROM res_partner WHERE active = true LIMIT 80
2026-04-22 13:33:11,011 643418 INFO MASTER_BASE_DEMO_STD_V10 odoo.modules.loading: HTTP POST /web/dataset/call_kw/res.partner/read HTTP/1.1 200
2026-04-22 13:33:11,995 643420 DEBUG PROD_DB_01 odoo.sql_db: Registry cache hit for model res.users
2026-04-22 13:33:13,692 643420 WARNING MASTER_BASE_DEMO_STD_V10 odoo.http: Connection pool near capacity: 87/100
2026-04-22 13:33:16,300 643419 DEBUG MASTER_BASE_DEMO_STD_V10 odoo.sql_db: Cache lookup for user 79
2026-04-22 13:33:17,407 643417 INFO PROD_DB_01 odoo.modules.loading: HTTP POST /web/dataset/call_kw/res.partner/read HTTP/1.1 200
2026-04-22 13:33:19,534 643418 INFO MASTER_BASE_DEMO_STD_V10 odoo.service.server: Registry loaded for database MASTER_BASE_DEMO_STD_V10
2026-04-22 13:33:19,683 643417 DEBUG MASTER_BASE_DEMO_STD_V10 odoo.modules.registry: SELECT id, name FROM res_partner WHERE active = true LIMIT 80
2026-04-22 13:33:21,032 643417 DEBUG MASTER_BASE_DEMO_STD_V10 odoo.addons.base.models: Registry cache hit for model res.users
2026-04-22 13:33:23,255 643418 INFO MASTER_BASE_DEMO_STD_V10 odoo.modules.loading: Worker (643418) serving request count: 74, registry count: 1.
2026-04-22 13:33:26,226 643415 DEBUG ? odoo.sql_db: Cache lookup for user 15
2026-04-22 13:33:27,901 643416 INFO MASTER_BASE_DEMO_STD_V10 odoo.modules.loading: Request from 192.168.1.38 processed in 102ms
2026-04-22 13:33:27,978 643419 INFO PROD_DB_01 odoo.http: Registry loaded for database PROD_DB_01
2026-04-22 13:33:28,959 643418 DEBUG MASTER_BASE_DEMO_STD_V10 odoo.addons.base.models: Query time: 0.0417s
2026-04-22 13:33:29,285 643417 DEBUG MASTER_BASE_DEMO_STD_V10 odoo.modules.registry: SELECT id, name FROM res_partner WHERE active = true LIMIT 80
2026-04-22 13:33:29,598 643415 INFO MASTER_BASE_DEMO_STD_V10 werkzeug: HTTP POST /web/dataset/call_kw/res.partner/read HTTP/1.1 200
2026-04-22 13:33:30,255 643418 ERROR ? werkzeug: AccessError: You do not have access rights to write on res.partner
2026-04-22 13:33:30,728 643415 INFO PROD_DB_01 odoo.modules.loading: HTTP POST /web/dataset/call_kw/res.partner/read HTTP/1.1 200
2026-04-22 13:33:32,258 643415 INFO MASTER_BASE_DEMO_STD_V10 odoo.service.server: HTTP POST /web/dataset/call_kw/res.partner/read HTTP/1.1 200
2026-04-22 13:33:34,881 643416 INFO MASTER_BASE_DEMO_STD_V10 odoo.addons.base: Request from 192.168.1.120 processed in 119ms
2026-04-22 13:33:37,728 643418 DEBUG MASTER_BASE_DEMO_STD_V10 odoo.sql_db: Registry cache hit for model res.users
2026-04-22 13:33:39,526 643420 CRITICAL PROD_DB_01 odoo.service.server: Out of memory: killing worker
2026-04-22 13:33:40,187 643417 INFO ? odoo.modules.loading: Request from 192.168.1.2 processed in 37ms
2026-04-22 13:33:41,445 643419 INFO ? odoo.http: Worker (643419) serving request count: 9, registry count: 1.
2026-04-22 13:33:44,006 643418 DEBUG MASTER_BASE_DEMO_STD_V10 odoo.addons.base.models: Registry cache hit for model res.users
2026-04-22 13:33:45,396 643419 INFO MASTER_BASE_DEMO_STD_V10 odoo.service.server: Request from 192.168.1.5 processed in 494ms
2026-04-22 13:33:45,916 643419 DEBUG PROD_DB_01 odoo.addons.base.models: Registry cache hit for model res.users
2026-04-22 13:33:48,792 643416 INFO MASTER_BASE_DEMO_STD_V10 werkzeug: Module base loaded in 0.410s
2026-04-22 13:33:49,470 643415 DEBUG MASTER_BASE_DEMO_STD_V10 odoo.sql_db: Query time: 0.0356s
2026-04-22 13:33:50,103 643420 WARNING PROD_DB_01 odoo.http: Deprecated method called in module sale
2026-04-22 13:33:52,500 643418 INFO MASTER_BASE_DEMO_STD_V10 odoo.addons.base: Worker (643418) serving request count: 54, registry count: 1.
2026-04-22 13:33:54,278 643415 WARNING ? werkzeug: Deprecated method called in module sale
2026-04-22 13:33:55,173 643416 WARNING PROD_DB_01 odoo.service.server: Deprecated method called in module sale
2026-04-22 13:33:55,630 643418 INFO PROD_DB_01 odoo.addons.base: Module base loaded in 1.746s
2026-04-22 13:33:57,036 643417 DEBUG MASTER_BASE_DEMO_STD_V10 odoo.modules.registry: Cache lookup for user 13
2026-04-22 13:33:58,312 643418 INFO ? odoo.modules.loading: Request from 192.168.1.133 processed in 6ms
2026-04-22 13:33:59,831 643415 INFO MASTER_BASE_DEMO_STD_V10 odoo.addons.base: Registry loaded for database MASTER_BASE_DEMO_STD_V10
2026-04-22 13:34:02,825 643415 WARNING MASTER_BASE_DEMO_STD_V10 odoo.service.server: Slow query detected: 4.43s
2026-04-22 13:34:03,876 643420 DEBUG MASTER_BASE_DEMO_STD_V10 odoo.addons.base.models: SELECT id, name FROM res_partner WHERE active = true LIMIT 80
2026-04-22 13:34:05,987 643417 WARNING MASTER_BASE_DEMO_STD_V10 werkzeug: Connection pool near capacity: 89/100
2026-04-22 13:34:06,271 643417 ERROR PROD_DB_01 werkzeug: AccessError: You do not have access rights to write on res.partner
2026-04-22 13:34:07,713 643416 DEBUG MASTER_BASE_DEMO_STD_V10 odoo.addons.base.models: SELECT id, name FROM res_partner WHERE active = true LIMIT 80
2026-04-22 13:34:08,237 643415 ERROR MASTER_BASE_DEMO_STD_V10 odoo.service.server: HTTP 500 Internal Server Error on /web/action/load
2026-04-22 13:34:11,096 643419 INFO MASTER_BASE_DEMO_STD_V10 werkzeug: Worker (643419) serving request count: 70, registry count: 1.
2026-04-22 13:34:11,311 643418 INFO ? odoo.http: Request from 192.168.1.137 processed in 305ms
2026-04-22 13:34:12,830 643417 WARNING MASTER_BASE_DEMO_STD_V10 werkzeug: Connection pool near capacity: 93/100
2026-04-22 13:34:13,609 643416 DEBUG MASTER_BASE_DEMO_STD_V10 odoo.modules.registry: Query time: 0.0479s
2026-04-22 13:34:15,151 643420 DEBUG MASTER_BASE_DEMO_STD_V10 odoo.sql_db: Cache lookup for user 46
2026-04-22 13:34:16,516 643418 INFO MASTER_BASE_DEMO_STD_V10 odoo.service.server: HTTP POST /web/dataset/call_kw/res.partner/read HTTP/1.1 200
2026-04-22 13:34:16,641 643416 DEBUG PROD_DB_01 odoo.modules.registry: Cache lookup for user 19
2026-04-22 13:34:18,022 643417 WARNING MASTER_BASE_DEMO_STD_V10 odoo.sql_db: Connection pool near capacity: 80/100
2026-04-22 13:34:20,408 643419 INFO MASTER_BASE_DEMO_STD_V10 odoo.service.server: Worker (643419) serving request count: 85, registry count: 1.
2026-04-22 13:34:20,934 643416 WARNING MASTER_BASE_DEMO_STD_V10 werkzeug: Deprecated method called in module sale
2026-04-22 13:34:21,785 643419 INFO ? odoo.service.server: HTTP POST /web/dataset/call_kw/res.partner/read HTTP/1.1 200
2026-04-22 13:34:24,363 643419 DEBUG MASTER_BASE_DEMO_STD_V10 odoo.addons.base.models: Query time: 0.0494s
2026-04-22 13:34:24,846 643418 DEBUG MASTER_BASE_DEMO_STD_V10 odoo.addons.base.models: Cache lookup for user 78
2026-04-22 13:34:27,330 643419 INFO MASTER_BASE_DEMO_STD_V10 odoo.http: Worker (643419) serving request count: 7, registry count: 1.
2026-04-22 13:34:29,513 643416 DEBUG PROD_DB_01 odoo.sql_db: Cache lookup for user 94
2026-04-22 13:34:32,233 643419 INFO PROD_DB_01 odoo.modules.loading: Worker (643419) serving request count: 60, registry count: 1.
2026-04-22 13:34:35,198 643415 ERROR MASTER_BASE_DEMO_STD_V10 odoo.sql_db: AccessError: You do not have access rights to write on res.partner
2026-04-22 13:34:37,281 643416 DEBUG PROD_DB_01 odoo.modules.registry: Query time: 0.0163s
2026-04-22 13:34:38,466 643417 INFO MASTER_BASE_DEMO_STD_V10 werkzeug: Worker (643417) serving request count: 22, registry count: 1.
2026-04-22 13:34:41,138 643418 WARNING PROD_DB_01 odoo.service.server: Connection pool near capacity: 89/100
2026-04-22 13:34:41,634 643419 DEBUG MASTER_BASE_DEMO_STD_V10 odoo.addons.base.models: Registry cache hit for model res.users
2026-04-22 13:34:43,796 643419 INFO MASTER_BASE_DEMO_STD_V10 werkzeug: Registry loaded for database MASTER_BASE_DEMO_STD_V10
2026-04-22 13:34:45,919 643417 WARNING ? odoo.http: Memory usage high: 80%
2026-04-22 13:34:48,230 643420 INFO ? odoo.addons.base: Request from 192.168.1.80 processed in 426ms
2026-04-22 13:34:51,120 643418 INFO ? odoo.service.server: Registry loaded for database ?
2026-04-22 13:34:53,980 643415 DEBUG MASTER_BASE_DEMO_STD_V10 odoo.modules.registry: SELECT id, name FROM res_partner WHERE active = true LIMIT 80
2026-04-22 13:34:56,110 643418 INFO ? odoo.addons.base: HTTP POST /web/dataset/call_kw/res.partner/read HTTP/1.1 200
2026-04-22 13:34:57,317 643417 INFO MASTER_BASE_DEMO_STD_V10 werkzeug: HTTP POST /web/dataset/call_kw/res.partner/read HTTP/1.1 200
2026-04-22 13:35:00,160 643417 WARNING MASTER_BASE_DEMO_STD_V10 odoo.http: Connection pool near capacity: 84/100
2026-04-22 13:35:00,859 643416 INFO PROD_DB_01 odoo.http: Worker (643416) serving request count: 37, registry count: 1.
2026-04-22 13:35:03,342 643417 DEBUG MASTER_BASE_DEMO_STD_V10 odoo.sql_db: Query time: 0.0485s
2026-04-22 13:35:05,387 643418 INFO ? odoo.addons.base: Module base loaded in 1.504s
2026-04-22 13:35:06,944 643417 INFO ? odoo.service.server: Request from 192.168.1.234 processed in 81ms
2026-04-22 13:35:08,024 643418 INFO ? odoo.http: Registry loaded for database ?
2026-04-22 13:35:08,529 643418 WARNING MASTER_BASE_DEMO_STD_V10 odoo.http: Slow query detected: 4.75s
2026-04-22 13:35:11,351 643418 DEBUG MASTER_BASE_DEMO_STD_V10 odoo.modules.registry: Cache lookup for user 57
2026-04-22 13:35:12,031 643415 INFO MASTER_BASE_DEMO_STD_V10 odoo.addons.base: Request from 192.168.1.167 processed in 126ms
2026-04-22 13:35:13,662 643417 INFO ? odoo.addons.base: Module base loaded in 1.711s
2026-04-22 13:35:15,226 643417 INFO PROD_DB_01 odoo.addons.base: Worker (643417) serving request count: 17, registry count: 1.
2026-04-22 13:35:16,639 643420 INFO ? werkzeug: Module base loaded in 1.554s
2026-04-22 13:35:17,639 643416 DEBUG ? odoo.modules.registry: SELECT id, name FROM res_partner WHERE active = true LIMIT 80
2026-04-22 13:35:20,467 643417 WARNING MASTER_BASE_DEMO_STD_V10 odoo.sql_db: Memory usage high: 82%
2026-04-22 13:35:23,223 643420 CRITICAL MASTER_BASE_DEMO_STD_V10 odoo.service.server: Worker 643420 killed after timeout
2026-04-22 13:35:23,344 643419 INFO MASTER_BASE_DEMO_STD_V10 odoo.modules.loading: Module base loaded in 0.999s
2026-04-22 13:35:23,489 643420 INFO ? odoo.addons.base: Registry loaded for database ?
2026-04-22 13:35:23,813 643415 ERROR MASTER_BASE_DEMO_STD_V10 odoo.http: psycopg2.OperationalError: connection to server failed
2026-04-22 13:35:24,711 643415 DEBUG MASTER_BASE_DEMO_STD_V10 odoo.modules.registry: Cache lookup for user 5
2026-04-22 13:35:27,215 643418 INFO MASTER_BASE_DEMO_STD_V10 odoo.service.server: Worker (643418) serving request count: 94, registry count: 1.
2026-04-22 13:35:28,238 643420 WARNING MASTER_BASE_DEMO_STD_V10 odoo.sql_db: Memory usage high: 88%
2026-04-22 13:35:30,784 643420 INFO MASTER_BASE_DEMO_STD_V10 odoo.http: Worker (643420) serving request count: 62, registry count: 1.
2026-04-22 13:35:31,006 643418 WARNING MASTER_BASE_DEMO_STD_V10 odoo.http: Connection pool near capacity: 94/100
2026-04-22 13:35:32,915 643416 WARNING PROD_DB_01 odoo.service.server: Memory usage high: 85%
2026-04-22 13:35:35,207 643416 ERROR MASTER_BASE_DEMO_STD_V10 werkzeug: Traceback (most recent call last):
  File "/odoo/odoo/http.py", line 1234, in dispatch
    return self._dispatch()
ValueError: invalid literal for int() with base 10
2026-04-22 13:35:35,907 643416 DEBUG MASTER_BASE_DEMO_STD_V10 odoo.sql_db: Cache lookup for user 22
2026-04-22 13:35:38,223 643419 INFO PROD_DB_01 odoo.http: HTTP POST /web/dataset/call_kw/res.partner/read HTTP/1.1 200
2026-04-22 13:35:38,835 643417 DEBUG PROD_DB_01 odoo.modules.registry: Cache lookup for user 73
2026-04-22 13:35:38,964 643420 DEBUG PROD_DB_01 odoo.modules.registry: Query time: 0.0086s
2026-04-22 13:35:39,738 643417 INFO MASTER_BASE_DEMO_STD_V10 werkzeug: Registry loaded for database MASTER_BASE_DEMO_STD_V10
2026-04-22 13:35:41,984 643419 INFO ? odoo.service.server: Registry loaded for database ?
2026-04-22 13:35:43,994 643417 INFO MASTER_BASE_DEMO_STD_V10 werkzeug: HTTP POST /web/dataset/call_kw/res.partner/read HTTP/1.1 200
2026-04-22 13:35:44,671 643418 INFO MASTER_BASE_DEMO_STD_V10 werkzeug: Worker (643418) serving request count: 77, registry count: 1.
2026-04-22 13:35:47,535 643418 DEBUG ? odoo.modules.registry: SELECT id, name FROM res_partner WHERE active = true LIMIT 80
2026-04-22 13:35:48,387 643417 WARNING MASTER_BASE_DEMO_STD_V10 werkzeug: Deprecated method called in module sale
2026-04-22 13:35:48,741 643416 DEBUG ? odoo.modules.registry: Query time: 0.0160s
2026-04-22 13:35:49,053 643420 INFO MASTER_BASE_DEMO_STD_V10 odoo.service.server: Module base loaded in 1.928s
2026-04-22 13:35:51,383 643416 DEBUG MASTER_BASE_DEMO_STD_V10 odoo.modules.registry: SELECT id, name FROM res_partner WHERE active = true LIMIT 80
2026-04-22 13:35:51,506 643418 INFO MASTER_BASE_DEMO_STD_V10 odoo.addons.base: HTTP POST /web/dataset/call_kw/res.partner/read HTTP/1.1 200
2026-04-22 13:35:51,567 643418 ERROR MASTER_BASE_DEMO_STD_V10 werkzeug: psycopg2.OperationalError: connection to server failed
2026-04-22 13:35:53,724 643420 WARNING ? werkzeug: Slow query detected: 4.55s
2026-04-22 13:35:55,738 643415 INFO MASTER_BASE_DEMO_STD_V10 odoo.service.server: Worker (643415) serving request count: 37, registry count: 1.
2026-04-22 13:35:57,527 643416 CRITICAL PROD_DB_01 odoo.service.server: Out of memory: killing worker
2026-04-22 13:36:00,022 643418 INFO MASTER_BASE_DEMO_STD_V10 odoo.http: Request from 192.168.1.106 processed in 47ms
2026-04-22 13:36:00,215 643415 ERROR MASTER_BASE_DEMO_STD_V10 odoo.sql_db: AccessError: You do not have access rights to write on res.partner
2026-04-22 13:36:00,699 643415 INFO PROD_DB_01 odoo.service.server: Worker (643415) serving request count: 2, registry count: 1.
2026-04-22 13:36:03,473 643417 INFO ? odoo.modules.loading: HTTP POST /web/dataset/call_kw/res.partner/read HTTP/1.1 200
2026-04-22 13:36:03,657 643416 INFO MASTER_BASE_DEMO_STD_V10 odoo.addons.base: HTTP POST /web/dataset/call_kw/res.partner/read HTTP/1.1 200
2026-04-22 13:36:05,645 643419 INFO ? odoo.http: HTTP POST /web/dataset/call_kw/res.partner/read HTTP/1.1 200
2026-04-22 13:36:07,543 643420 DEBUG PROD_DB_01 odoo.sql_db: Query time: 0.0180s
2026-04-22 13:36:10,249 643420 INFO PROD_DB_01 odoo.service.server: Worker (643420) serving request count: 15, registry count: 1.
2026-04-22 13:36:11,493 643418 INFO PROD_DB_01 odoo.service.server: HTTP POST /web/dataset/call_kw/res.partner/read HTTP/1.1 200
2026-04-22 13:36:13,362 643416 WARNING ? werkzeug: Deprecated method called in module sale
2026-04-22 13:36:14,723 643419 INFO MASTER_BASE_DEMO_STD_V10 werkzeug: Module base loaded in 0.211s
2026-04-22 13:36:15,994 643419 DEBUG ? odoo.addons.base.models: Query time: 0.0259s
2026-04-22 13:36:18,551 643419 INFO MASTER_BASE_DEMO_STD_V10 odoo.modules.loading: Worker (643419) serving request count: 44, registry count: 1.
2026-04-22 13:36:18,785 643417 DEBUG ? odoo.modules.registry: Cache lookup for user 4
2026-04-22 13:36:19,583 643416 INFO MASTER_BASE_DEMO_STD_V10 odoo.http: Request from 192.168.1.38 processed in 230ms
2026-04-22 13:36:20,003 643415 DEBUG MASTER_BASE_DEMO_STD_V10 odoo.addons.base.models: SELECT id, name FROM res_partner WHERE active = true LIMIT 80
2026-04-22 13:36:21,078 643419 INFO ? odoo.addons.base: Module base loaded in 2.489s
2026-04-22 13:36:22,038 643419 WARNING MASTER_BASE_DEMO_STD_V10 odoo.http: Slow query detected: 2.75s
2026-04-22 13:36:24,787 643415 INFO MASTER_BASE_DEMO_STD_V10 odoo.http: Request from 192.168.1.178 processed in 484ms
2026-04-22 13:36:25,442 643416 DEBUG ? odoo.modules.registry: Cache lookup for user 79
2026-04-22 13:36:26,041 643420 INFO PROD_DB_01 odoo.http: HTTP POST /web/dataset/call_kw/res.partner/read HTTP/1.1 200
2026-04-22 13:36:28,335 643418 WARNING MASTER_BASE_DEMO_STD_V10 odoo.sql_db: Connection pool near capacity: 89/100
2026-04-22 13:36:30,596 643419 INFO PROD_DB_01 werkzeug: Registry loaded for database PROD_DB_01
2026-04-22 13:36:32,619 643415 DEBUG PROD_DB_01 odoo.addons.base.models: SELECT id, name FROM res_partner WHERE active = true LIMIT 80
2026-04-22 13:36:34,429 643417 INFO MASTER_BASE_DEMO_STD_V10 werkzeug: Module base loaded in 2.041s
2026-04-22 13:36:37,024 643416 WARNING MASTER_BASE_DEMO_STD_V10 werkzeug: Memory usage high: 89%
2026-04-22 13:36:39,293 643419 INFO ? odoo.http: Registry loaded for database ?
2026-04-22 13:36:39,626 643417 INFO MASTER_BASE_DEMO_STD_V10 odoo.service.server: HTTP POST /web/dataset/call_kw/res.partner/read HTTP/1.1 200
2026-04-22 13:36:40,548 643420 INFO MASTER_BASE_DEMO_STD_V10 odoo.http: Registry loaded for database MASTER_BASE_DEMO_STD_V10
2026-04-22 13:36:43,315 643417 CRITICAL MASTER_BASE_DEMO_STD_V10 odoo.service.server: Worker 643417 killed after timeout
2026-04-22 13:36:44,385 643418 INFO MASTER_BASE_DEMO_STD_V10 odoo.service.server: HTTP POST /web/dataset/call_kw/res.partner/read HTTP/1.1 200
2026-04-22 13:36:45,641 643417 INFO MASTER_BASE_DEMO_STD_V10 werkzeug: Request from 192.168.1.185 processed in 408ms
2026-04-22 13:36:47,166 643415 INFO ? odoo.modules.loading: Request from 192.168.1.181 processed in 72ms
2026-04-22 13:36:47,331 643418 DEBUG PROD_DB_01 odoo.addons.base.models: Query time: 0.0134s
2026-04-22 13:36:47,799 643416 INFO MASTER_BASE_DEMO_STD_V10 odoo.modules.loading: Request from 192.168.1.116 processed in 330ms
2026-04-22 13:36:49,651 643416 ERROR MASTER_BASE_DEMO_STD_V10 werkzeug: psycopg2.OperationalError: connection to server failed
2026-04-22 13:36:51,396 643419 DEBUG MASTER_BASE_DEMO_STD_V10 odoo.modules.registry: Cache lookup for user 46
2026-04-22 13:36:51,702 643416 WARNING MASTER_BASE_DEMO_STD_V10 odoo.http: Deprecated method called in module sale
2026-04-22 13:36:53,982 643418 WARNING ? odoo.sql_db: Connection pool near capacity: 93/100
2026-04-22 13:36:55,255 643420 INFO PROD_DB_01 odoo.addons.base: Module base loaded in 0.949s
2026-04-22 13:36:56,519 643420 INFO MASTER_BASE_DEMO_STD_V10 odoo.modules.loading: Worker (643420) serving request count: 71, registry count: 1.
2026-04-22 13:36:57,140 643417 INFO MASTER_BASE_DEMO_STD_V10 odoo.addons.base: Request from 192.168.1.181 processed in 281ms
2026-04-22 13:36:59,702 643417 INFO PROD_DB_01 odoo.modules.loading: HTTP POST /web/dataset/call_kw/res.partner/read HTTP/1.1 200
2026-04-22 13:37:01,591 643417 ERROR PROD_DB_01 odoo.http: psycopg2.OperationalError: connection to server failed
2026-04-22 13:37:01,965 643416 DEBUG MASTER_BASE_DEMO_STD_V10 odoo.addons.base.models: SELECT id, name FROM res_partner WHERE active = true LIMIT 80
2026-04-22 13:37:02,701 643420 INFO MASTER_BASE_DEMO_STD_V10 odoo.service.server: HTTP POST /web/dataset/call_kw/res.partner/read HTTP/1.1 200
2026-04-22 13:37:03,951 643418 INFO ? werkzeug: HTTP POST /web/dataset/call_kw/res.partner/read HTTP/1.1 200
2026-04-22 13:37:06,718 643420 WARNING MASTER_BASE_DEMO_STD_V10 werkzeug: Deprecated method called in module sale
2026-04-22 13:37:07,764 643420 INFO ? werkzeug: Request from 192.168.1.144 processed in 120ms
2026-04-22 13:37:07,843 643420 INFO MASTER_BASE_DEMO_STD_V10 odoo.modules.loading: Module base loaded in 0.933s
2026-04-22 13:37:08,887 643418 INFO ? odoo.modules.loading: Registry loaded for database ?
2026-04-22 13:37:11,576 643418 DEBUG MASTER_BASE_DEMO_STD_V10 odoo.sql_db: Query time: 0.0135s
2026-04-22 13:37:13,086 643419 DEBUG ? odoo.sql_db: Cache lookup for user 17
2026-04-22 13:37:15,741 643416 DEBUG MASTER_BASE_DEMO_STD_V10 odoo.sql_db: SELECT id, name FROM res_partner WHERE active = true LIMIT 80
2026-04-22 13:37:18,695 643417 INFO PROD_DB_01 odoo.service.server: Module base loaded in 0.895s
2026-04-22 13:37:20,426 643417 INFO MASTER_BASE_DEMO_STD_V10 odoo.addons.base: Module base loaded in 1.658s
2026-04-22 13:37:20,901 643415 INFO MASTER_BASE_DEMO_STD_V10 odoo.http: Module base loaded in 1.630s
2026-04-22 13:37:23,592 643418 INFO ? odoo.http: Module base loaded in 0.813s
2026-04-22 13:37:26,391 643419 ERROR PROD_DB_01 werkzeug: AccessError: You do not have access rights to write on res.partner
2026-04-22 13:37:27,375 643420 INFO MASTER_BASE_DEMO_STD_V10 odoo.addons.base: HTTP POST /web/dataset/call_kw/res.partner/read HTTP/1.1 200
2026-04-22 13:37:28,777 643419 INFO ? werkzeug: Worker (643419) serving request count: 85, registry count: 1.
2026-04-22 13:37:31,601 643416 DEBUG PROD_DB_01 odoo.addons.base.models: Query time: 0.0422s
2026-04-22 13:37:33,378 643416 INFO ? werkzeug: Worker (643416) serving request count: 72, registry count: 1.
2026-04-22 13:37:33,776 643415 INFO MASTER_BASE_DEMO_STD_V10 odoo.modules.loading: Request from 192.168.1.221 processed in 494ms
2026-04-22 13:37:34,306 643420 INFO ? odoo.service.server: Worker (643420) serving request count: 49, registry count: 1.
2026-04-22 13:37:35,813 643416 INFO MASTER_BASE_DEMO_STD_V10 odoo.http: Request from 192.168.1.229 processed in 459ms
2026-04-22 13:37:38,078 643415 DEBUG MASTER_BASE_DEMO_STD_V10 odoo.modules.registry: Cache lookup for user 27
2026-04-22 13:37:38,937 643417 INFO ? odoo.service.server: Worker (643417) serving request count: 84, registry count: 1.
2026-04-22 13:37:40,874 643419 INFO PROD_DB_01 werkzeug: Module base loaded in 1.684s
2026-04-22 13:37:43,778 643418 ERROR PROD_DB_01 odoo.service.server: AccessError: You do not have access rights to write on res.partner
2026-04-22 13:37:46,155 643417 INFO PROD_DB_01 odoo.http: Worker (643417) serving request count: 44, registry count: 1.
2026-04-22 13:37:48,782 643420 INFO MASTER_BASE_DEMO_STD_V10 werkzeug: Module base loaded in 0.975s
2026-04-22 13:37:51,122 643415 INFO PROD_DB_01 odoo.modules.loading: Module base loaded in 1.874s
2026-04-22 13:37:51,424 643416 ERROR MASTER_BASE_DEMO_STD_V10 odoo.sql_db: AccessError: You do not have access rights to write on res.partner
2026-04-22 13:37:52,757 643420 INFO MASTER_BASE_DEMO_STD_V10 odoo.addons.base: Module base loaded in 0.322s
2026-04-22 13:37:54,016 643418 DEBUG PROD_DB_01 odoo.sql_db: SELECT id, name FROM res_partner WHERE active = true LIMIT 80
2026-04-22 13:37:54,621 643420 INFO ? odoo.addons.base: HTTP POST /web/dataset/call_kw/res.partner/read HTTP/1.1 200
2026-04-22 13:37:56,911 643420 INFO MASTER_BASE_DEMO_STD_V10 odoo.modules.loading: Worker (643420) serving request count: 47, registry count: 1.
2026-04-22 13:37:57,336 643416 WARNING PROD_DB_01 odoo.service.server: Slow query detected: 1.53s
2026-04-22 13:37:58,342 643418 INFO MASTER_BASE_DEMO_STD_V10 odoo.addons.base: Request from 192.168.1.65 processed in 51ms
2026-04-22 13:37:58,550 643419 INFO MASTER_BASE_DEMO_STD_V10 odoo.http: Request from 192.168.1.123 processed in 297ms
2026-04-22 13:37:58,710 643420 INFO ? odoo.addons.base: Worker (643420) serving request count: 12, registry count: 1.
2026-04-22 13:38:00,090 643416 INFO MASTER_BASE_DEMO_STD_V10 odoo.service.server: Request from 192.168.1.142 processed in 465ms
2026-04-22 13:38:01,379 643416 DEBUG MASTER_BASE_DEMO_STD_V10 odoo.modules.registry: Query time: 0.0403s
2026-04-22 13:38:01,710 643418 INFO ? odoo.modules.loading: Request from 192.168.1.229 processed in 241ms
2026-04-22 13:38:03,781 643416 INFO MASTER_BASE_DEMO_STD_V10 odoo.service.server: Worker (643416) serving request count: 20, registry count: 1.
2026-04-22 13:38:04,184 643419 ERROR MASTER_BASE_DEMO_STD_V10 odoo.sql_db: Traceback (most recent call last):
  File "/odoo/odoo/http.py", line 1234, in dispatch
    return self._dispatch()
ValueError: invalid literal for int() with base 10
2026-04-22 13:38:04,611 643415 INFO PROD_DB_01 odoo.addons.base: HTTP POST /web/dataset/call_kw/res.partner/read HTTP/1.1 200
2026-04-22 13:38:06,938 643415 INFO MASTER_BASE_DEMO_STD_V10 odoo.addons.base: Module base loaded in 0.825s
2026-04-22 13:38:07,759 643416 INFO MASTER_BASE_DEMO_STD_V10 odoo.addons.base: Request from 192.168.1.223 processed in 307ms
2026-04-22 13:38:08,697 643420 INFO ? odoo.addons.base: Registry loaded for database ?
2026-04-22 13:38:09,703 643416 WARNING ? werkzeug: Memory usage high: 72%
2026-04-22 13:38:09,799 643415 WARNING MASTER_BASE_DEMO_STD_V10 odoo.sql_db: Deprecated method called in module sale
2026-04-22 13:38:09,972 643417 INFO MASTER_BASE_DEMO_STD_V10 odoo.modules.loading: Module base loaded in 0.754s
2026-04-22 13:38:11,528 643419 INFO ? odoo.service.server: Registry loaded for database ?
2026-04-22 13:38:11,815 643417 WARNING ? werkzeug: Memory usage high: 81%
2026-04-22 13:38:12,791 643416 INFO ? odoo.modules.loading: Registry loaded for database ?
2026-04-22 13:38:14,904 643420 DEBUG MASTER_BASE_DEMO_STD_V10 odoo.addons.base.models: SELECT id, name FROM res_partner WHERE active = true LIMIT 80
2026-04-22 13:38:17,780 643417 WARNING MASTER_BASE_DEMO_STD_V10 odoo.http: Deprecated method called in module sale
2026-04-22 13:38:19,464 643418 WARNING MASTER_BASE_DEMO_STD_V10 odoo.sql_db: Memory usage high: 82%
2026-04-22 13:38:22,325 643418 DEBUG MASTER_BASE_DEMO_STD_V10 odoo.sql_db: SELECT id, name FROM res_partner WHERE active = true LIMIT 80
2026-04-22 13:38:24,394 643415 INFO PROD_DB_01 odoo.addons.base: Request from 192.168.1.210 processed in 9ms
2026-04-22 13:38:27,130 643417 INFO ? odoo.modules.loading: Request from 192.168.1.64 processed in 98ms
2026-04-22 13:38:28,562 643418 ERROR ? odoo.service.server: HTTP 500 Internal Server Error on /web/action/load
2026-04-22 13:38:30,830 643420 DEBUG MASTER_BASE_DEMO_STD_V10 odoo.addons.base.models: Registry cache hit for model res.users
2026-04-22 13:38:32,252 643418 DEBUG MASTER_BASE_DEMO_STD_V10 odoo.addons.base.models: Query time: 0.0252s
2026-04-22 13:38:35,138 643419 INFO PROD_DB_01 odoo.addons.base: Module base loaded in 0.758s
2026-04-22 13:38:36,054 643415 DEBUG MASTER_BASE_DEMO_STD_V10 odoo.addons.base.models: Registry cache hit for model res.users
2026-04-22 13:38:38,231 643417 WARNING MASTER_BASE_DEMO_STD_V10 werkzeug: Memory usage high: 87%
2026-04-22 13:38:39,904 643416 WARNING MASTER_BASE_DEMO_STD_V10 odoo.http: Connection pool near capacity: 80/100
2026-04-22 13:38:40,918 643420 INFO ? odoo.http: Module base loaded in 1.111s
2026-04-22 13:38:42,732 643419 DEBUG PROD_DB_01 odoo.sql_db: SELECT id, name FROM res_partner WHERE active = true LIMIT 80
2026-04-22 13:38:42,940 643416 INFO MASTER_BASE_DEMO_STD_V10 werkzeug: Registry loaded for database MASTER_BASE_DEMO_STD_V10
2026-04-22 13:38:43,142 643418 INFO PROD_DB_01 odoo.addons.base: Module base loaded in 0.348s
2026-04-22 13:38:43,517 643417 INFO MASTER_BASE_DEMO_STD_V10 odoo.addons.base: Registry loaded for database MASTER_BASE_DEMO_STD_V10
2026-04-22 13:38:43,864 643415 INFO ? odoo.service.server: Worker (643415) serving request count: 50, registry count: 1.
2026-04-22 13:38:44,225 643418 INFO MASTER_BASE_DEMO_STD_V10 werkzeug: Module base loaded in 1.978s
2026-04-22 13:38:47,180 643417 DEBUG ? odoo.modules.registry: Cache lookup for user 23
2026-04-22 13:38:48,240 643419 INFO PROD_DB_01 odoo.modules.loading: Request from 192.168.1.128 processed in 236ms
2026-04-22 13:38:49,478 643416 WARNING PROD_DB_01 odoo.service.server: Connection pool near capacity: 90/100
2026-04-22 13:38:51,208 643420 WARNING MASTER_BASE_DEMO_STD_V10 odoo.sql_db: Deprecated method called in module sale
2026-04-22 13:38:52,952 643419 DEBUG MASTER_BASE_DEMO_STD_V10 odoo.sql_db: Registry cache hit for model res.users
2026-04-22 13:38:54,543 643419 WARNING ? odoo.service.server: Memory usage high: 90%
2026-04-22 13:38:55,443 643420 INFO MASTER_BASE_DEMO_STD_V10 odoo.addons.base: Module base loaded in 2.362s
2026-04-22 13:38:58,077 643420 INFO MASTER_BASE_DEMO_STD_V10 odoo.http: Request from 192.168.1.8 processed in 404ms
2026-04-22 13:39:00,924 643418 ERROR PROD_DB_01 odoo.sql_db: psycopg2.OperationalError: connection to server failed
2026-04-22 13:39:01,748 643415 INFO PROD_DB_01 odoo.service.server: HTTP POST /web/dataset/call_kw/res.partner/read HTTP/1.1 200
2026-04-22 13:39:02,571 643417 WARNING ? werkzeug: Memory usage high: 75%
2026-04-22 13:39:03,975 643419 DEBUG PROD_DB_01 odoo.addons.base.models: Query time: 0.0071s
2026-04-22 13:39:05,192 643417 DEBUG ? odoo.modules.registry: Registry cache hit for model res.users
2026-04-22 13:39:08,095 643415 INFO PROD_DB_01 werkzeug: Request from 192.168.1.34 processed in 248ms
2026-04-22 13:39:08,604 643415 INFO MASTER_BASE_DEMO_STD_V10 werkzeug: Module base loaded in 1.206s
2026-04-22 13:39:09,960 643420 DEBUG MASTER_BASE_DEMO_STD_V10 odoo.modules.registry: Registry cache hit for model res.users
2026-04-22 13:39:10,943 643419 WARNING ? odoo.service.server: Deprecated method called in module sale
2026-04-22 13:39:11,363 643415 INFO ? odoo.addons.base: HTTP POST /web/dataset/call_kw/res.partner/read HTTP/1.1 200
2026-04-22 13:39:14,019 643417 DEBUG ? odoo.modules.registry: Registry cache hit for model res.users
2026-04-22 13:39:15,177 643415 WARNING PROD_DB_01 odoo.service.server: Slow query detected: 1.81s
2026-04-22 13:39:18,150 643417 INFO MASTER_BASE_DEMO_STD_V10 odoo.addons.base: HTTP POST /web/dataset/call_kw/res.partner/read HTTP/1.1 200
2026-04-22 13:39:21,120 643418 INFO ? werkzeug: Request from 192.168.1.147 processed in 289ms
2026-04-22 13:39:22,868 643416 ERROR ? odoo.service.server: AccessError: You do not have access rights to write on res.partner
2026-04-22 13:39:24,852 643420 INFO MASTER_BASE_DEMO_STD_V10 odoo.http: Request from 192.168.1.133 processed in 291ms
2026-04-22 13:39:26,821 643419 ERROR PROD_DB_01 odoo.sql_db: psycopg2.OperationalError: connection to server failed
2026-04-22 13:39:29,233 643418 INFO ? odoo.service.server: Registry loaded for database ?
2026-04-22 13:39:31,943 643420 INFO MASTER_BASE_DEMO_STD_V10 odoo.addons.base: HTTP POST /web/dataset/call_kw/res.partner/read HTTP/1.1 200
2026-04-22 13:39:33,480 643418 WARNING MASTER_BASE_DEMO_STD_V10 odoo.service.server: Connection pool near capacity: 95/100
2026-04-22 13:39:34,286 643420 INFO ? odoo.http: Request from 192.168.1.144 processed in 350ms
2026-04-22 13:39:36,256 643415 DEBUG MASTER_BASE_DEMO_STD_V10 odoo.addons.base.models: Registry cache hit for model res.users
2026-04-22 13:39:36,694 643417 INFO MASTER_BASE_DEMO_STD_V10 odoo.addons.base: Registry loaded for database MASTER_BASE_DEMO_STD_V10
2026-04-22 13:39:39,142 643419 INFO ? werkzeug: Registry loaded for database ?
2026-04-22 13:39:42,136 643417 WARNING MASTER_BASE_DEMO_STD_V10 odoo.service.server: Memory usage high: 79%
2026-04-22 13:39:44,355 643420 INFO MASTER_BASE_DEMO_STD_V10 odoo.service.server: Registry loaded for database MASTER_BASE_DEMO_STD_V10
2026-04-22 13:39:46,836 643415 WARNING MASTER_BASE_DEMO_STD_V10 werkzeug: Deprecated method called in module sale
2026-04-22 13:39:49,472 643419 INFO ? werkzeug: Request from 192.168.1.193 processed in 418ms
2026-04-22 13:39:52,415 643418 INFO MASTER_BASE_DEMO_STD_V10 odoo.http: Registry loaded for database MASTER_BASE_DEMO_STD_V10
2026-04-22 13:39:53,712 643418 INFO ? odoo.modules.loading: Registry loaded for database ?
2026-04-22 13:39:56,519 643417 WARNING PROD_DB_01 werkzeug: Memory usage high: 83%
2026-04-22 13:39:58,045 643418 DEBUG MASTER_BASE_DEMO_STD_V10 odoo.addons.base.models: SELECT id, name FROM res_partner WHERE active = true LIMIT 80
2026-04-22 13:40:00,495 643418 INFO ? odoo.addons.base: Module base loaded in 0.565s
2026-04-22 13:40:01,155 643416 INFO ? odoo.modules.loading: Worker (643416) serving request count: 29, registry count: 1.
2026-04-22 13:40:02,798 643420 DEBUG PROD_DB_01 odoo.modules.registry: Cache lookup for user 48
2026-04-22 13:40:03,837 643416 INFO MASTER_BASE_DEMO_STD_V10 werkzeug: Request from 192.168.1.193 processed in 401ms
2026-04-22 13:40:05,447 643420 INFO MASTER_BASE_DEMO_STD_V10 werkzeug: Module base loaded in 1.654s
2026-04-22 13:40:07,134 643418 DEBUG PROD_DB_01 odoo.sql_db: Registry cache hit for model res.users
2026-04-22 13:40:09,776 643418 DEBUG MASTER_BASE_DEMO_STD_V10 odoo.sql_db: Registry cache hit for model res.users
2026-04-22 13:40:11,497 643418 DEBUG MASTER_BASE_DEMO_STD_V10 odoo.sql_db: Registry cache hit for model res.users
2026-04-22 13:40:12,603 643416 INFO PROD_DB_01 werkzeug: Registry loaded for database PROD_DB_01
2026-04-22 13:40:13,550 643416 INFO MASTER_BASE_DEMO_STD_V10 odoo.modules.loading: Request from 192.168.1.87 processed in 389ms
2026-04-22 13:40:14,539 643416 DEBUG MASTER_BASE_DEMO_STD_V10 odoo.sql_db: Query time: 0.0276s
2026-04-22 13:40:17,271 643416 INFO MASTER_BASE_DEMO_STD_V10 odoo.modules.loading: Worker (643416) serving request count: 2, registry count: 1.
2026-04-22 13:40:18,126 643416 DEBUG MASTER_BASE_DEMO_STD_V10 odoo.addons.base.models: SELECT id, name FROM res_partner WHERE active = true LIMIT 80
2026-04-22 13:40:19,650 643416 DEBUG MASTER_BASE_DEMO_STD_V10 odoo.modules.registry: SELECT id, name FROM res_partner WHERE active = true LIMIT 80
2026-04-22 13:40:21,845 643419 WARNING PROD_DB_01 odoo.sql_db: Memory usage high: 88%
2026-04-22 13:40:21,962 643419 ERROR ? odoo.service.server: HTTP 500 Internal Server Error on /web/action/load
2026-04-22 13:40:23,472 643420 INFO MASTER_BASE_DEMO_STD_V10 odoo.service.server: Worker (643420) serving request count: 86, registry count: 1.
2026-04-22 13:40:26,064 643418 DEBUG ? odoo.modules.registry: Registry cache hit for model res.users
2026-04-22 13:40:27,958 643420 INFO ? odoo.addons.base: Worker (643420) serving request count: 79, registry count: 1.
2026-04-22 13:40:30,285 643419 INFO MASTER_BASE_DEMO_STD_V10 odoo.modules.loading: Registry loaded for database MASTER_BASE_DEMO_STD_V10
2026-04-22 13:40:33,088 643420 INFO MASTER_BASE_DEMO_STD_V10 odoo.modules.loading: Worker (643420) serving request count: 48, registry count: 1.
2026-04-22 13:40:35,570 643415 INFO ? odoo.http: Request from 192.168.1.205 processed in 190ms
2026-04-22 13:40:36,978 643416 INFO ? werkzeug: Registry loaded for database ?
2026-04-22 13:40:39,776 643420 WARNING ? werkzeug: Memory usage high: 85%
2026-04-22 13:40:40,209 643418 WARNING ? odoo.http: Deprecated method called in module sale
2026-04-22 13:40:40,262 643420 INFO PROD_DB_01 odoo.modules.loading: Worker (643420) serving request count: 61, registry count: 1.
2026-04-22 13:40:41,644 643415 INFO ? odoo.modules.loading: HTTP POST /web/dataset/call_kw/res.partner/read HTTP/1.1 200
2026-04-22 13:40:43,392 643420 INFO PROD_DB_01 odoo.addons.base: Worker (643420) serving request count: 77, registry count: 1.
2026-04-22 13:40:45,747 643419 INFO PROD_DB_01 werkzeug: Module base loaded in 1.690s
2026-04-22 13:40:46,102 643416 INFO ? odoo.modules.loading: Request from 192.168.1.9 processed in 32ms
2026-04-22 13:40:48,864 643415 INFO ? odoo.modules.loading: Worker (643415) serving request count: 49, registry count: 1.
2026-04-22 13:40:50,513 643417 DEBUG ? odoo.sql_db: Registry cache hit for model res.users
2026-04-22 13:40:51,400 643420 INFO ? odoo.http: Registry loaded for database ?
2026-04-22 13:40:53,053 643420 INFO MASTER_BASE_DEMO_STD_V10 odoo.addons.base: HTTP POST /web/dataset/call_kw/res.partner/read HTTP/1.1 200
2026-04-22 13:40:54,867 643419 INFO MASTER_BASE_DEMO_STD_V10 werkzeug: Module base loaded in 0.470s
2026-04-22 13:40:56,749 643417 WARNING MASTER_BASE_DEMO_STD_V10 werkzeug: Connection pool near capacity: 91/100
2026-04-22 13:40:58,782 643415 CRITICAL MASTER_BASE_DEMO_STD_V10 odoo.service.server: Out of memory: killing worker
2026-04-22 13:40:58,927 643420 DEBUG ? odoo.sql_db: Query time: 0.0460s
2026-04-22 13:41:01,267 643420 INFO PROD_DB_01 odoo.http: Registry loaded for database PROD_DB_01
2026-04-22 13:41:03,670 643418 WARNING PROD_DB_01 werkzeug: Memory usage high: 87%
2026-04-22 13:41:03,953 643419 DEBUG PROD_DB_01 odoo.sql_db: SELECT id, name FROM res_partner WHERE active = true LIMIT 80
2026-04-22 13:41:05,361 643420 INFO PROD_DB_01 odoo.service.server: Module base loaded in 1.402s
2026-04-22 13:41:07,251 643420 INFO MASTER_BASE_DEMO_STD_V10 werkzeug: HTTP POST /web/dataset/call_kw/res.partner/read HTTP/1.1 200
2026-04-22 13:41:09,382 643418 INFO MASTER_BASE_DEMO_STD_V10 odoo.addons.base: Request from 192.168.1.11 processed in 207ms
2026-04-22 13:41:10,413 643416 INFO ? odoo.http: Worker (643416) serving request count: 78, registry count: 1.
2026-04-22 13:41:11,373 643417 INFO MASTER_BASE_DEMO_STD_V10 odoo.http: Worker (643417) serving request count: 52, registry count: 1.
2026-04-22 13:41:12,187 643415 WARNING PROD_DB_01 werkzeug: Memory usage high: 86%
2026-04-22 13:41:12,257 643415 INFO MASTER_BASE_DEMO_STD_V10 odoo.modules.loading: Module base loaded in 1.107s
2026-04-22 13:41:14,056 643418 INFO PROD_DB_01 odoo.addons.base: Module base loaded in 1.245s
2026-04-22 13:41:15,237 643418 INFO MASTER_BASE_DEMO_STD_V10 odoo.service.server: Module base loaded in 0.526s
2026-04-22 13:41:16,260 643415 DEBUG ? odoo.addons.base.models: Cache lookup for user 45
2026-04-22 13:41:18,369 643420 DEBUG MASTER_BASE_DEMO_STD_V10 odoo.addons.base.models: SELECT id, name FROM res_partner WHERE active = true LIMIT 80
2026-04-22 13:41:19,658 643415 INFO MASTER_BASE_DEMO_STD_V10 odoo.modules.loading: Registry loaded for database MASTER_BASE_DEMO_STD_V10
2026-04-22 13:41:22,637 643420 DEBUG MASTER_BASE_DEMO_STD_V10 odoo.sql_db: Query time: 0.0409s
2026-04-22 13:41:22,688 643417 WARNING MASTER_BASE_DEMO_STD_V10 odoo.http: Deprecated method called in module sale
2026-04-22 13:41:22,865 643415 INFO PROD_DB_01 odoo.http: Request from 192.168.1.220 processed in 243ms
2026-04-22 13:41:25,204 643417 INFO MASTER_BASE_DEMO_STD_V10 odoo.addons.base: Request from 192.168.1.76 processed in 316ms
2026-04-22 13:41:26,897 643416 DEBUG PROD_DB_01 odoo.sql_db: SELECT id, name FROM res_partner WHERE active = true LIMIT 80
2026-04-22 13:41:27,335 643419 DEBUG MASTER_BASE_DEMO_STD_V10 odoo.addons.base.models: SELECT id, name FROM res_partner WHERE active = true LIMIT 80
2026-04-22 13:41:29,158 643419 WARNING ? odoo.sql_db: Connection pool near capacity: 80/100
2026-04-22 13:41:29,812 643419 DEBUG MASTER_BASE_DEMO_STD_V10 odoo.addons.base.models: Query time: 0.0090s
2026-04-22 13:41:31,870 643415 ERROR MASTER_BASE_DEMO_STD_V10 werkzeug: psycopg2.OperationalError: connection to server failed
2026-04-22 13:41:34,340 643416 INFO MASTER_BASE_DEMO_STD_V10 odoo.service.server: Worker (643416) serving request count: 36, registry count: 1.
2026-04-22 13:41:34,562 643416 DEBUG PROD_DB_01 odoo.sql_db: Cache lookup for user 28
2026-04-22 13:41:34,911 643420 ERROR ? werkzeug: HTTP 500 Internal Server Error on /web/action/load
2026-04-22 13:41:37,237 643419 INFO MASTER_BASE_DEMO_STD_V10 werkzeug: Request from 192.168.1.66 processed in 281ms
2026-04-22 13:41:40,115 643415 ERROR MASTER_BASE_DEMO_STD_V10 werkzeug: Traceback (most recent call last):
  File "/odoo/odoo/http.py", line 1234, in dispatch
    return self._dispatch()
ValueError: invalid literal for int() with base 10
2026-04-22 13:41:40,299 643420 DEBUG MASTER_BASE_DEMO_STD_V10 odoo.modules.registry: SELECT id, name FROM res_partner WHERE active = true LIMIT 80
2026-04-22 13:41:41,651 643418 INFO MASTER_BASE_DEMO_STD_V10 odoo.modules.loading: Request from 192.168.1.29 processed in 65ms
2026-04-22 13:41:42,036 643419 ERROR MASTER_BASE_DEMO_STD_V10 odoo.http: Traceback (most recent call last):
  File "/odoo/odoo/http.py", line 1234, in dispatch
    return self._dispatch()
ValueError: invalid literal for int() with base 10
2026-04-22 13:41:42,328 643416 INFO PROD_DB_01 odoo.addons.base: HTTP POST /web/dataset/call_kw/res.partner/read HTTP/1.1 200
2026-04-22 13:41:42,933 643420 INFO MASTER_BASE_DEMO_STD_V10 odoo.modules.loading: Module base loaded in 2.058s
2026-04-22 13:41:44,746 643419 DEBUG MASTER_BASE_DEMO_STD_V10 odoo.sql_db: Cache lookup for user 91
2026-04-22 13:41:45,237 643420 DEBUG ? odoo.addons.base.models: Query time: 0.0034s
2026-04-22 13:41:46,695 643415 INFO MASTER_BASE_DEMO_STD_V10 odoo.modules.loading: Request from 192.168.1.194 processed in 30ms
2026-04-22 13:41:47,246 643419 INFO PROD_DB_01 odoo.service.server: Module base loaded in 1.945s
2026-04-22 13:41:48,963 643417 WARNING MASTER_BASE_DEMO_STD_V10 werkzeug: Slow query detected: 4.67s
2026-04-22 13:41:50,753 643417 DEBUG PROD_DB_01 odoo.modules.registry: SELECT id, name FROM res_partner WHERE active = true LIMIT 80
2026-04-22 13:41:50,850 643418 DEBUG PROD_DB_01 odoo.addons.base.models: Cache lookup for user 17
2026-04-22 13:41:52,294 643417 INFO MASTER_BASE_DEMO_STD_V10 odoo.addons.base: Request from 192.168.1.164 processed in 284ms
2026-04-22 13:41:53,400 643418 INFO PROD_DB_01 odoo.service.server: Request from 192.168.1.79 processed in 78ms
2026-04-22 13:41:55,990 643417 INFO ? werkzeug: HTTP POST /web/dataset/call_kw/res.partner/read HTTP/1.1 200
2026-04-22 13:41:57,900 643417 INFO ? odoo.addons.base: Worker (643417) serving request count: 77, registry count: 1.
2026-04-22 13:41:58,342 643415 INFO PROD_DB_01 werkzeug: Registry loaded for database PROD_DB_01
2026-04-22 13:42:01,145 643417 DEBUG PROD_DB_01 odoo.addons.base.models: Cache lookup for user 18
2026-04-22 13:42:03,688 643416 WARNING ? odoo.sql_db: Slow query detected: 1.92s
2026-04-22 13:42:05,950 643420 INFO MASTER_BASE_DEMO_STD_V10 odoo.modules.loading: Registry loaded for database MASTER_BASE_DEMO_STD_V10
2026-04-22 13:42:08,435 643419 ERROR ? werkzeug: psycopg2.OperationalError: connection to server failed
2026-04-22 13:42:10,106 643415 INFO MASTER_BASE_DEMO_STD_V10 werkzeug: Worker (643415) serving request count: 88, registry count: 1.
2026-04-22 13:42:11,646 643415 WARNING ? odoo.http: Slow query detected: 2.22s
2026-04-22 13:42:12,430 643417 ERROR PROD_DB_01 odoo.http: HTTP 500 Internal Server Error on /web/action/load
2026-04-22 13:42:14,078 643420 WARNING MASTER_BASE_DEMO_STD_V10 odoo.service.server: Memory usage high: 89%
2026-04-22 13:42:15,981 643415 INFO PROD_DB_01 odoo.service.server: Module base loaded in 0.120s
2026-04-22 13:42:16,963 643420 INFO MASTER_BASE_DEMO_STD_V10 odoo.modules.loading: Registry loaded for database MASTER_BASE_DEMO_STD_V10
2026-04-22 13:42:18,362 643415 DEBUG MASTER_BASE_DEMO_STD_V10 odoo.modules.registry: Registry cache hit for model res.users
2026-04-22 13:42:21,352 643416 DEBUG MASTER_BASE_DEMO_STD_V10 odoo.addons.base.models: Query time: 0.0052s
2026-04-22 13:42:22,328 643417 DEBUG PROD_DB_01 odoo.addons.base.models: Query time: 0.0324s
2026-04-22 13:42:24,582 643415 ERROR ? odoo.http: HTTP 500 Internal Server Error on /web/action/load
2026-04-22 13:42:25,438 643420 DEBUG ? odoo.modules.registry: Registry cache hit for model res.users
2026-04-22 13:42:26,732 643420 INFO MASTER_BASE_DEMO_STD_V10 odoo.service.server: Worker (643420) serving request count: 55, registry count: 1.
2026-04-22 13:42:27,161 643416 INFO MASTER_BASE_DEMO_STD_V10 odoo.addons.base: HTTP POST /web/dataset/call_kw/res.partner/read HTTP/1.1 200
2026-04-22 13:42:27,827 643418 WARNING MASTER_BASE_DEMO_STD_V10 werkzeug: Memory usage high: 86%
2026-04-22 13:42:30,659 643416 INFO ? werkzeug: Module base loaded in 2.366s
2026-04-22 13:42:32,417 643416 INFO PROD_DB_01 odoo.addons.base: Registry loaded for database PROD_DB_01
2026-04-22 13:42:33,077 643420 INFO PROD_DB_01 odoo.modules.loading: Request from 192.168.1.33 processed in 332ms
2026-04-22 13:42:35,035 643415 ERROR MASTER_BASE_DEMO_STD_V10 odoo.sql_db: HTTP 500 Internal Server Error on /web/action/load
2026-04-22 13:42:36,107 643415 INFO PROD_DB_01 odoo.modules.loading: Registry loaded for database PROD_DB_01
2026-04-22 13:42:36,186 643416 CRITICAL ? odoo.service.server: Worker 643416 killed after timeout
2026-04-22 13:42:38,018 643418 INFO ? odoo.service.server: Registry loaded for database ?
2026-04-22 13:42:39,382 643417 DEBUG ? odoo.sql_db: SELECT id, name FROM res_partner WHERE active = true LIMIT 80
2026-04-22 13:42:41,367 643420 INFO MASTER_BASE_DEMO_STD_V10 odoo.modules.loading: HTTP POST /web/dataset/call_kw/res.partner/read HTTP/1.1 200
2026-04-22 13:42:41,837 643416 INFO MASTER_BASE_DEMO_STD_V10 werkzeug: Registry loaded for database MASTER_BASE_DEMO_STD_V10
2026-04-22 13:42:44,802 643417 ERROR MASTER_BASE_DEMO_STD_V10 odoo.service.server: HTTP 500 Internal Server Error on /web/action/load
2026-04-22 13:42:44,867 643416 DEBUG MASTER_BASE_DEMO_STD_V10 odoo.sql_db: Query time: 0.0405s
2026-04-22 13:42:46,373 643417 INFO ? odoo.http: Worker (643417) serving request count: 60, registry count: 1.
2026-04-22 13:42:46,706 643416 DEBUG ? odoo.sql_db: Query time: 0.0407s
2026-04-22 13:42:47,686 643416 WARNING PROD_DB_01 werkzeug: Memory usage high: 89%
2026-04-22 13:42:48,113 643415 INFO MASTER_BASE_DEMO_STD_V10 odoo.modules.loading: Module base loaded in 0.643s
2026-04-22 13:42:50,619 643419 INFO PROD_DB_01 odoo.addons.base: HTTP POST /web/dataset/call_kw/res.partner/read HTTP/1.1 200
2026-04-22 13:42:52,743 643419 INFO ? odoo.addons.base: Worker (643419) serving request count: 91, registry count: 1.
2026-04-22 13:42:54,293 643415 DEBUG MASTER_BASE_DEMO_STD_V10 odoo.modules.registry: Cache lookup for user 28
2026-04-22 13:42:55,242 643418 INFO ? odoo.http: Worker (643418) serving request count: 6, registry count: 1.
2026-04-22 13:42:55,773 643416 INFO MASTER_BASE_DEMO_STD_V10 odoo.modules.loading: Request from 192.168.1.223 processed in 313ms
2026-04-22 13:42:55,879 643418 INFO MASTER_BASE_DEMO_STD_V10 odoo.service.server: HTTP POST /web/dataset/call_kw/res.partner/read HTTP/1.1 200
2026-04-22 13:42:57,552 643416 DEBUG PROD_DB_01 odoo.modules.registry: Query time: 0.0241s
2026-04-22 13:42:59,482 643415 INFO ? werkzeug: Request from 192.168.1.106 processed in 445ms
2026-04-22 13:43:02,285 643415 ERROR ? odoo.http: Traceback (most recent call last):
  File "/odoo/odoo/http.py", line 1234, in dispatch
    return self._dispatch()
ValueError: invalid literal for int() with base 10
2026-04-22 13:43:02,968 643419 INFO MASTER_BASE_DEMO_STD_V10 odoo.addons.base: Worker (643419) serving request count: 75, registry count: 1.
2026-04-22 13:43:04,719 643419 WARNING MASTER_BASE_DEMO_STD_V10 werkzeug: Slow query detected: 3.44s
2026-04-22 13:43:05,839 643418 DEBUG MASTER_BASE_DEMO_STD_V10 odoo.addons.base.models: Query time: 0.0111s
2026-04-22 13:43:07,364 643420 DEBUG ? odoo.addons.base.models: SELECT id, name FROM res_partner WHERE active = true LIMIT 80
2026-04-22 13:43:09,056 643418 DEBUG ? odoo.sql_db: Query time: 0.0445s
2026-04-22 13:43:09,493 643416 INFO PROD_DB_01 odoo.http: Module base loaded in 2.047s
2026-04-22 13:43:11,846 643419 INFO PROD_DB_01 werkzeug: Worker (643419) serving request count: 20, registry count: 1.
2026-04-22 13:43:12,015 643415 WARNING MASTER_BASE_DEMO_STD_V10 werkzeug: Deprecated method called in module sale
2026-04-22 13:43:14,355 643417 DEBUG MASTER_BASE_DEMO_STD_V10 odoo.modules.registry: SELECT id, name FROM res_partner WHERE active = true LIMIT 80
2026-04-22 13:43:17,228 643415 INFO PROD_DB_01 odoo.addons.base: HTTP POST /web/dataset/call_kw/res.partner/read HTTP/1.1 200
2026-04-22 13:43:20,185 643420 INFO PROD_DB_01 odoo.modules.loading: Worker (643420) serving request count: 32, registry count: 1.
2026-04-22 13:43:21,089 643415 WARNING ? odoo.http: Memory usage high: 80%
2026-04-22 13:43:23,141 643416 INFO ? odoo.addons.base: Worker (643416) serving request count: 63, registry count: 1.
2026-04-22 13:43:25,480 643417 INFO MASTER_BASE_DEMO_STD_V10 odoo.http: Request from 192.168.1.23 processed in 253ms
2026-04-22 13:43:26,947 643419 INFO MASTER_BASE_DEMO_STD_V10 odoo.addons.base: Registry loaded for database MASTER_BASE_DEMO_STD_V10
2026-04-22 13:43:27,783 643416 INFO MASTER_BASE_DEMO_STD_V10 werkzeug: Request from 192.168.1.218 processed in 212ms
2026-04-22 13:43:28,217 643415 INFO MASTER_BASE_DEMO_STD_V10 odoo.addons.base: Request from 192.168.1.28 processed in 176ms
2026-04-22 13:43:29,426 643417 INFO MASTER_BASE_DEMO_STD_V10 werkzeug: Request from 192.168.1.249 processed in 133ms
2026-04-22 13:43:31,872 643417 DEBUG MASTER_BASE_DEMO_STD_V10 odoo.sql_db: Cache lookup for user 68
2026-04-22 13:43:33,496 643415 WARNING PROD_DB_01 werkzeug: Deprecated method called in module sale
2026-04-22 13:43:35,517 643417 INFO MASTER_BASE_DEMO_STD_V10 werkzeug: Worker (643417) serving request count: 74, registry count: 1.
2026-04-22 13:43:37,418 643418 INFO MASTER_BASE_DEMO_STD_V10 odoo.addons.base: Worker (643418) serving request count: 16, registry count: 1.
2026-04-22 13:43:39,344 643416 INFO PROD_DB_01 odoo.modules.loading: Registry loaded for database PROD_DB_01
2026-04-22 13:43:41,711 643419 INFO MASTER_BASE_DEMO_STD_V10 odoo.http: Request from 192.168.1.234 processed in 190ms
2026-04-22 13:43:44,405 643420 INFO ? odoo.addons.base: Registry loaded for database ?
2026-04-22 13:43:44,940 643415 INFO PROD_DB_01 odoo.http: Registry loaded for database PROD_DB_01
2026-04-22 13:43:47,034 643420 INFO MASTER_BASE_DEMO_STD_V10 werkzeug: Module base loaded in 1.118s
2026-04-22 13:43:49,166 643418 DEBUG ? odoo.sql_db: Query time: 0.0027s
2026-04-22 13:43:51,693 643420 INFO PROD_DB_01 odoo.addons.base: HTTP POST /web/dataset/call_kw/res.partner/read HTTP/1.1 200
2026-04-22 13:43:52,613 643417 ERROR MASTER_BASE_DEMO_STD_V10 werkzeug: HTTP 500 Internal Server Error on /web/action/load
2026-04-22 13:43:54,695 643417 INFO ? odoo.modules.loading: Registry loaded for database ?
2026-04-22 13:43:57,180 643417 INFO PROD_DB_01 odoo.http: Registry loaded for database PROD_DB_01
2026-04-22 13:43:58,292 643419 WARNING PROD_DB_01 werkzeug: Slow query detected: 4.11s
2026-04-22 13:44:00,157 643417 ERROR PROD_DB_01 odoo.sql_db: Traceback (most recent call last):
  File "/odoo/odoo/http.py", line 1234, in dispatch
    return self._dispatch()
ValueError: invalid literal for int() with base 10
2026-04-22 13:44:00,303 643417 WARNING MASTER_BASE_DEMO_STD_V10 werkzeug: Connection pool near capacity: 80/100
2026-04-22 13:44:02,500 643420 DEBUG PROD_DB_01 odoo.sql_db: Query time: 0.0324s
2026-04-22 13:44:03,520 643415 INFO PROD_DB_01 odoo.http: Registry loaded for database PROD_DB_01
2026-04-22 13:44:03,599 643419 INFO MASTER_BASE_DEMO_STD_V10 odoo.modules.loading: HTTP POST /web/dataset/call_kw/res.partner/read HTTP/1.1 200
2026-04-22 13:44:04,413 643416 DEBUG MASTER_BASE_DEMO_STD_V10 odoo.sql_db: Query time: 0.0209s
2026-04-22 13:44:06,612 643420 INFO PROD_DB_01 odoo.service.server: Module base loaded in 0.602s
2026-04-22 13:44:08,102 643415 INFO ? odoo.modules.loading: Request from 192.168.1.46 processed in 420ms
2026-04-22 13:44:08,575 643417 INFO MASTER_BASE_DEMO_STD_V10 werkzeug: Registry loaded for database MASTER_BASE_DEMO_STD_V10
2026-04-22 13:44:11,006 643420 INFO MASTER_BASE_DEMO_STD_V10 odoo.http: Registry loaded for database MASTER_BASE_DEMO_STD_V10
2026-04-22 13:44:13,889 643417 CRITICAL ? odoo.service.server: Worker 643417 killed after timeout
2026-04-22 13:44:14,091 643420 INFO MASTER_BASE_DEMO_STD_V10 werkzeug: Module base loaded in 1.586s
2026-04-22 13:44:15,515 643415 DEBUG MASTER_BASE_DEMO_STD_V10 odoo.addons.base.models: Query time: 0.0478s
2026-04-22 13:44:15,783 643415 WARNING MASTER_BASE_DEMO_STD_V10 odoo.http: Memory usage high: 71%
2026-04-22 13:44:16,284 643419 DEBUG PROD_DB_01 odoo.sql_db: Query time: 0.0202s
2026-04-22 13:44:18,224 643419 INFO ? odoo.modules.loading: Request from 192.168.1.133 processed in 105ms
2026-04-22 13:44:18,631 643418 INFO MASTER_BASE_DEMO_STD_V10 odoo.http: Registry loaded for database MASTER_BASE_DEMO_STD_V10
2026-04-22 13:44:21,097 643419 INFO PROD_DB_01 odoo.service.server: Worker (643419) serving request count: 45, registry count: 1.
2026-04-22 13:44:21,276 643418 INFO ? odoo.service.server: Registry loaded for database ?
2026-04-22 13:44:21,573 643418 INFO MASTER_BASE_DEMO_STD_V10 odoo.modules.loading: Registry loaded for database MASTER_BASE_DEMO_STD_V10
2026-04-22 13:44:22,517 643415 DEBUG MASTER_BASE_DEMO_STD_V10 odoo.sql_db: Query time: 0.0251s
2026-04-22 13:44:25,207 643419 DEBUG PROD_DB_01 odoo.addons.base.models: Registry cache hit for model res.users
2026-04-22 13:44:27,297 643416 INFO ? odoo.service.server: Request from 192.168.1.86 processed in 474ms
2026-04-22 13:44:29,717 643418 INFO MASTER_BASE_DEMO_STD_V10 werkzeug: Request from 192.168.1.217 processed in 333ms
2026-04-22 13:44:30,861 643418 INFO MASTER_BASE_DEMO_STD_V10 werkzeug: Module base loaded in 1.391s
2026-04-22 13:44:33,085 643418 DEBUG MASTER_BASE_DEMO_STD_V10 odoo.sql_db: Query time: 0.0122s
2026-04-22 13:44:34,007 643418 INFO PROD_DB_01 odoo.http: Module base loaded in 2.183s
2026-04-22 13:44:34,586 643419 INFO MASTER_BASE_DEMO_STD_V10 odoo.addons.base: HTTP POST /web/dataset/call_kw/res.partner/read HTTP/1.1 200
2026-04-22 13:44:35,638 643419 WARNING ? odoo.service.server: Memory usage high: 83%
2026-04-22 13:44:37,814 643420 INFO PROD_DB_01 odoo.http: HTTP POST /web/dataset/call_kw/res.partner/read HTTP/1.1 200
2026-04-22 13:44:40,270 643417 INFO MASTER_BASE_DEMO_STD_V10 odoo.modules.loading: Module base loaded in 1.207s
2026-04-22 13:44:40,340 643418 WARNING PROD_DB_01 odoo.http: Connection pool near capacity: 81/100
2026-04-22 13:44:41,236 643416 WARNING MASTER_BASE_DEMO_STD_V10 odoo.http: Slow query detected: 3.62s
2026-04-22 13:44:41,373 643416 ERROR MASTER_BASE_DEMO_STD_V10 odoo.http: HTTP 500 Internal Server Error on /web/action/load
2026-04-22 13:44:42,867 643418 INFO MASTER_BASE_DEMO_STD_V10 odoo.modules.loading: Request from 192.168.1.8 processed in 230ms
2026-04-22 13:44:44,044 643417 WARNING MASTER_BASE_DEMO_STD_V10 odoo.http: Deprecated method called in module sale
2026-04-22 13:44:44,691 643415 WARNING PROD_DB_01 odoo.http: Deprecated method called in module sale
2026-04-22 13:44:45,265 643417 INFO MASTER_BASE_DEMO_STD_V10 odoo.service.server: Worker (643417) serving request count: 50, registry count: 1.
2026-04-22 13:44:46,547 643415 INFO MASTER_BASE_DEMO_STD_V10 odoo.service.server: Module base loaded in 2.283s
2026-04-22 13:44:48,770 643417 INFO ? odoo.modules.loading: Registry loaded for database ?
2026-04-22 13:44:50,651 643419 ERROR MASTER_BASE_DEMO_STD_V10 odoo.service.server: HTTP 500 Internal Server Error on /web/action/load
2026-04-22 13:44:53,485 643420 INFO MASTER_BASE_DEMO_STD_V10 odoo.http: Worker (643420) serving request count: 69, registry count: 1.
2026-04-22 13:44:54,304 643420 WARNING MASTER_BASE_DEMO_STD_V10 werkzeug: Connection pool near capacity: 84/100
2026-04-22 13:44:56,420 643415 INFO PROD_DB_01 odoo.http: HTTP POST /web/dataset/call_kw/res.partner/read HTTP/1.1 200
2026-04-22 13:44:59,179 643419 DEBUG PROD_DB_01 odoo.modules.registry: SELECT id, name FROM res_partner WHERE active = true LIMIT 80
2026-04-22 13:44:59,736 643419 DEBUG PROD_DB_01 odoo.modules.registry: Cache lookup for user 65
2026-04-22 13:45:00,209 643418 DEBUG PROD_DB_01 odoo.sql_db: Query time: 0.0414s
2026-04-22 13:45:02,529 643419 INFO MASTER_BASE_DEMO_STD_V10 odoo.http: Module base loaded in 1.473s
2026-04-22 13:45:04,246 643417 DEBUG MASTER_BASE_DEMO_STD_V10 odoo.sql_db: Cache lookup for user 4
2026-04-22 13:45:06,735 643418 ERROR PROD_DB_01 odoo.service.server: Traceback (most recent call last):
  File "/odoo/odoo/http.py", line 1234, in dispatch
    return self._dispatch()
ValueError: invalid literal for int() with base 10
2026-04-22 13:45:08,147 643417 INFO MASTER_BASE_DEMO_STD_V10 odoo.service.server: Worker (643417) serving request count: 92, registry count: 1.
2026-04-22 13:45:09,993 643418 WARNING PROD_DB_01 werkzeug: Memory usage high: 90%
2026-04-22 13:45:11,155 643418 INFO MASTER_BASE_DEMO_STD_V10 odoo.http: Worker (643418) serving request count: 91, registry count: 1.
2026-04-22 13:45:13,037 643419 INFO PROD_DB_01 odoo.addons.base: Registry loaded for database PROD_DB_01
2026-04-22 13:45:13,244 643419 INFO MASTER_BASE_DEMO_STD_V10 odoo.http: Module base loaded in 1.540s
2026-04-22 13:45:14,565 643419 DEBUG ? odoo.modules.registry: SELECT id, name FROM res_partner WHERE active = true LIMIT 80
2026-04-22 13:45:16,361 643418 INFO PROD_DB_01 werkzeug: Module base loaded in 0.382s
2026-04-22 13:45:18,811 643417 INFO MASTER_BASE_DEMO_STD_V10 odoo.modules.loading: HTTP POST /web/dataset/call_kw/res.partner/read HTTP/1.1 200
2026-04-22 13:45:18,946 643420 INFO MASTER_BASE_DEMO_STD_V10 odoo.modules.loading: Registry loaded for database MASTER_BASE_DEMO_STD_V10
2026-04-22 13:45:20,472 643418 INFO MASTER_BASE_DEMO_STD_V10 odoo.http: Worker (643418) serving request count: 15, registry count: 1.
2026-04-22 13:45:20,944 643417 INFO MASTER_BASE_DEMO_STD_V10 odoo.service.server: Worker (643417) serving request count: 47, registry count: 1.
2026-04-22 13:45:22,440 643417 INFO PROD_DB_01 odoo.http: Registry loaded for database PROD_DB_01
2026-04-22 13:45:25,207 643419 INFO PROD_DB_01 werkzeug: HTTP POST /web/dataset/call_kw/res.partner/read HTTP/1.1 200
2026-04-22 13:45:27,552 643415 WARNING PROD_DB_01 odoo.sql_db: Memory usage high: 70%
2026-04-22 13:45:27,810 643420 INFO MASTER_BASE_DEMO_STD_V10 werkzeug: HTTP POST /web/dataset/call_kw/res.partner/read HTTP/1.1 200
2026-04-22 13:45:28,509 643417 INFO ? odoo.addons.base: Request from 192.168.1.60 processed in 119ms
2026-04-22 13:45:31,351 643419 ERROR MASTER_BASE_DEMO_STD_V10 werkzeug: psycopg2.OperationalError: connection to server failed
2026-04-22 13:45:33,759 643419 ERROR PROD_DB_01 odoo.sql_db: psycopg2.OperationalError: connection to server failed
2026-04-22 13:45:35,318 643415 INFO MASTER_BASE_DEMO_STD_V10 odoo.addons.base: Worker (643415) serving request count: 14, registry count: 1.
2026-04-22 13:45:35,547 643416 INFO PROD_DB_01 odoo.service.server: Worker (643416) serving request count: 91, registry count: 1.
2026-04-22 13:45:36,486 643420 ERROR ? odoo.http: AccessError: You do not have access rights to write on res.partner
2026-04-22 13:45:36,710 643419 INFO MASTER_BASE_DEMO_STD_V10 odoo.modules.loading: Worker (643419) serving request count: 82, registry count: 1.
2026-04-22 13:45:37,017 643420 DEBUG MASTER_BASE_DEMO_STD_V10 odoo.addons.base.models: SELECT id, name FROM res_partner WHERE active = true LIMIT 80
2026-04-22 13:45:38,921 643418 INFO MASTER_BASE_DEMO_STD_V10 odoo.http: HTTP POST /web/dataset/call_kw/res.partner/read HTTP/1.1 200
2026-04-22 13:45:40,195 643416 INFO MASTER_BASE_DEMO_STD_V10 odoo.modules.loading: Registry loaded for database MASTER_BASE_DEMO_STD_V10
2026-04-22 13:45:42,214 643417 INFO ? odoo.http: HTTP POST /web/dataset/call_kw/res.partner/read HTTP/1.1 200
2026-04-22 13:45:45,066 643416 WARNING ? werkzeug: Connection pool near capacity: 94/100
2026-04-22 13:45:45,496 643419 DEBUG ? odoo.modules.registry: Query time: 0.0414s
2026-04-22 13:45:47,866 643419 INFO ? odoo.addons.base: Module base loaded in 0.834s
2026-04-22 13:45:50,413 643418 INFO PROD_DB_01 odoo.modules.loading: Registry loaded for database PROD_DB_01
2026-04-22 13:45:51,736 643418 DEBUG MASTER_BASE_DEMO_STD_V10 odoo.addons.base.models: Cache lookup for user 20
2026-04-22 13:45:51,831 643419 WARNING ? odoo.service.server: Memory usage high: 82%
2026-04-22 13:45:54,008 643420 INFO MASTER_BASE_DEMO_STD_V10 odoo.addons.base: Worker (643420) serving request count: 18, registry count: 1.
2026-04-22 13:45:56,781 643416 WARNING MASTER_BASE_DEMO_STD_V10 odoo.service.server: Slow query detected: 2.84s
2026-04-22 13:45:57,758 643415 INFO MASTER_BASE_DEMO_STD_V10 werkzeug: Registry loaded for database MASTER_BASE_DEMO_STD_V10
2026-04-22 13:46:00,725 643420 INFO ? werkzeug: HTTP POST /web/dataset/call_kw/res.partner/read HTTP/1.1 200
2026-04-22 13:46:02,805 643417 INFO MASTER_BASE_DEMO_STD_V10 odoo.http: Module base loaded in 1.502s
2026-04-22 13:46:04,695 643420 DEBUG PROD_DB_01 odoo.modules.registry: SELECT id, name FROM res_partner WHERE active = true LIMIT 80
2026-04-22 13:46:06,189 643415 INFO MASTER_BASE_DEMO_STD_V10 werkzeug: Module base loaded in 1.664s
2026-04-22 13:46:07,285 643420 ERROR PROD_DB_01 odoo.http: AccessError: You do not have access rights to write on res.partner
2026-04-22 13:46:08,013 643416 INFO PROD_DB_01 werkzeug: Module base loaded in 0.952s
2026-04-22 13:46:08,790 643417 INFO PROD_DB_01 odoo.modules.loading: Module base loaded in 1.135s
2026-04-22 13:46:11,770 643418 INFO PROD_DB_01 odoo.modules.loading: HTTP POST /web/dataset/call_kw/res.partner/read HTTP/1.1 200
2026-04-22 13:46:14,161 643415 CRITICAL PROD_DB_01 odoo.service.server: Out of memory: killing worker
2026-04-22 13:46:14,299 643420 WARNING ? odoo.service.server: Connection pool near capacity: 87/100
2026-04-22 13:46:15,657 643419 INFO MASTER_BASE_DEMO_STD_V10 odoo.http: HTTP POST /web/dataset/call_kw/res.partner/read HTTP/1.1 200
2026-04-22 13:46:17,655 643419 ERROR ? odoo.http: Traceback (most recent call last):
  File "/odoo/odoo/http.py", line 1234, in dispatch
    return self._dispatch()
ValueError: invalid literal for int() with base 10
2026-04-22 13:46:20,455 643418 DEBUG MASTER_BASE_DEMO_STD_V10 odoo.modules.registry: SELECT id, name FROM res_partner WHERE active = true LIMIT 80
2026-04-22 13:46:22,152 643415 INFO MASTER_BASE_DEMO_STD_V10 werkzeug: HTTP POST /web/dataset/call_kw/res.partner/read HTTP/1.1 200
2026-04-22 13:46:24,367 643415 INFO ? odoo.http: HTTP POST /web/dataset/call_kw/res.partner/read HTTP/1.1 200
2026-04-22 13:46:24,502 643419 INFO MASTER_BASE_DEMO_STD_V10 werkzeug: HTTP POST /web/dataset/call_kw/res.partner/read HTTP/1.1 200
2026-04-22 13:46:24,943 643418 ERROR PROD_DB_01 odoo.http: HTTP 500 Internal Server Error on /web/action/load
2026-04-22 13:46:25,786 643419 INFO MASTER_BASE_DEMO_STD_V10 werkzeug: Request from 192.168.1.123 processed in 379ms
2026-04-22 13:46:26,000 643416 INFO MASTER_BASE_DEMO_STD_V10 odoo.addons.base: HTTP POST /web/dataset/call_kw/res.partner/read HTTP/1.1 200
2026-04-22 13:46:27,916 643419 INFO MASTER_BASE_DEMO_STD_V10 werkzeug: Worker (643419) serving request count: 58, registry count: 1.
2026-04-22 13:46:29,126 643415 INFO MASTER_BASE_DEMO_STD_V10 werkzeug: Registry loaded for database MASTER_BASE_DEMO_STD_V10
2026-04-22 13:46:30,615 643418 INFO MASTER_BASE_DEMO_STD_V10 odoo.modules.loading: Registry loaded for database MASTER_BASE_DEMO_STD_V10
2026-04-22 13:46:32,056 643417 INFO ? odoo.modules.loading: Worker (643417) serving request count: 42, registry count: 1.
2026-04-22 13:46:33,977 643418 ERROR MASTER_BASE_DEMO_STD_V10 odoo.http: AccessError: You do not have access rights to write on res.partner
2026-04-22 13:46:35,964 643420 DEBUG MASTER_BASE_DEMO_STD_V10 odoo.modules.registry: SELECT id, name FROM res_partner WHERE active = true LIMIT 80
2026-04-22 13:46:37,473 643415 ERROR ? werkzeug: psycopg2.OperationalError: connection to server failed
2026-04-22 13:46:39,894 643418 INFO ? odoo.service.server: HTTP POST /web/dataset/call_kw/res.partner/read HTTP/1.1 200
2026-04-22 13:46:41,513 643415 INFO MASTER_BASE_DEMO_STD_V10 odoo.modules.loading: Worker (643415) serving request count: 47, registry count: 1.
2026-04-22 13:46:42,503 643419 WARNING MASTER_BASE_DEMO_STD_V10 odoo.sql_db: Connection pool near capacity: 91/100
2026-04-22 13:46:44,939 643420 DEBUG MASTER_BASE_DEMO_STD_V10 odoo.modules.registry: Cache lookup for user 8
2026-04-22 13:46:46,204 643419 INFO MASTER_BASE_DEMO_STD_V10 odoo.addons.base: Registry loaded for database MASTER_BASE_DEMO_STD_V10
2026-04-22 13:46:47,339 643420 INFO PROD_DB_01 odoo.http: Request from 192.168.1.190 processed in 61ms
2026-04-22 13:46:47,670 643417 WARNING MASTER_BASE_DEMO_STD_V10 odoo.service.server: Deprecated method called in module sale
2026-04-22 13:46:50,205 643415 INFO PROD_DB_01 werkzeug: Registry loaded for database PROD_DB_01
2026-04-22 13:46:51,230 643416 INFO ? odoo.http: Request from 192.168.1.180 processed in 159ms
2026-04-22 13:46:53,646 643415 WARNING PROD_DB_01 odoo.sql_db: Memory usage high: 77%
2026-04-22 13:46:53,831 643418 DEBUG MASTER_BASE_DEMO_STD_V10 odoo.sql_db: Query time: 0.0395s
2026-04-22 13:46:54,132 643418 INFO MASTER_BASE_DEMO_STD_V10 odoo.http: Worker (643418) serving request count: 80, registry count: 1.
2026-04-22 13:46:56,752 643416 WARNING ? odoo.sql_db: Deprecated method called in module sale
2026-04-22 13:46:58,352 643418 DEBUG PROD_DB_01 odoo.sql_db: Cache lookup for user 13
2026-04-22 13:46:59,371 643420 ERROR MASTER_BASE_DEMO_STD_V10 odoo.sql_db: psycopg2.OperationalError: connection to server failed
2026-04-22 13:47:02,229 643415 INFO PROD_DB_01 odoo.addons.base: HTTP POST /web/dataset/call_kw/res.partner/read HTTP/1.1 200
2026-04-22 13:47:03,292 643416 DEBUG MASTER_BASE_DEMO_STD_V10 odoo.modules.registry: Query time: 0.0299s
2026-04-22 13:47:05,388 643420 INFO PROD_DB_01 odoo.http: Module base loaded in 1.790s
2026-04-22 13:47:06,049 643417 CRITICAL PROD_DB_01 odoo.service.server: Out of memory: killing worker
2026-04-22 13:47:07,608 643416 INFO ? werkzeug: Registry loaded for database ?
2026-04-22 13:47:07,708 643416 INFO PROD_DB_01 werkzeug: Request from 192.168.1.38 processed in 339ms
2026-04-22 13:47:10,468 643419 WARNING ? odoo.sql_db: Deprecated method called in module sale
2026-04-22 13:47:12,304 643419 INFO MASTER_BASE_DEMO_STD_V10 odoo.service.server: Request from 192.168.1.7 processed in 315ms
2026-04-22 13:47:15,013 643419 INFO PROD_DB_01 odoo.addons.base: Registry loaded for database PROD_DB_01
2026-04-22 13:47:15,263 643415 WARNING MASTER_BASE_DEMO_STD_V10 werkzeug: Deprecated method called in module sale
2026-04-22 13:47:18,050 643417 DEBUG ? odoo.modules.registry: SELECT id, name FROM res_partner WHERE active = true LIMIT 80
2026-04-22 13:47:19,236 643415 DEBUG ? odoo.sql_db: Registry cache hit for model res.users
2026-04-22 13:47:19,716 643415 DEBUG ? odoo.addons.base.models: Cache lookup for user 95
2026-04-22 13:47:21,543 643417 INFO ? werkzeug: Module base loaded in 2.408s
2026-04-22 13:47:24,441 643418 WARNING MASTER_BASE_DEMO_STD_V10 odoo.http: Slow query detected: 2.02s
2026-04-22 13:47:26,134 643417 INFO ? odoo.http: Module base loaded in 1.564s
2026-04-22 13:47:26,383 643415 INFO MASTER_BASE_DEMO_STD_V10 werkzeug: HTTP POST /web/dataset/call_kw/res.partner/read HTTP/1.1 200
2026-04-22 13:47:29,050 643418 INFO PROD_DB_01 odoo.addons.base: Registry loaded for database PROD_DB_01
2026-04-22 13:47:31,134 643420 INFO ? odoo.http: HTTP POST /web/dataset/call_kw/res.partner/read HTTP/1.1 200
2026-04-22 13:47:33,914 643419 DEBUG PROD_DB_01 odoo.addons.base.models: Registry cache hit for model res.users
2026-04-22 13:47:35,547 643417 DEBUG ? odoo.sql_db: SELECT id, name FROM res_partner WHERE active = true LIMIT 80
2026-04-22 13:47:38,102 643415 INFO ? odoo.http: Registry loaded for database ?
2026-04-22 13:47:38,610 643418 DEBUG ? odoo.addons.base.models: Query time: 0.0292s
2026-04-22 13:47:41,438 643416 INFO MASTER_BASE_DEMO_STD_V10 odoo.modules.loading: Request from 192.168.1.196 processed in 289ms
2026-04-22 13:47:44,115 643417 INFO MASTER_BASE_DEMO_STD_V10 odoo.addons.base: Module base loaded in 1.979s
2026-04-22 13:47:45,129 643416 INFO PROD_DB_01 odoo.modules.loading: HTTP POST /web/dataset/call_kw/res.partner/read HTTP/1.1 200
2026-04-22 13:47:46,312 643420 WARNING ? odoo.service.server: Slow query detected: 3.18s
2026-04-22 13:47:47,007 643419 INFO MASTER_BASE_DEMO_STD_V10 odoo.http: HTTP POST /web/dataset/call_kw/res.partner/read HTTP/1.1 200
2026-04-22 13:47:47,579 643416 INFO MASTER_BASE_DEMO_STD_V10 odoo.service.server: Module base loaded in 1.326s
2026-04-22 13:47:48,629 643415 DEBUG PROD_DB_01 odoo.addons.base.models: Query time: 0.0363s
2026-04-22 13:47:51,334 643420 INFO PROD_DB_01 werkzeug: HTTP POST /web/dataset/call_kw/res.partner/read HTTP/1.1 200
2026-04-22 13:47:53,262 643415 INFO MASTER_BASE_DEMO_STD_V10 odoo.modules.loading: Module base loaded in 0.824s
2026-04-22 13:47:54,744 643416 INFO MASTER_BASE_DEMO_STD_V10 odoo.service.server: HTTP POST /web/dataset/call_kw/res.partner/read HTTP/1.1 200
2026-04-22 13:47:56,675 643416 INFO PROD_DB_01 odoo.addons.base: Module base loaded in 1.013s
2026-04-22 13:47:59,361 643418 INFO ? odoo.modules.loading: HTTP POST /web/dataset/call_kw/res.partner/read HTTP/1.1 200
2026-04-22 13:48:01,077 643415 INFO ? odoo.service.server: Request from 192.168.1.207 processed in 271ms
2026-04-22 13:48:03,472 643418 WARNING MASTER_BASE_DEMO_STD_V10 odoo.service.server: Deprecated method called in module sale
2026-04-22 13:48:04,750 643415 INFO ? odoo.addons.base: Module base loaded in 0.563s
2026-04-22 13:48:05,415 643419 INFO MASTER_BASE_DEMO_STD_V10 odoo.service.server: HTTP POST /web/dataset/call_kw/res.partner/read HTTP/1.1 200
2026-04-22 13:48:07,968 643418 ERROR MASTER_BASE_DEMO_STD_V10 odoo.http: Traceback (most recent call last):
  File "/odoo/odoo/http.py", line 1234, in dispatch
    return self._dispatch()
ValueError: invalid literal for int() with base 10
2026-04-22 13:48:10,419 643420 INFO ? odoo.http: Request from 192.168.1.54 processed in 275ms
2026-04-22 13:48:10,834 643415 INFO ? odoo.service.server: Registry loaded for database ?
2026-04-22 13:48:13,517 643415 INFO ? odoo.http: Worker (643415) serving request count: 88, registry count: 1.
2026-04-22 13:48:14,936 643417 ERROR PROD_DB_01 werkzeug: Traceback (most recent call last):
  File "/odoo/odoo/http.py", line 1234, in dispatch
    return self._dispatch()
ValueError: invalid literal for int() with base 10
2026-04-22 13:48:15,714 643415 ERROR MASTER_BASE_DEMO_STD_V10 odoo.service.server: HTTP 500 Internal Server Error on /web/action/load
2026-04-22 13:48:18,315 643418 DEBUG MASTER_BASE_DEMO_STD_V10 odoo.sql_db: Query time: 0.0335s
2026-04-22 13:48:20,372 643415 WARNING MASTER_BASE_DEMO_STD_V10 werkzeug: Connection pool near capacity: 89/100
2026-04-22 13:48:21,990 643418 ERROR PROD_DB_01 odoo.service.server: AccessError: You do not have access rights to write on res.partner
2026-04-22 13:48:22,243 643420 DEBUG MASTER_BASE_DEMO_STD_V10 odoo.modules.registry: SELECT id, name FROM res_partner WHERE active = true LIMIT 80
2026-04-22 13:48:24,101 643415 DEBUG PROD_DB_01 odoo.sql_db: Registry cache hit for model res.users
2026-04-22 13:48:25,214 643415 DEBUG MASTER_BASE_DEMO_STD_V10 odoo.addons.base.models: Registry cache hit for model res.users
2026-04-22 13:48:27,857 643417 INFO PROD_DB_01 werkzeug: HTTP POST /web/dataset/call_kw/res.partner/read HTTP/1.1 200
2026-04-22 13:48:29,693 643417 INFO MASTER_BASE_DEMO_STD_V10 odoo.addons.base: Worker (643417) serving request count: 43, registry count: 1.
2026-04-22 13:48:32,504 643416 INFO ? odoo.http: Module base loaded in 0.437s
2026-04-22 13:48:32,829 643419 INFO ? odoo.http: Request from 192.168.1.142 processed in 64ms
2026-04-22 13:48:34,407 643420 DEBUG MASTER_BASE_DEMO_STD_V10 odoo.addons.base.models: Registry cache hit for model res.users
2026-04-22 13:48:35,702 643420 DEBUG MASTER_BASE_DEMO_STD_V10 odoo.sql_db: SELECT id, name FROM res_partner WHERE active = true LIMIT 80
2026-04-22 13:48:36,911 643420 INFO PROD_DB_01 odoo.addons.base: Request from 192.168.1.29 processed in 153ms
2026-04-22 13:48:39,063 643416 ERROR ? odoo.http: psycopg2.OperationalError: connection to server failed
2026-04-22 13:48:39,802 643417 INFO MASTER_BASE_DEMO_STD_V10 odoo.service.server: Request from 192.168.1.232 processed in 66ms
2026-04-22 13:48:41,696 643415 INFO MASTER_BASE_DEMO_STD_V10 odoo.modules.loading: Module base loaded in 1.652s
2026-04-22 13:48:44,278 643418 CRITICAL ? odoo.service.server: Worker 643418 killed after timeout
2026-04-22 13:48:46,884 643417 INFO MASTER_BASE_DEMO_STD_V10 odoo.addons.base: HTTP POST /web/dataset/call_kw/res.partner/read HTTP/1.1 200
2026-04-22 13:48:47,946 643415 DEBUG ? odoo.addons.base.models: SELECT id, name FROM res_partner WHERE active = true LIMIT 80
2026-04-22 13:48:49,274 643418 ERROR MASTER_BASE_DEMO_STD_V10 odoo.service.server: Traceback (most recent call last):
  File "/odoo/odoo/http.py", line 1234, in dispatch
    return self._dispatch()
ValueError: invalid literal for int() with base 10
2026-04-22 13:48:52,270 643416 INFO MASTER_BASE_DEMO_STD_V10 odoo.service.server: Worker (643416) serving request count: 8, registry count: 1.
2026-04-22 13:48:52,739 643416 INFO MASTER_BASE_DEMO_STD_V10 odoo.modules.loading: Request from 192.168.1.75 processed in 98ms
2026-04-22 13:48:53,302 643420 INFO PROD_DB_01 werkzeug: Request from 192.168.1.45 processed in 487ms
2026-04-22 13:48:54,346 643420 CRITICAL MASTER_BASE_DEMO_STD_V10 odoo.service.server: Failed to load registry for MASTER_BASE_DEMO_STD_V10: database does not exist
2026-04-22 13:48:55,678 643416 INFO PROD_DB_01 odoo.modules.loading: Request from 192.168.1.62 processed in 279ms
2026-04-22 13:48:57,669 643418 INFO PROD_DB_01 odoo.modules.loading: HTTP POST /web/dataset/call_kw/res.partner/read HTTP/1.1 200
2026-04-22 13:48:59,740 643419 DEBUG ? odoo.addons.base.models: Query time: 0.0204s
2026-04-22 13:49:01,998 643415 DEBUG ? odoo.modules.registry: SELECT id, name FROM res_partner WHERE active = true LIMIT 80
2026-04-22 13:49:04,711 643418 INFO PROD_DB_01 odoo.service.server: Module base loaded in 1.777s
2026-04-22 13:49:04,837 643415 DEBUG ? odoo.sql_db: Registry cache hit for model res.users
2026-04-22 13:49:06,019 643417 INFO PROD_DB_01 odoo.http: HTTP POST /web/dataset/call_kw/res.partner/read HTTP/1.1 200
2026-04-22 13:49:08,817 643419 INFO MASTER_BASE_DEMO_STD_V10 werkzeug: Worker (643419) serving request count: 97, registry count: 1.
2026-04-22 13:49:11,123 643419 INFO MASTER_BASE_DEMO_STD_V10 odoo.modules.loading: Worker (643419) serving request count: 14, registry count: 1.
2026-04-22 13:49:13,534 643419 INFO ? odoo.modules.loading: Registry loaded for database ?
2026-04-22 13:49:16,250 643419 INFO MASTER_BASE_DEMO_STD_V10 werkzeug: Worker (643419) serving request count: 6, registry count: 1.
2026-04-22 13:49:18,170 643417 WARNING MASTER_BASE_DEMO_STD_V10 odoo.sql_db: Slow query detected: 3.32s
2026-04-22 13:49:18,550 643415 DEBUG MASTER_BASE_DEMO_STD_V10 odoo.addons.base.models: Query time: 0.0050s
2026-04-22 13:49:19,879 643416 DEBUG MASTER_BASE_DEMO_STD_V10 odoo.modules.registry: SELECT id, name FROM res_partner WHERE active = true LIMIT 80
2026-04-22 13:49:21,892 643418 INFO PROD_DB_01 odoo.addons.base: Registry loaded for database PROD_DB_01
2026-04-22 13:49:23,361 643416 INFO ? werkzeug: Request from 192.168.1.33 processed in 398ms
2026-04-22 13:49:25,781 643417 INFO PROD_DB_01 odoo.addons.base: Worker (643417) serving request count: 46, registry count: 1.
2026-04-22 13:49:27,349 643416 DEBUG PROD_DB_01 odoo.sql_db: SELECT id, name FROM res_partner WHERE active = true LIMIT 80
2026-04-22 13:49:28,740 643420 DEBUG PROD_DB_01 odoo.modules.registry: Registry cache hit for model res.users
2026-04-22 13:49:31,611 643420 INFO MASTER_BASE_DEMO_STD_V10 odoo.service.server: Request from 192.168.1.153 processed in 215ms
2026-04-22 13:49:32,604 643420 CRITICAL ? odoo.service.server: Failed to load registry for ?: database does not exist
2026-04-22 13:49:34,110 643418 DEBUG MASTER_BASE_DEMO_STD_V10 odoo.modules.registry: SELECT id, name FROM res_partner WHERE active = true LIMIT 80
2026-04-22 13:49:35,132 643418 INFO MASTER_BASE_DEMO_STD_V10 odoo.modules.loading: Registry loaded for database MASTER_BASE_DEMO_STD_V10
2026-04-22 13:49:37,091 643419 WARNING MASTER_BASE_DEMO_STD_V10 odoo.http: Deprecated method called in module sale
2026-04-22 13:49:39,254 643416 INFO MASTER_BASE_DEMO_STD_V10 odoo.addons.base: Worker (643416) serving request count: 84, registry count: 1.
2026-04-22 13:49:40,562 643417 DEBUG PROD_DB_01 odoo.sql_db: SELECT id, name FROM res_partner WHERE active = true LIMIT 80
2026-04-22 13:49:42,419 643416 DEBUG ? odoo.sql_db: Registry cache hit for model res.users
2026-04-22 13:49:42,828 643415 INFO MASTER_BASE_DEMO_STD_V10 odoo.modules.loading: HTTP POST /web/dataset/call_kw/res.partner/read HTTP/1.1 200
2026-04-22 13:49:43,541 643418 CRITICAL MASTER_BASE_DEMO_STD_V10 odoo.service.server: Worker 643418 killed after timeout
2026-04-22 13:49:44,960 643420 WARNING PROD_DB_01 odoo.sql_db: Deprecated method called in module sale
2026-04-22 13:49:47,897 643416 INFO PROD_DB_01 odoo.service.server: HTTP POST /web/dataset/call_kw/res.partner/read HTTP/1.1 200
2026-04-22 13:49:49,194 643416 INFO PROD_DB_01 odoo.service.server: HTTP POST /web/dataset/call_kw/res.partner/read HTTP/1.1 200
2026-04-22 13:49:50,975 643417 INFO ? odoo.addons.base: Request from 192.168.1.115 processed in 333ms
2026-04-22 13:49:53,351 643417 DEBUG ? odoo.sql_db: SELECT id, name FROM res_partner WHERE active = true LIMIT 80
2026-04-22 13:49:54,169 643417 DEBUG ? odoo.modules.registry: Query time: 0.0114s
2026-04-22 13:49:54,750 643417 INFO ? odoo.http: Module base loaded in 2.031s
2026-04-22 13:49:54,807 643418 INFO PROD_DB_01 odoo.service.server: Module base loaded in 0.907s
2026-04-22 13:49:56,721 643420 DEBUG MASTER_BASE_DEMO_STD_V10 odoo.sql_db: Registry cache hit for model res.users
2026-04-22 13:49:59,560 643420 INFO MASTER_BASE_DEMO_STD_V10 odoo.addons.base: Registry loaded for database MASTER_BASE_DEMO_STD_V10
2026-04-22 13:50:02,300 643416 INFO ? odoo.service.server: HTTP POST /web/dataset/call_kw/res.partner/read HTTP/1.1 200
2026-04-22 13:50:04,620 643419 INFO ? werkzeug: Module base loaded in 1.151s
2026-04-22 13:50:05,561 643415 INFO ? odoo.service.server: Request from 192.168.1.33 processed in 409ms
2026-04-22 13:50:07,961 643419 INFO ? odoo.modules.loading: Request from 192.168.1.11 processed in 147ms
2026-04-22 13:50:09,490 643417 INFO PROD_DB_01 odoo.http: HTTP POST /web/dataset/call_kw/res.partner/read HTTP/1.1 200
2026-04-22 13:50:12,182 643415 DEBUG ? odoo.addons.base.models: SELECT id, name FROM res_partner WHERE active = true LIMIT 80
2026-04-22 13:50:14,602 643418 DEBUG PROD_DB_01 odoo.addons.base.models: SELECT id, name FROM res_partner WHERE active = true LIMIT 80
2026-04-22 13:50:16,636 643417 WARNING PROD_DB_01 odoo.http: Connection pool near capacity: 83/100
2026-04-22 13:50:19,396 643416 INFO MASTER_BASE_DEMO_STD_V10 odoo.service.server: HTTP POST /web/dataset/call_kw/res.partner/read HTTP/1.1 200
2026-04-22 13:50:20,410 643416 DEBUG ? odoo.sql_db: Query time: 0.0340s
2026-04-22 13:50:22,141 643415 INFO PROD_DB_01 werkzeug: Request from 192.168.1.230 processed in 238ms
2026-04-22 13:50:24,108 643420 ERROR MASTER_BASE_DEMO_STD_V10 odoo.service.server: Traceback (most recent call last):
  File "/odoo/odoo/http.py", line 1234, in dispatch
    return self._dispatch()
ValueError: invalid literal for int() with base 10
2026-04-22 13:50:26,447 643418 DEBUG MASTER_BASE_DEMO_STD_V10 odoo.sql_db: Query time: 0.0347s
2026-04-22 13:50:29,154 643420 INFO PROD_DB_01 odoo.modules.loading: Request from 192.168.1.173 processed in 168ms
2026-04-22 13:50:31,318 643418 DEBUG ? odoo.modules.registry: Registry cache hit for model res.users
2026-04-22 13:50:34,299 643420 ERROR MASTER_BASE_DEMO_STD_V10 odoo.sql_db: psycopg2.OperationalError: connection to server failed
2026-04-22 13:50:34,507 643420 INFO MASTER_BASE_DEMO_STD_V10 odoo.service.server: HTTP POST /web/dataset/call_kw/res.partner/read HTTP/1.1 200
2026-04-22 13:50:36,582 643417 WARNING MASTER_BASE_DEMO_STD_V10 odoo.sql_db: Deprecated method called in module sale
2026-04-22 13:50:38,448 643420 INFO ? odoo.addons.base: Request from 192.168.1.178 processed in 12ms
2026-04-22 13:50:39,770 643420 DEBUG ? odoo.modules.registry: Query time: 0.0050s
2026-04-22 13:50:40,430 643417 ERROR MASTER_BASE_DEMO_STD_V10 odoo.service.server: HTTP 500 Internal Server Error on /web/action/load
2026-04-22 13:50:40,722 643418 DEBUG ? odoo.modules.registry: SELECT id, name FROM res_partner WHERE active = true LIMIT 80
2026-04-22 13:50:42,669 643419 INFO MASTER_BASE_DEMO_STD_V10 odoo.modules.loading: Request from 192.168.1.63 processed in 85ms
2026-04-22 13:50:43,887 643420 DEBUG MASTER_BASE_DEMO_STD_V10 odoo.sql_db: Query time: 0.0237s
2026-04-22 13:50:46,637 643418 INFO ? odoo.http: Worker (643418) serving request count: 87, registry count: 1.
2026-04-22 13:50:46,920 643420 INFO MASTER_BASE_DEMO_STD_V10 odoo.addons.base: HTTP POST /web/dataset/call_kw/res.partner/read HTTP/1.1 200
2026-04-22 13:50:49,018 643420 ERROR MASTER_BASE_DEMO_STD_V10 odoo.service.server: AccessError: You do not have access rights to write on res.partner
2026-04-22 13:50:49,726 643419 INFO MASTER_BASE_DEMO_STD_V10 odoo.http: Worker (643419) serving request count: 16, registry count: 1.
2026-04-22 13:50:50,157 643415 INFO PROD_DB_01 odoo.modules.loading: Module base loaded in 2.054s
2026-04-22 13:50:51,759 643420 WARNING MASTER_BASE_DEMO_STD_V10 odoo.sql_db: Deprecated method called in module sale
2026-04-22 13:50:52,041 643418 INFO PROD_DB_01 odoo.modules.loading: Worker (643418) serving request count: 59, registry count: 1.
2026-04-22 13:50:53,652 643417 WARNING ? odoo.service.server: Memory usage high: 76%
2026-04-22 13:50:54,993 643416 INFO MASTER_BASE_DEMO_STD_V10 odoo.modules.loading: Request from 192.168.1.32 processed in 42ms
2026-04-22 13:50:57,467 643415 WARNING MASTER_BASE_DEMO_STD_V10 odoo.http: Deprecated method called in module sale
2026-04-22 13:50:59,163 643416 DEBUG MASTER_BASE_DEMO_STD_V10 odoo.sql_db: Registry cache hit for model res.users
2026-04-22 13:50:59,521 643416 CRITICAL PROD_DB_01 odoo.service.server: Worker 643416 killed after timeout
2026-04-22 13:51:02,220 643416 WARNING ? odoo.http: Connection pool near capacity: 91/100
2026-04-22 13:51:02,827 643420 INFO ? odoo.service.server: Module base loaded in 0.361s
2026-04-22 13:51:05,421 643420 DEBUG PROD_DB_01 odoo.modules.registry: SELECT id, name FROM res_partner WHERE active = true LIMIT 80
2026-04-22 13:51:06,598 643419 WARNING PROD_DB_01 odoo.service.server: Slow query detected: 2.23s
2026-04-22 13:51:08,818 643418 INFO PROD_DB_01 odoo.service.server: HTTP POST /web/dataset/call_kw/res.partner/read HTTP/1.1 200
2026-04-22 13:51:10,141 643420 ERROR MASTER_BASE_DEMO_STD_V10 odoo.http: Traceback (most recent call last):
  File "/odoo/odoo/http.py", line 1234, in dispatch
    return self._dispatch()
ValueError: invalid literal for int() with base 10
2026-04-22 13:51:11,613 643416 DEBUG MASTER_BASE_DEMO_STD_V10 odoo.modules.registry: Registry cache hit for model res.users
2026-04-22 13:51:14,237 643420 INFO MASTER_BASE_DEMO_STD_V10 odoo.addons.base: Registry loaded for database MASTER_BASE_DEMO_STD_V10
2026-04-22 13:51:14,473 643417 WARNING MASTER_BASE_DEMO_STD_V10 werkzeug: Connection pool near capacity: 91/100
2026-04-22 13:51:15,989 643416 INFO ? werkzeug: Module base loaded in 0.785s
2026-04-22 13:51:17,638 643419 INFO MASTER_BASE_DEMO_STD_V10 odoo.service.server: Request from 192.168.1.79 processed in 223ms
2026-04-22 13:51:17,723 643418 INFO MASTER_BASE_DEMO_STD_V10 werkzeug: Registry loaded for database MASTER_BASE_DEMO_STD_V10
2026-04-22 13:51:19,268 643417 WARNING ? werkzeug: Connection pool near capacity: 91/100
2026-04-22 13:51:20,873 643420 INFO MASTER_BASE_DEMO_STD_V10 odoo.modules.loading: Worker (643420) serving request count: 33, registry count: 1.
2026-04-22 13:51:21,960 643417 WARNING PROD_DB_01 odoo.http: Memory usage high: 72%
2026-04-22 13:51:24,359 643415 WARNING MASTER_BASE_DEMO_STD_V10 odoo.http: Deprecated method called in module sale
2026-04-22 13:51:26,717 643418 INFO MASTER_BASE_DEMO_STD_V10 odoo.http: Module base loaded in 1.796s
2026-04-22 13:51:27,276 643416 DEBUG MASTER_BASE_DEMO_STD_V10 odoo.sql_db: Registry cache hit for model res.users
2026-04-22 13:51:30,112 643420 CRITICAL PROD_DB_01 odoo.service.server: Failed to load registry for PROD_DB_01: database does not exist
2026-04-22 13:51:32,761 643420 DEBUG PROD_DB_01 odoo.modules.registry: Query time: 0.0470s
2026-04-22 13:51:35,619 643416 ERROR ? odoo.sql_db: AccessError: You do not have access rights to write on res.partner
2026-04-22 13:51:36,752 643419 DEBUG PROD_DB_01 odoo.modules.registry: Query time: 0.0464s
2026-04-22 13:51:39,354 643420 INFO ? odoo.addons.base: Worker (643420) serving request count: 23, registry count: 1.
2026-04-22 13:51:39,851 643420 INFO PROD_DB_01 odoo.modules.loading: Worker (643420) serving request count: 14, registry count: 1.
2026-04-22 13:51:42,697 643416 INFO MASTER_BASE_DEMO_STD_V10 odoo.modules.loading: Worker (643416) serving request count: 27, registry count: 1.
2026-04-22 13:51:44,334 643418 INFO ? odoo.http: Request from 192.168.1.182 processed in 20ms
2026-04-22 13:51:45,979 643417 INFO PROD_DB_01 odoo.service.server: HTTP POST /web/dataset/call_kw/res.partner/read HTTP/1.1 200
2026-04-22 13:51:46,531 643415 ERROR PROD_DB_01 odoo.sql_db: Traceback (most recent call last):
  File "/odoo/odoo/http.py", line 1234, in dispatch
    return self._dispatch()
ValueError: invalid literal for int() with base 10
2026-04-22 13:51:47,118 643420 INFO MASTER_BASE_DEMO_STD_V10 odoo.service.server: Module base loaded in 0.801s
2026-04-22 13:51:48,628 643419 INFO MASTER_BASE_DEMO_STD_V10 werkzeug: Module base loaded in 1.277s
2026-04-22 13:51:49,522 643416 DEBUG PROD_DB_01 odoo.addons.base.models: Registry cache hit for model res.users
2026-04-22 13:51:51,443 643420 INFO MASTER_BASE_DEMO_STD_V10 werkzeug: HTTP POST /web/dataset/call_kw/res.partner/read HTTP/1.1 200
2026-04-22 13:51:51,819 643416 WARNING PROD_DB_01 odoo.sql_db: Deprecated method called in module sale
2026-04-22 13:51:53,675 643418 WARNING MASTER_BASE_DEMO_STD_V10 odoo.service.server: Memory usage high: 86%
2026-04-22 13:51:56,454 643419 WARNING PROD_DB_01 odoo.http: Connection pool near capacity: 82/100
2026-04-22 13:51:57,522 643418 INFO MASTER_BASE_DEMO_STD_V10 odoo.http: Worker (643418) serving request count: 72, registry count: 1.
2026-04-22 13:51:59,849 643415 INFO MASTER_BASE_DEMO_STD_V10 odoo.addons.base: Worker (643415) serving request count: 7, registry count: 1.
2026-04-22 13:52:01,812 643416 INFO MASTER_BASE_DEMO_STD_V10 odoo.service.server: Worker (643416) serving request count: 79, registry count: 1.
2026-04-22 13:52:02,212 643417 DEBUG PROD_DB_01 odoo.sql_db: Registry cache hit for model res.users
2026-04-22 13:52:05,089 643420 INFO PROD_DB_01 odoo.addons.base: Worker (643420) serving request count: 90, registry count: 1.
2026-04-22 13:52:07,367 643418 DEBUG MASTER_BASE_DEMO_STD_V10 odoo.addons.base.models: Registry cache hit for model res.users
2026-04-22 13:52:09,713 643415 DEBUG ? odoo.sql_db: SELECT id, name FROM res_partner WHERE active = true LIMIT 80
2026-04-22 13:52:12,156 643419 WARNING PROD_DB_01 odoo.service.server: Memory usage high: 88%
2026-04-22 13:52:12,744 643415 INFO MASTER_BASE_DEMO_STD_V10 odoo.http: HTTP POST /web/dataset/call_kw/res.partner/read HTTP/1.1 200
2026-04-22 13:52:14,696 643420 ERROR MASTER_BASE_DEMO_STD_V10 werkzeug: HTTP 500 Internal Server Error on /web/action/load
2026-04-22 13:52:17,289 643418 INFO MASTER_BASE_DEMO_STD_V10 odoo.modules.loading: Request from 192.168.1.4 processed in 424ms
2026-04-22 13:52:17,351 643418 ERROR PROD_DB_01 odoo.sql_db: AccessError: You do not have access rights to write on res.partner
2026-04-22 13:52:17,449 643417 INFO PROD_DB_01 odoo.service.server: HTTP POST /web/dataset/call_kw/res.partner/read HTTP/1.1 200
2026-04-22 13:52:19,736 643420 INFO PROD_DB_01 odoo.addons.base: HTTP POST /web/dataset/call_kw/res.partner/read HTTP/1.1 200
2026-04-22 13:52:19,806 643417 DEBUG MASTER_BASE_DEMO_STD_V10 odoo.modules.registry: Cache lookup for user 38
2026-04-22 13:52:20,872 643416 INFO PROD_DB_01 werkzeug: Module base loaded in 1.304s
2026-04-22 13:52:23,134 643415 ERROR PROD_DB_01 odoo.http: psycopg2.OperationalError: connection to server failed
2026-04-22 13:52:24,109 643417 DEBUG PROD_DB_01 odoo.addons.base.models: Query time: 0.0169s
2026-04-22 13:52:24,757 643418 INFO ? odoo.http: Worker (643418) serving request count: 38, registry count: 1.
2026-04-22 13:52:25,980 643419 INFO ? werkzeug: HTTP POST /web/dataset/call_kw/res.partner/read HTTP/1.1 200
2026-04-22 13:52:28,876 643420 INFO PROD_DB_01 odoo.addons.base: Request from 192.168.1.81 processed in 233ms
2026-04-22 13:52:30,545 643415 DEBUG ? odoo.modules.registry: Query time: 0.0324s
2026-04-22 13:52:32,659 643415 INFO MASTER_BASE_DEMO_STD_V10 odoo.addons.base: Worker (643415) serving request count: 79, registry count: 1.
2026-04-22 13:52:34,645 643418 INFO MASTER_BASE_DEMO_STD_V10 odoo.http: Module base loaded in 1.135s
2026-04-22 13:52:37,463 643417 DEBUG MASTER_BASE_DEMO_STD_V10 odoo.modules.registry: SELECT id, name FROM res_partner WHERE active = true LIMIT 80
2026-04-22 13:52:39,316 643417 INFO MASTER_BASE_DEMO_STD_V10 werkzeug: Request from 192.168.1.161 processed in 306ms
2026-04-22 13:52:41,197 643419 INFO MASTER_BASE_DEMO_STD_V10 werkzeug: Request from 192.168.1.231 processed in 361ms
2026-04-22 13:52:43,984 643416 ERROR MASTER_BASE_DEMO_STD_V10 werkzeug: Traceback (most recent call last):
  File "/odoo/odoo/http.py", line 1234, in dispatch
    return self._dispatch()
ValueError: invalid literal for int() with base 10
2026-04-22 13:52:46,066 643417 INFO PROD_DB_01 werkzeug: Worker (643417) serving request count: 24, registry count: 1.
2026-04-22 13:52:46,135 643416 INFO PROD_DB_01 werkzeug: HTTP POST /web/dataset/call_kw/res.partner/read HTTP/1.1 200
2026-04-22 13:52:47,689 643415 INFO PROD_DB_01 odoo.modules.loading: Request from 192.168.1.88 processed in 402ms
2026-04-22 13:52:49,949 643419 WARNING MASTER_BASE_DEMO_STD_V10 odoo.service.server: Deprecated method called in module sale
2026-04-22 13:52:50,840 643420 INFO PROD_DB_01 odoo.service.server: Registry loaded for database PROD_DB_01
2026-04-22 13:52:53,569 643417 INFO PROD_DB_01 werkzeug: HTTP POST /web/dataset/call_kw/res.partner/read HTTP/1.1 200
2026-04-22 13:52:56,568 643418 WARNING MASTER_BASE_DEMO_STD_V10 werkzeug: Deprecated method called in module sale
2026-04-22 13:52:57,733 643418 ERROR MASTER_BASE_DEMO_STD_V10 odoo.service.server: Traceback (most recent call last):
  File "/odoo/odoo/http.py", line 1234, in dispatch
    return self._dispatch()
ValueError: invalid literal for int() with base 10
2026-04-22 13:52:59,606 643416 INFO MASTER_BASE_DEMO_STD_V10 odoo.http: Registry loaded for database MASTER_BASE_DEMO_STD_V10
2026-04-22 13:53:00,818 643417 INFO ? odoo.service.server: Registry loaded for database ?
2026-04-22 13:53:01,000 643416 INFO MASTER_BASE_DEMO_STD_V10 odoo.service.server: Worker (643416) exiting. request_count: 356, registry count: 1.
2026-04-22 13:53:02,931 643416 ERROR ? werkzeug: Traceback (most recent call last):
  File "/odoo/odoo/http.py", line 1234, in dispatch
    return self._dispatch()
ValueError: invalid literal for int() with base 10
2026-04-22 13:53:04,446 643415 ERROR ? odoo.service.server: psycopg2.OperationalError: connection to server failed
2026-04-22 13:53:05,827 643420 INFO PROD_DB_01 odoo.addons.base: Module base loaded in 1.356s
2026-04-22 13:53:07,922 643419 INFO PROD_DB_01 odoo.modules.loading: Request from 192.168.1.126 processed in 264ms
2026-04-22 13:53:08,417 643417 DEBUG ? odoo.sql_db: Query time: 0.0215s
2026-04-22 13:53:10,809 643420 INFO MASTER_BASE_DEMO_STD_V10 odoo.modules.loading: HTTP POST /web/dataset/call_kw/res.partner/read HTTP/1.1 200
2026-04-22 13:53:11,511 643419 INFO MASTER_BASE_DEMO_STD_V10 odoo.service.server: Worker (643419) serving request count: 16, registry count: 1.
2026-04-22 13:53:14,411 643420 INFO PROD_DB_01 odoo.addons.base: Registry loaded for database PROD_DB_01
2026-04-22 13:53:14,752 643418 INFO PROD_DB_01 odoo.service.server: Registry loaded for database PROD_DB_01
2026-04-22 13:53:14,830 643418 INFO ? odoo.addons.base: Request from 192.168.1.151 processed in 433ms
2026-04-22 13:53:17,688 643418 WARNING PROD_DB_01 odoo.service.server: Memory usage high: 85%
2026-04-22 13:53:19,263 643418 WARNING ? werkzeug: Memory usage high: 85%
2026-04-22 13:53:21,615 643415 INFO MASTER_BASE_DEMO_STD_V10 odoo.addons.base: Worker (643415) serving request count: 44, registry count: 1.
2026-04-22 13:53:23,449 643419 INFO PROD_DB_01 odoo.modules.loading: HTTP POST /web/dataset/call_kw/res.partner/read HTTP/1.1 200
2026-04-22 13:53:25,699 643419 INFO MASTER_BASE_DEMO_STD_V10 odoo.addons.base: Registry loaded for database MASTER_BASE_DEMO_STD_V10
2026-04-22 13:53:26,974 643417 DEBUG MASTER_BASE_DEMO_STD_V10 odoo.sql_db: Query time: 0.0012s
2026-04-22 13:53:27,000 643417 INFO MASTER_BASE_DEMO_STD_V10 odoo.service.server: Worker (643417) exiting. request_count: 94, registry count: 1.
2026-04-22 13:53:27,190 643420 INFO MASTER_BASE_DEMO_STD_V10 odoo.addons.base: Worker (643420) serving request count: 60, registry count: 1.
2026-04-22 13:53:29,395 643420 INFO PROD_DB_01 odoo.service.server: Registry loaded for database PROD_DB_01
2026-04-22 13:53:30,273 643418 DEBUG MASTER_BASE_DEMO_STD_V10 odoo.sql_db: Query time: 0.0402s
2026-04-22 13:53:30,550 643416 INFO MASTER_BASE_DEMO_STD_V10 odoo.addons.base: Request from 192.168.1.211 processed in 464ms
2026-04-22 13:53:31,044 643415 ERROR PROD_DB_01 odoo.sql_db: AccessError: You do not have access rights to write on res.partner
2026-04-22 13:53:32,124 643417 INFO PROD_DB_01 odoo.http: Module base loaded in 0.992s
2026-04-22 13:53:32,802 643417 DEBUG MASTER_BASE_DEMO_STD_V10 odoo.modules.registry: Cache lookup for user 25
2026-04-22 13:53:34,725 643419 ERROR PROD_DB_01 werkzeug: Traceback (most recent call last):
  File "/odoo/odoo/http.py", line 1234, in dispatch
    return self._dispatch()
ValueError: invalid literal for int() with base 10
2026-04-22 13:53:35,073 643417 ERROR MASTER_BASE_DEMO_STD_V10 werkzeug: psycopg2.OperationalError: connection to server failed
2026-04-22 13:53:36,112 643420 INFO ? werkzeug: Worker (643420) serving request count: 56, registry count: 1.
2026-04-22 13:53:36,994 643420 WARNING PROD_DB_01 werkzeug: Slow query detected: 3.83s
2026-04-22 13:53:39,839 643417 INFO MASTER_BASE_DEMO_STD_V10 odoo.service.server: Request from 192.168.1.154 processed in 319ms
2026-04-22 13:53:41,659 643420 INFO ? odoo.addons.base: Worker (643420) serving request count: 61, registry count: 1.
2026-04-22 13:53:42,511 643419 INFO PROD_DB_01 odoo.modules.loading: Registry loaded for database PROD_DB_01
2026-04-22 13:53:44,435 643419 INFO ? odoo.addons.base: Request from 192.168.1.187 processed in 434ms
2026-04-22 13:53:44,501 643415 INFO ? odoo.service.server: HTTP POST /web/dataset/call_kw/res.partner/read HTTP/1.1 200
2026-04-22 13:53:47,501 643417 DEBUG MASTER_BASE_DEMO_STD_V10 odoo.sql_db: Cache lookup for user 85
2026-04-22 13:53:47,964 643416 ERROR MASTER_BASE_DEMO_STD_V10 odoo.service.server: psycopg2.OperationalError: connection to server failed
2026-04-22 13:53:48,183 643419 DEBUG PROD_DB_01 odoo.addons.base.models: Query time: 0.0400s
2026-04-22 13:53:49,341 643420 INFO MASTER_BASE_DEMO_STD_V10 odoo.modules.loading: Registry loaded for database MASTER_BASE_DEMO_STD_V10
2026-04-22 13:53:51,980 643416 WARNING MASTER_BASE_DEMO_STD_V10 odoo.service.server: Slow query detected: 1.63s
2026-04-22 13:53:52,568 643420 INFO PROD_DB_01 odoo.modules.loading: Request from 192.168.1.173 processed in 280ms
2026-04-22 13:53:52,837 643416 DEBUG PROD_DB_01 odoo.modules.registry: Query time: 0.0473s
2026-04-22 13:53:55,641 643415 INFO MASTER_BASE_DEMO_STD_V10 odoo.service.server: Worker (643415) serving request count: 37, registry count: 1.
2026-04-22 13:53:55,892 643417 INFO PROD_DB_01 odoo.service.server: Worker (643417) serving request count: 96, registry count: 1.
2026-04-22 13:53:58,053 643416 INFO ? odoo.service.server: Worker (643416) serving request count: 35, registry count: 1.
2026-04-22 13:53:58,201 643415 ERROR MASTER_BASE_DEMO_STD_V10 werkzeug: AccessError: You do not have access rights to write on res.partner
2026-04-22 13:54:00,992 643415 DEBUG MASTER_BASE_DEMO_STD_V10 odoo.addons.base.models: Registry cache hit for model res.users
2026-04-22 13:54:03,044 643416 INFO MASTER_BASE_DEMO_STD_V10 werkzeug: Registry loaded for database MASTER_BASE_DEMO_STD_V10
2026-04-22 13:54:04,886 643415 INFO PROD_DB_01 werkzeug: HTTP POST /web/dataset/call_kw/res.partner/read HTTP/1.1 200
2026-04-22 13:54:06,116 643415 INFO MASTER_BASE_DEMO_STD_V10 odoo.modules.loading: Module base loaded in 1.127s
2026-04-22 13:54:07,177 643420 DEBUG MASTER_BASE_DEMO_STD_V10 odoo.addons.base.models: SELECT id, name FROM res_partner WHERE active = true LIMIT 80
2026-04-22 13:54:07,509 643416 INFO MASTER_BASE_DEMO_STD_V10 odoo.modules.loading: HTTP POST /web/dataset/call_kw/res.partner/read HTTP/1.1 200
2026-04-22 13:54:09,347 643415 INFO PROD_DB_01 odoo.addons.base: Registry loaded for database PROD_DB_01
2026-04-22 13:54:10,278 643416 DEBUG MASTER_BASE_DEMO_STD_V10 odoo.sql_db: SELECT id, name FROM res_partner WHERE active = true LIMIT 80
2026-04-22 13:54:12,170 643416 ERROR MASTER_BASE_DEMO_STD_V10 odoo.http: AccessError: You do not have access rights to write on res.partner
2026-04-22 13:54:14,675 643417 INFO PROD_DB_01 odoo.http: Worker (643417) serving request count: 12, registry count: 1.
2026-04-22 13:54:15,091 643415 INFO MASTER_BASE_DEMO_STD_V10 odoo.modules.loading: Module base loaded in 1.040s
2026-04-22 13:54:15,504 643419 INFO PROD_DB_01 odoo.http: Registry loaded for database PROD_DB_01
2026-04-22 13:54:16,742 643417 INFO MASTER_BASE_DEMO_STD_V10 odoo.addons.base: Module base loaded in 1.512s
2026-04-22 13:54:17,432 643416 DEBUG MASTER_BASE_DEMO_STD_V10 odoo.addons.base.models: Registry cache hit for model res.users
2026-04-22 13:54:19,290 643416 INFO MASTER_BASE_DEMO_STD_V10 odoo.http: HTTP POST /web/dataset/call_kw/res.partner/read HTTP/1.1 200
2026-04-22 13:54:21,573 643418 INFO ? odoo.service.server: Module base loaded in 0.552s
2026-04-22 13:54:21,784 643416 INFO MASTER_BASE_DEMO_STD_V10 odoo.service.server: Worker (643416) serving request count: 28, registry count: 1.
2026-04-22 13:54:23,941 643417 DEBUG ? odoo.addons.base.models: Query time: 0.0479s
2026-04-22 13:54:25,639 643417 INFO ? odoo.service.server: Registry loaded for database ?
2026-04-22 13:54:25,802 643420 INFO PROD_DB_01 werkzeug: Module base loaded in 0.541s
2026-04-22 13:54:27,300 643418 DEBUG ? odoo.addons.base.models: SELECT id, name FROM res_partner WHERE active = true LIMIT 80
2026-04-22 13:54:28,565 643417 DEBUG MASTER_BASE_DEMO_STD_V10 odoo.modules.registry: Cache lookup for user 41
2026-04-22 13:54:29,899 643416 CRITICAL MASTER_BASE_DEMO_STD_V10 odoo.service.server: Out of memory: killing worker
2026-04-22 13:54:30,392 643417 WARNING ? werkzeug: Connection pool near capacity: 92/100
2026-04-22 13:54:32,114 643419 INFO ? odoo.service.server: Worker (643419) serving request count: 82, registry count: 1.
2026-04-22 13:54:33,060 643420 INFO PROD_DB_01 odoo.modules.loading: HTTP POST /web/dataset/call_kw/res.partner/read HTTP/1.1 200
2026-04-22 13:54:35,720 643417 INFO MASTER_BASE_DEMO_STD_V10 odoo.addons.base: Module base loaded in 0.883s
2026-04-22 13:54:37,216 643417 INFO PROD_DB_01 odoo.modules.loading: Registry loaded for database PROD_DB_01
2026-04-22 13:54:37,450 643418 INFO PROD_DB_01 odoo.modules.loading: Worker (643418) serving request count: 40, registry count: 1.
2026-04-22 13:54:39,432 643419 INFO MASTER_BASE_DEMO_STD_V10 odoo.modules.loading: HTTP POST /web/dataset/call_kw/res.partner/read HTTP/1.1 200
2026-04-22 13:54:39,981 643416 INFO MASTER_BASE_DEMO_STD_V10 odoo.http: Worker (643416) serving request count: 20, registry count: 1.
2026-04-22 13:54:40,656 643419 INFO PROD_DB_01 odoo.service.server: Module base loaded in 1.701s
2026-04-22 13:54:42,320 643419 ERROR PROD_DB_01 odoo.sql_db: AccessError: You do not have access rights to write on res.partner
2026-04-22 13:54:45,142 643418 DEBUG PROD_DB_01 odoo.sql_db: Cache lookup for user 70
2026-04-22 13:54:46,062 643419 DEBUG PROD_DB_01 odoo.modules.registry: SELECT id, name FROM res_partner WHERE active = true LIMIT 80
2026-04-22 13:54:47,907 643415 INFO PROD_DB_01 odoo.http: Module base loaded in 1.005s
2026-04-22 13:54:50,258 643420 INFO MASTER_BASE_DEMO_STD_V10 odoo.addons.base: HTTP POST /web/dataset/call_kw/res.partner/read HTTP/1.1 200
2026-04-22 13:54:53,102 643416 DEBUG MASTER_BASE_DEMO_STD_V10 odoo.addons.base.models: Registry cache hit for model res.users
2026-04-22 13:54:55,000 643415 INFO MASTER_BASE_DEMO_STD_V10 odoo.service.server: Worker (643415) exiting. request_count: 101, registry count: 1.
2026-04-22 13:54:55,745 643417 INFO ? odoo.modules.loading: Worker (643417) serving request count: 73, registry count: 1.
2026-04-22 13:54:56,379 643416 INFO MASTER_BASE_DEMO_STD_V10 werkzeug: Registry loaded for database MASTER_BASE_DEMO_STD_V10
2026-04-22 13:54:59,368 643419 DEBUG MASTER_BASE_DEMO_STD_V10 odoo.modules.registry: Query time: 0.0481s
2026-04-22 13:55:00,142 643418 INFO MASTER_BASE_DEMO_STD_V10 odoo.http: Request from 192.168.1.164 processed in 133ms
