2026-04-22 10:00:00.000 UTC [2401] LOG:  connection received: host=192.168.1.100 port=50000
2026-04-22 10:00:00.000 UTC [2401] postgres@production LOG:  connection authorized: user=app_user database=staging
2026-04-22 10:00:02.000 UTC [2402] LOG:  connection received: host=192.168.1.101 port=50001
2026-04-22 10:00:02.000 UTC [2402] odoo@staging LOG:  connection authorized: user=postgres database=production
2026-04-22 10:00:04.000 UTC [2403] LOG:  connection received: host=192.168.1.102 port=50002
2026-04-22 10:00:04.000 UTC [2403] readonly@test_db LOG:  connection authorized: user=postgres database=production
2026-04-22 10:00:06.000 UTC [2404] LOG:  connection received: host=192.168.1.103 port=50003
2026-04-22 10:00:06.000 UTC [2404] postgres@staging LOG:  connection authorized: user=odoo database=production
2026-04-22 10:00:08.000 UTC [2405] LOG:  connection received: host=192.168.1.104 port=50004
2026-04-22 10:00:08.000 UTC [2405] readonly@staging LOG:  connection authorized: user=readonly database=test_db
2026-04-22 10:00:33.415 UTC [2402] admin@analytics WARNING:  there is already a transaction in progress
2026-04-22 10:00:34.653 UTC [2402] admin@analytics LOG:  statement: SELECT id, name FROM users WHERE active = true LIMIT 96
2026-04-22 10:00:35.149 UTC [2401] postgres@test_db LOG:  statement: SELECT id, name FROM users WHERE active = true LIMIT 98
2026-04-22 10:00:38.237 UTC [2405] app_user@production LOG:  statement: SELECT id, name FROM users WHERE active = true LIMIT 41
2026-04-22 10:00:41.734 UTC [2404] postgres@analytics LOG:  duration: 4.439 ms  statement: SELECT count(*) FROM orders WHERE created_at > now() - interval '1 day'
2026-04-22 10:00:44.719 UTC [2403] readonly@staging LOG:  statement: SELECT id, name FROM users WHERE active = true LIMIT 179
2026-04-22 10:00:48.322 UTC [2402] app_user@production LOG:  statement: SELECT id, name FROM users WHERE active = true LIMIT 35
2026-04-22 10:00:51.025 UTC [2404] app_user@test_db WARNING:  there is already a transaction in progress
2026-04-22 10:00:51.983 UTC [2402] app_user@analytics LOG:  duration: 3.539 ms  statement: SELECT count(*) FROM orders WHERE created_at > now() - interval '1 day'
2026-04-22 10:00:54.270 UTC [2401] readonly@staging DEBUG:  query executed in cache
2026-04-22 10:00:55.475 UTC [2402] admin@test_db ERROR:  duplicate key value violates unique constraint "users_email_key"
2026-04-22 10:00:55.475 UTC [2402] admin@test_db DETAIL:  Key (email)=(test@example.com) already exists.
2026-04-22 10:00:59.027 UTC [2405] odoo@analytics DEBUG:  query executed in cache
2026-04-22 10:01:02.424 UTC [2401] odoo@production LOG:  statement: SELECT id, name FROM users WHERE active = true LIMIT 78
2026-04-22 10:01:03.394 UTC [2401] odoo@analytics LOG:  duration: 2.039 ms  statement: SELECT count(*) FROM orders WHERE created_at > now() - interval '1 day'
2026-04-22 10:01:04.065 UTC [2404] odoo@analytics LOG:  statement: SELECT id, name FROM users WHERE active = true LIMIT 153
2026-04-22 10:01:07.842 UTC [2405] app_user@test_db LOG:  duration: 1.874 ms  statement: SELECT count(*) FROM orders WHERE created_at > now() - interval '1 day'
2026-04-22 10:01:08.314 UTC [2402] readonly@test_db DEBUG:  query executed in cache
2026-04-22 10:01:11.658 UTC [2401] odoo@staging LOG:  duration: 3.022 ms  statement: SELECT count(*) FROM orders WHERE created_at > now() - interval '1 day'
2026-04-22 10:01:13.925 UTC [2404] admin@test_db LOG:  statement: SELECT id, name FROM users WHERE active = true LIMIT 151
2026-04-22 10:01:17.173 UTC [2401] postgres@analytics LOG:  duration: 0.647 ms  statement: SELECT count(*) FROM orders WHERE created_at > now() - interval '1 day'
2026-04-22 10:01:17.286 UTC [2404] odoo@test_db ERROR:  syntax error at or near "SELEC" at character 1
2026-04-22 10:01:17.286 UTC [2404] odoo@test_db STATEMENT:  SELEC * FROM users;
2026-04-22 10:01:19.465 UTC [2403] readonly@staging ERROR:  syntax error at or near "SELEC" at character 1
2026-04-22 10:01:19.465 UTC [2403] readonly@staging STATEMENT:  SELEC * FROM users;
2026-04-22 10:01:20.191 UTC [2403] readonly@staging LOG:  statement: SELECT id, name FROM users WHERE active = true LIMIT 51
2026-04-22 10:01:22.744 UTC [2405] readonly@production LOG:  statement: SELECT id, name FROM users WHERE active = true LIMIT 14
2026-04-22 10:01:23.824 UTC [2401] app_user@analytics LOG:  statement: SELECT id, name FROM users WHERE active = true LIMIT 155
2026-04-22 10:01:27.266 UTC [2401] postgres@test_db LOG:  statement: SELECT id, name FROM users WHERE active = true LIMIT 146
2026-04-22 10:01:31.244 UTC [2402] odoo@test_db LOG:  statement: SELECT id, name FROM users WHERE active = true LIMIT 77
2026-04-22 10:01:32.211 UTC [2405] readonly@test_db ERROR:  syntax error at or near "SELEC" at character 1
2026-04-22 10:01:32.211 UTC [2405] readonly@test_db STATEMENT:  SELEC * FROM users;
2026-04-22 10:01:35.062 UTC [2402] app_user@test_db LOG:  duration: 2.247 ms  statement: SELECT count(*) FROM orders WHERE created_at > now() - interval '1 day'
2026-04-22 10:01:36.177 UTC [2405] admin@production LOG:  statement: SELECT id, name FROM users WHERE active = true LIMIT 96
2026-04-22 10:01:38.687 UTC [2401] readonly@staging LOG:  statement: SELECT id, name FROM users WHERE active = true LIMIT 28
2026-04-22 10:01:42.495 UTC [2401] odoo@production LOG:  statement: SELECT id, name FROM users WHERE active = true LIMIT 94
2026-04-22 10:01:43.735 UTC [2401] readonly@staging LOG:  duration: 1.150 ms  statement: SELECT count(*) FROM orders WHERE created_at > now() - interval '1 day'
2026-04-22 10:01:44.830 UTC [2402] readonly@test_db DEBUG:  query executed in cache
2026-04-22 10:01:45.327 UTC [2404] odoo@production LOG:  duration: 1.836 ms  statement: SELECT count(*) FROM orders WHERE created_at > now() - interval '1 day'
2026-04-22 10:01:48.185 UTC [2404] admin@production LOG:  duration: 3.266 ms  statement: SELECT count(*) FROM orders WHERE created_at > now() - interval '1 day'
2026-04-22 10:01:51.564 UTC [2401] admin@analytics WARNING:  there is already a transaction in progress
2026-04-22 10:01:53.860 UTC [2402] odoo@staging LOG:  statement: SELECT id, name FROM users WHERE active = true LIMIT 118
2026-04-22 10:01:54.983 UTC [2402] app_user@test_db WARNING:  there is already a transaction in progress
2026-04-22 10:01:55.290 UTC [2401] admin@production LOG:  duration: 2.749 ms  statement: SELECT count(*) FROM orders WHERE created_at > now() - interval '1 day'
2026-04-22 10:01:56.071 UTC [2401] postgres@staging LOG:  statement: SELECT id, name FROM users WHERE active = true LIMIT 133
2026-04-22 10:01:56.845 UTC [2402] admin@production LOG:  statement: SELECT id, name FROM users WHERE active = true LIMIT 109
2026-04-22 10:01:58.677 UTC [2403] admin@analytics LOG:  duration: 3.679 ms  statement: SELECT count(*) FROM orders WHERE created_at > now() - interval '1 day'
2026-04-22 10:01:59.554 UTC [2405] admin@staging LOG:  statement: SELECT id, name FROM users WHERE active = true LIMIT 24
2026-04-22 10:02:02.717 UTC [2405] readonly@production LOG:  statement: SELECT id, name FROM users WHERE active = true LIMIT 22
2026-04-22 10:02:03.049 UTC [2405] admin@staging ERROR:  duplicate key value violates unique constraint "users_email_key"
2026-04-22 10:02:03.049 UTC [2405] admin@staging DETAIL:  Key (email)=(test@example.com) already exists.
2026-04-22 10:02:05.586 UTC [2401] odoo@production LOG:  statement: SELECT id, name FROM users WHERE active = true LIMIT 70
2026-04-22 10:02:08.057 UTC [2404] postgres@staging LOG:  duration: 3.135 ms  statement: SELECT count(*) FROM orders WHERE created_at > now() - interval '1 day'
2026-04-22 10:02:11.985 UTC [2404] readonly@analytics LOG:  statement: SELECT id, name FROM users WHERE active = true LIMIT 181
2026-04-22 10:02:13.706 UTC [2403] odoo@analytics LOG:  statement: SELECT id, name FROM users WHERE active = true LIMIT 175
2026-04-22 10:02:17.611 UTC [2403] admin@analytics DEBUG:  query executed in cache
2026-04-22 10:02:20.255 UTC [2401] FATAL:  terminating connection due to administrator command
2026-04-22 10:02:22.427 UTC [2401] postgres@staging LOG:  statement: SELECT id, name FROM users WHERE active = true LIMIT 99
2026-04-22 10:02:23.694 UTC [2401] odoo@analytics LOG:  statement: SELECT id, name FROM users WHERE active = true LIMIT 149
2026-04-22 10:02:26.529 UTC [2403] readonly@production WARNING:  there is already a transaction in progress
2026-04-22 10:02:27.712 UTC [2403] postgres@staging LOG:  statement: SELECT id, name FROM users WHERE active = true LIMIT 37
2026-04-22 10:02:28.966 UTC [2405] odoo@analytics LOG:  duration: 3.616 ms  statement: SELECT count(*) FROM orders WHERE created_at > now() - interval '1 day'
2026-04-22 10:02:30.094 UTC [2402] app_user@test_db ERROR:  syntax error at or near "SELEC" at character 1
2026-04-22 10:02:30.094 UTC [2402] app_user@test_db STATEMENT:  SELEC * FROM users;
2026-04-22 10:02:33.591 UTC [2401] postgres@test_db LOG:  statement: SELECT id, name FROM users WHERE active = true LIMIT 10
2026-04-22 10:02:34.352 UTC [2403] odoo@analytics DEBUG:  query executed in cache
2026-04-22 10:02:34.910 UTC [2405] admin@production LOG:  statement: SELECT id, name FROM users WHERE active = true LIMIT 186
2026-04-22 10:02:38.428 UTC [2402] readonly@production LOG:  statement: SELECT id, name FROM users WHERE active = true LIMIT 151
2026-04-22 10:02:38.699 UTC [2402] admin@staging LOG:  statement: SELECT id, name FROM users WHERE active = true LIMIT 20
2026-04-22 10:02:41.530 UTC [2403] odoo@staging LOG:  statement: SELECT id, name FROM users WHERE active = true LIMIT 153
2026-04-22 10:02:45.421 UTC [2404] readonly@staging ERROR:  syntax error at or near "SELEC" at character 1
2026-04-22 10:02:45.421 UTC [2404] readonly@staging STATEMENT:  SELEC * FROM users;
2026-04-22 10:02:45.622 UTC [2402] odoo@test_db LOG:  statement: SELECT id, name FROM users WHERE active = true LIMIT 95
2026-04-22 10:02:46.374 UTC [2404] odoo@analytics DEBUG:  query executed in cache
2026-04-22 10:02:49.990 UTC [2401] admin@production LOG:  statement: SELECT id, name FROM users WHERE active = true LIMIT 61
2026-04-22 10:02:53.450 UTC [2404] app_user@analytics DEBUG:  query executed in cache
2026-04-22 10:02:56.253 UTC [2402] odoo@production LOG:  statement: SELECT id, name FROM users WHERE active = true LIMIT 94
2026-04-22 10:02:57.791 UTC [2403] postgres@analytics LOG:  duration: 2.058 ms  statement: SELECT count(*) FROM orders WHERE created_at > now() - interval '1 day'
2026-04-22 10:02:58.363 UTC [2405] app_user@production WARNING:  there is already a transaction in progress
2026-04-22 10:02:58.619 UTC [2403] odoo@analytics LOG:  statement: SELECT id, name FROM users WHERE active = true LIMIT 121
2026-04-22 10:03:01.202 UTC [2403] app_user@test_db ERROR:  duplicate key value violates unique constraint "users_email_key"
2026-04-22 10:03:01.202 UTC [2403] app_user@test_db DETAIL:  Key (email)=(test@example.com) already exists.
2026-04-22 10:03:02.345 UTC [2401] admin@staging LOG:  statement: SELECT id, name FROM users WHERE active = true LIMIT 121
2026-04-22 10:03:03.936 UTC [2401] readonly@staging LOG:  statement: SELECT id, name FROM users WHERE active = true LIMIT 180
2026-04-22 10:03:06.753 UTC [2403] readonly@analytics WARNING:  there is already a transaction in progress
2026-04-22 10:03:09.584 UTC [2403] readonly@analytics LOG:  statement: SELECT id, name FROM users WHERE active = true LIMIT 113
2026-04-22 10:03:10.469 UTC [2403] readonly@staging LOG:  statement: SELECT id, name FROM users WHERE active = true LIMIT 107
2026-04-22 10:03:12.232 UTC [2402] readonly@analytics LOG:  statement: SELECT id, name FROM users WHERE active = true LIMIT 10
2026-04-22 10:03:14.092 UTC [2403] app_user@staging DEBUG:  query executed in cache
2026-04-22 10:03:16.001 UTC [2405] app_user@test_db LOG:  statement: SELECT id, name FROM users WHERE active = true LIMIT 64
2026-04-22 10:03:18.799 UTC [2405] admin@staging LOG:  statement: SELECT id, name FROM users WHERE active = true LIMIT 141
2026-04-22 10:03:22.251 UTC [2405] app_user@production ERROR:  syntax error at or near "SELEC" at character 1
2026-04-22 10:03:22.251 UTC [2405] app_user@production STATEMENT:  SELEC * FROM users;
2026-04-22 10:03:25.654 UTC [2402] app_user@staging LOG:  statement: SELECT id, name FROM users WHERE active = true LIMIT 16
2026-04-22 10:03:28.257 UTC [2401] odoo@test_db WARNING:  there is already a transaction in progress
2026-04-22 10:03:31.986 UTC [2401] admin@test_db LOG:  duration: 1.053 ms  statement: SELECT count(*) FROM orders WHERE created_at > now() - interval '1 day'
2026-04-22 10:03:33.085 UTC [2404] admin@test_db LOG:  statement: SELECT id, name FROM users WHERE active = true LIMIT 186
2026-04-22 10:03:34.081 UTC [2401] postgres@test_db LOG:  statement: SELECT id, name FROM users WHERE active = true LIMIT 188
2026-04-22 10:03:36.464 UTC [2405] admin@production LOG:  statement: SELECT id, name FROM users WHERE active = true LIMIT 41
2026-04-22 10:03:39.298 UTC [2404] odoo@test_db LOG:  statement: SELECT id, name FROM users WHERE active = true LIMIT 153
2026-04-22 10:03:41.907 UTC [2405] app_user@test_db WARNING:  there is already a transaction in progress
2026-04-22 10:03:45.681 UTC [2405] admin@test_db LOG:  statement: SELECT id, name FROM users WHERE active = true LIMIT 131
2026-04-22 10:03:49.221 UTC [2404] app_user@staging LOG:  duration: 3.852 ms  statement: SELECT count(*) FROM orders WHERE created_at > now() - interval '1 day'
2026-04-22 10:03:50.445 UTC [2405] admin@staging LOG:  statement: SELECT id, name FROM users WHERE active = true LIMIT 192
2026-04-22 10:03:51.920 UTC [2403] odoo@analytics LOG:  statement: SELECT id, name FROM users WHERE active = true LIMIT 148
2026-04-22 10:03:52.967 UTC [2401] odoo@staging LOG:  statement: SELECT id, name FROM users WHERE active = true LIMIT 49
2026-04-22 10:03:54.736 UTC [2402] postgres@test_db LOG:  statement: SELECT id, name FROM users WHERE active = true LIMIT 129
2026-04-22 10:03:58.247 UTC [2404] postgres@staging LOG:  statement: SELECT id, name FROM users WHERE active = true LIMIT 159
2026-04-22 10:04:00.300 UTC [2401] readonly@test_db LOG:  statement: SELECT id, name FROM users WHERE active = true LIMIT 100
2026-04-22 10:04:02.604 UTC [2403] admin@test_db DEBUG:  query executed in cache
2026-04-22 10:04:04.703 UTC [2405] readonly@staging LOG:  statement: SELECT id, name FROM users WHERE active = true LIMIT 121
2026-04-22 10:04:06.179 UTC [2404] postgres@test_db LOG:  duration: 4.011 ms  statement: SELECT count(*) FROM orders WHERE created_at > now() - interval '1 day'
2026-04-22 10:04:08.827 UTC [2402] admin@staging LOG:  statement: SELECT id, name FROM users WHERE active = true LIMIT 110
2026-04-22 10:04:09.270 UTC [2405] readonly@production LOG:  duration: 0.765 ms  statement: SELECT count(*) FROM orders WHERE created_at > now() - interval '1 day'
2026-04-22 10:04:10.435 UTC [2404] odoo@production LOG:  statement: SELECT id, name FROM users WHERE active = true LIMIT 64
2026-04-22 10:04:13.652 UTC [2404] app_user@analytics WARNING:  there is already a transaction in progress
2026-04-22 10:04:17.171 UTC [2403] admin@analytics LOG:  statement: SELECT id, name FROM users WHERE active = true LIMIT 14
2026-04-22 10:04:18.189 UTC [2405] postgres@analytics LOG:  duration: 3.928 ms  statement: SELECT count(*) FROM orders WHERE created_at > now() - interval '1 day'
2026-04-22 10:04:19.105 UTC [2401] postgres@staging WARNING:  there is already a transaction in progress
2026-04-22 10:04:19.722 UTC [2405] odoo@staging LOG:  statement: SELECT id, name FROM users WHERE active = true LIMIT 39
2026-04-22 10:04:22.687 UTC [2405] odoo@test_db LOG:  statement: SELECT id, name FROM users WHERE active = true LIMIT 104
2026-04-22 10:04:25.972 UTC [2402] readonly@production WARNING:  there is already a transaction in progress
2026-04-22 10:04:29.876 UTC [2403] postgres@production LOG:  statement: SELECT id, name FROM users WHERE active = true LIMIT 183
2026-04-22 10:04:30.287 UTC [2404] admin@staging LOG:  duration: 4.170 ms  statement: SELECT count(*) FROM orders WHERE created_at > now() - interval '1 day'
2026-04-22 10:04:33.869 UTC [2402] postgres@analytics LOG:  duration: 4.047 ms  statement: SELECT count(*) FROM orders WHERE created_at > now() - interval '1 day'
2026-04-22 10:04:36.151 UTC [2405] postgres@analytics LOG:  statement: SELECT id, name FROM users WHERE active = true LIMIT 104
2026-04-22 10:04:36.302 UTC [2401] readonly@analytics WARNING:  there is already a transaction in progress
2026-04-22 10:04:37.885 UTC [2404] postgres@test_db LOG:  duration: 4.161 ms  statement: SELECT count(*) FROM orders WHERE created_at > now() - interval '1 day'
2026-04-22 10:04:40.990 UTC [2402] admin@staging LOG:  statement: SELECT id, name FROM users WHERE active = true LIMIT 176
2026-04-22 10:04:42.994 UTC [2403] readonly@test_db LOG:  statement: SELECT id, name FROM users WHERE active = true LIMIT 197
2026-04-22 10:04:46.582 UTC [2405] app_user@analytics LOG:  statement: SELECT id, name FROM users WHERE active = true LIMIT 32
2026-04-22 10:04:49.755 UTC [2403] admin@staging LOG:  statement: SELECT id, name FROM users WHERE active = true LIMIT 166
2026-04-22 10:04:51.879 UTC [2404] app_user@production WARNING:  there is already a transaction in progress
2026-04-22 10:04:53.432 UTC [2402] admin@staging DEBUG:  query executed in cache
2026-04-22 10:04:55.808 UTC [2403] app_user@analytics LOG:  statement: SELECT id, name FROM users WHERE active = true LIMIT 58
2026-04-22 10:04:57.909 UTC [2401] odoo@test_db LOG:  duration: 1.278 ms  statement: SELECT count(*) FROM orders WHERE created_at > now() - interval '1 day'
2026-04-22 10:05:01.256 UTC [2404] admin@test_db LOG:  statement: SELECT id, name FROM users WHERE active = true LIMIT 85
2026-04-22 10:05:02.610 UTC [2402] admin@staging LOG:  duration: 1.908 ms  statement: SELECT count(*) FROM orders WHERE created_at > now() - interval '1 day'
2026-04-22 10:05:04.452 UTC [2405] FATAL:  terminating connection due to administrator command
2026-04-22 10:05:07.430 UTC [2405] app_user@analytics LOG:  statement: SELECT id, name FROM users WHERE active = true LIMIT 88
2026-04-22 10:05:10.484 UTC [2403] odoo@production LOG:  statement: SELECT id, name FROM users WHERE active = true LIMIT 40
2026-04-22 10:05:11.470 UTC [2405] odoo@staging DEBUG:  query executed in cache
2026-04-22 10:05:11.981 UTC [2403] readonly@analytics WARNING:  there is already a transaction in progress
2026-04-22 10:05:12.815 UTC [2403] odoo@analytics LOG:  statement: SELECT id, name FROM users WHERE active = true LIMIT 191
2026-04-22 10:05:13.101 UTC [2405] odoo@analytics ERROR:  duplicate key value violates unique constraint "users_email_key"
2026-04-22 10:05:13.101 UTC [2405] odoo@analytics DETAIL:  Key (email)=(test@example.com) already exists.
2026-04-22 10:05:15.813 UTC [2405] app_user@staging WARNING:  there is already a transaction in progress
2026-04-22 10:05:18.264 UTC [2404] postgres@production LOG:  statement: SELECT id, name FROM users WHERE active = true LIMIT 132
2026-04-22 10:05:18.574 UTC [2404] app_user@staging LOG:  statement: SELECT id, name FROM users WHERE active = true LIMIT 132
2026-04-22 10:05:20.688 UTC [2401] postgres@test_db LOG:  statement: SELECT id, name FROM users WHERE active = true LIMIT 171
2026-04-22 10:05:24.110 UTC [2401] odoo@staging LOG:  duration: 1.589 ms  statement: SELECT count(*) FROM orders WHERE created_at > now() - interval '1 day'
2026-04-22 10:05:26.693 UTC [2402] postgres@test_db LOG:  duration: 3.130 ms  statement: SELECT count(*) FROM orders WHERE created_at > now() - interval '1 day'
2026-04-22 10:05:30.514 UTC [2405] admin@test_db LOG:  statement: SELECT id, name FROM users WHERE active = true LIMIT 160
2026-04-22 10:05:33.111 UTC [2404] app_user@production ERROR:  duplicate key value violates unique constraint "users_email_key"
2026-04-22 10:05:33.111 UTC [2404] app_user@production DETAIL:  Key (email)=(test@example.com) already exists.
2026-04-22 10:05:34.294 UTC [2401] odoo@staging LOG:  duration: 0.870 ms  statement: SELECT count(*) FROM orders WHERE created_at > now() - interval '1 day'
2026-04-22 10:05:35.035 UTC [2402] readonly@production LOG:  statement: SELECT id, name FROM users WHERE active = true LIMIT 125
2026-04-22 10:05:35.268 UTC [2405] admin@analytics LOG:  statement: SELECT id, name FROM users WHERE active = true LIMIT 190
2026-04-22 10:05:38.183 UTC [2403] admin@production LOG:  statement: SELECT id, name FROM users WHERE active = true LIMIT 77
2026-04-22 10:05:38.753 UTC [2405] odoo@test_db LOG:  statement: SELECT id, name FROM users WHERE active = true LIMIT 175
2026-04-22 10:05:39.145 UTC [2402] app_user@staging LOG:  statement: SELECT id, name FROM users WHERE active = true LIMIT 88
2026-04-22 10:05:41.043 UTC [2405] readonly@analytics LOG:  statement: SELECT id, name FROM users WHERE active = true LIMIT 186
2026-04-22 10:05:43.192 UTC [2403] admin@analytics LOG:  statement: SELECT id, name FROM users WHERE active = true LIMIT 122
2026-04-22 10:05:46.935 UTC [2401] readonly@production LOG:  statement: SELECT id, name FROM users WHERE active = true LIMIT 92
2026-04-22 10:05:47.409 UTC [2405] app_user@production LOG:  statement: SELECT id, name FROM users WHERE active = true LIMIT 182
2026-04-22 10:05:50.641 UTC [2405] readonly@production LOG:  duration: 1.421 ms  statement: SELECT count(*) FROM orders WHERE created_at > now() - interval '1 day'
2026-04-22 10:05:52.866 UTC [2401] odoo@test_db LOG:  duration: 4.589 ms  statement: SELECT count(*) FROM orders WHERE created_at > now() - interval '1 day'
2026-04-22 10:05:55.566 UTC [2402] readonly@test_db WARNING:  there is already a transaction in progress
2026-04-22 10:05:57.338 UTC [2401] admin@analytics LOG:  statement: SELECT id, name FROM users WHERE active = true LIMIT 181
2026-04-22 10:05:59.124 UTC [2401] odoo@analytics LOG:  duration: 1.512 ms  statement: SELECT count(*) FROM orders WHERE created_at > now() - interval '1 day'
2026-04-22 10:06:01.086 UTC [2404] readonly@production LOG:  statement: SELECT id, name FROM users WHERE active = true LIMIT 74
2026-04-22 10:06:04.728 UTC [2403] postgres@test_db LOG:  statement: SELECT id, name FROM users WHERE active = true LIMIT 10
2026-04-22 10:06:05.050 UTC [2405] admin@test_db LOG:  statement: SELECT id, name FROM users WHERE active = true LIMIT 102
2026-04-22 10:06:08.262 UTC [2405] admin@test_db LOG:  statement: SELECT id, name FROM users WHERE active = true LIMIT 78
2026-04-22 10:06:10.156 UTC [2405] odoo@analytics WARNING:  there is already a transaction in progress
2026-04-22 10:06:12.836 UTC [2404] postgres@production LOG:  duration: 1.273 ms  statement: SELECT count(*) FROM orders WHERE created_at > now() - interval '1 day'
2026-04-22 10:06:15.198 UTC [2402] app_user@production LOG:  statement: SELECT id, name FROM users WHERE active = true LIMIT 67
2026-04-22 10:06:17.951 UTC [2401] admin@production WARNING:  there is already a transaction in progress
2026-04-22 10:06:19.752 UTC [2404] app_user@analytics WARNING:  there is already a transaction in progress
2026-04-22 10:06:22.109 UTC [2404] odoo@test_db LOG:  statement: SELECT id, name FROM users WHERE active = true LIMIT 58
2026-04-22 10:06:25.748 UTC [2405] readonly@staging LOG:  statement: SELECT id, name FROM users WHERE active = true LIMIT 116
2026-04-22 10:06:29.208 UTC [2403] readonly@analytics LOG:  statement: SELECT id, name FROM users WHERE active = true LIMIT 195
2026-04-22 10:06:32.852 UTC [2403] readonly@test_db LOG:  statement: SELECT id, name FROM users WHERE active = true LIMIT 147
2026-04-22 10:06:35.212 UTC [2404] app_user@analytics DEBUG:  query executed in cache
2026-04-22 10:06:38.873 UTC [2404] admin@analytics LOG:  statement: SELECT id, name FROM users WHERE active = true LIMIT 188
2026-04-22 10:06:39.929 UTC [2402] readonly@test_db WARNING:  there is already a transaction in progress
2026-04-22 10:06:43.079 UTC [2404] postgres@analytics LOG:  statement: SELECT id, name FROM users WHERE active = true LIMIT 107
2026-04-22 10:06:43.330 UTC [2404] odoo@test_db LOG:  statement: SELECT id, name FROM users WHERE active = true LIMIT 161
2026-04-22 10:06:43.838 UTC [2403] postgres@test_db LOG:  statement: SELECT id, name FROM users WHERE active = true LIMIT 126
2026-04-22 10:06:47.505 UTC [2401] odoo@test_db LOG:  duration: 0.856 ms  statement: SELECT count(*) FROM orders WHERE created_at > now() - interval '1 day'
2026-04-22 10:06:50.157 UTC [2404] app_user@analytics LOG:  duration: 3.284 ms  statement: SELECT count(*) FROM orders WHERE created_at > now() - interval '1 day'
2026-04-22 10:06:51.554 UTC [2403] readonly@test_db LOG:  duration: 4.448 ms  statement: SELECT count(*) FROM orders WHERE created_at > now() - interval '1 day'
2026-04-22 10:06:54.183 UTC [2404] readonly@production LOG:  statement: SELECT id, name FROM users WHERE active = true LIMIT 171
2026-04-22 10:06:56.060 UTC [2403] odoo@production ERROR:  duplicate key value violates unique constraint "users_email_key"
2026-04-22 10:06:56.060 UTC [2403] odoo@production DETAIL:  Key (email)=(test@example.com) already exists.
2026-04-22 10:06:59.002 UTC [2401] admin@staging LOG:  statement: SELECT id, name FROM users WHERE active = true LIMIT 17
2026-04-22 10:07:00.303 UTC [2401] app_user@production LOG:  statement: SELECT id, name FROM users WHERE active = true LIMIT 120
2026-04-22 10:07:02.721 UTC [2402] odoo@test_db LOG:  duration: 0.982 ms  statement: SELECT count(*) FROM orders WHERE created_at > now() - interval '1 day'
2026-04-22 10:07:05.359 UTC [2402] postgres@test_db LOG:  duration: 2.539 ms  statement: SELECT count(*) FROM orders WHERE created_at > now() - interval '1 day'
2026-04-22 10:07:07.347 UTC [2405] odoo@staging LOG:  duration: 2.352 ms  statement: SELECT count(*) FROM orders WHERE created_at > now() - interval '1 day'
2026-04-22 10:07:10.222 UTC [2401] admin@analytics LOG:  statement: SELECT id, name FROM users WHERE active = true LIMIT 28
2026-04-22 10:07:12.939 UTC [2404] app_user@analytics ERROR:  duplicate key value violates unique constraint "users_email_key"
2026-04-22 10:07:12.939 UTC [2404] app_user@analytics DETAIL:  Key (email)=(test@example.com) already exists.
2026-04-22 10:07:13.854 UTC [2403] FATAL:  terminating connection due to administrator command
2026-04-22 10:07:15.516 UTC [2404] postgres@staging LOG:  duration: 2.917 ms  statement: SELECT count(*) FROM orders WHERE created_at > now() - interval '1 day'
2026-04-22 10:07:16.740 UTC [2403] postgres@test_db LOG:  statement: SELECT id, name FROM users WHERE active = true LIMIT 185
2026-04-22 10:07:20.251 UTC [2401] readonly@test_db ERROR:  syntax error at or near "SELEC" at character 1
2026-04-22 10:07:20.251 UTC [2401] readonly@test_db STATEMENT:  SELEC * FROM users;
2026-04-22 10:07:21.248 UTC [2403] odoo@analytics LOG:  duration: 3.142 ms  statement: SELECT count(*) FROM orders WHERE created_at > now() - interval '1 day'
2026-04-22 10:07:22.613 UTC [2402] postgres@production DEBUG:  query executed in cache
2026-04-22 10:07:25.712 UTC [2401] readonly@analytics LOG:  statement: SELECT id, name FROM users WHERE active = true LIMIT 85
2026-04-22 10:07:26.634 UTC [2403] admin@staging LOG:  statement: SELECT id, name FROM users WHERE active = true LIMIT 148
2026-04-22 10:07:30.135 UTC [2403] readonly@analytics LOG:  statement: SELECT id, name FROM users WHERE active = true LIMIT 133
2026-04-22 10:07:32.153 UTC [2403] app_user@production ERROR:  duplicate key value violates unique constraint "users_email_key"
2026-04-22 10:07:32.153 UTC [2403] app_user@production DETAIL:  Key (email)=(test@example.com) already exists.
2026-04-22 10:07:35.717 UTC [2402] odoo@test_db WARNING:  there is already a transaction in progress
2026-04-22 10:07:35.874 UTC [2403] postgres@test_db LOG:  statement: SELECT id, name FROM users WHERE active = true LIMIT 41
2026-04-22 10:07:38.368 UTC [2404] app_user@analytics LOG:  statement: SELECT id, name FROM users WHERE active = true LIMIT 173
2026-04-22 10:07:40.399 UTC [2403] postgres@staging LOG:  statement: SELECT id, name FROM users WHERE active = true LIMIT 153
2026-04-22 10:07:43.151 UTC [2403] readonly@staging LOG:  statement: SELECT id, name FROM users WHERE active = true LIMIT 128
2026-04-22 10:07:43.823 UTC [2403] admin@production LOG:  statement: SELECT id, name FROM users WHERE active = true LIMIT 19
2026-04-22 10:07:44.321 UTC [2403] admin@production LOG:  statement: SELECT id, name FROM users WHERE active = true LIMIT 147
2026-04-22 10:07:45.940 UTC [2402] admin@test_db LOG:  duration: 3.741 ms  statement: SELECT count(*) FROM orders WHERE created_at > now() - interval '1 day'
2026-04-22 10:07:49.666 UTC [2405] admin@staging LOG:  statement: SELECT id, name FROM users WHERE active = true LIMIT 35
2026-04-22 10:07:53.612 UTC [2404] readonly@test_db ERROR:  syntax error at or near "SELEC" at character 1
2026-04-22 10:07:53.612 UTC [2404] readonly@test_db STATEMENT:  SELEC * FROM users;
2026-04-22 10:07:55.528 UTC [2401] app_user@staging LOG:  statement: SELECT id, name FROM users WHERE active = true LIMIT 70
2026-04-22 10:07:57.858 UTC [2403] postgres@analytics ERROR:  syntax error at or near "SELEC" at character 1
2026-04-22 10:07:57.858 UTC [2403] postgres@analytics STATEMENT:  SELEC * FROM users;
2026-04-22 10:07:59.088 UTC [2403] postgres@test_db LOG:  statement: SELECT id, name FROM users WHERE active = true LIMIT 41
2026-04-22 10:08:01.816 UTC [2404] postgres@staging LOG:  duration: 4.858 ms  statement: SELECT count(*) FROM orders WHERE created_at > now() - interval '1 day'
2026-04-22 10:08:02.431 UTC [2401] app_user@staging DEBUG:  query executed in cache
2026-04-22 10:08:04.932 UTC [2402] postgres@staging LOG:  statement: SELECT id, name FROM users WHERE active = true LIMIT 69
2026-04-22 10:08:06.167 UTC [2403] odoo@production WARNING:  there is already a transaction in progress
2026-04-22 10:08:09.537 UTC [2402] odoo@analytics LOG:  statement: SELECT id, name FROM users WHERE active = true LIMIT 179
2026-04-22 10:08:11.104 UTC [2401] odoo@production DEBUG:  query executed in cache
2026-04-22 10:08:11.268 UTC [2402] readonly@analytics LOG:  statement: SELECT id, name FROM users WHERE active = true LIMIT 23
2026-04-22 10:08:14.422 UTC [2402] admin@production LOG:  statement: SELECT id, name FROM users WHERE active = true LIMIT 124
2026-04-22 10:08:16.373 UTC [2403] readonly@production LOG:  statement: SELECT id, name FROM users WHERE active = true LIMIT 167
2026-04-22 10:08:18.349 UTC [2401] readonly@analytics LOG:  duration: 0.253 ms  statement: SELECT count(*) FROM orders WHERE created_at > now() - interval '1 day'
2026-04-22 10:08:21.259 UTC [2404] admin@test_db LOG:  statement: SELECT id, name FROM users WHERE active = true LIMIT 192
2026-04-22 10:08:22.678 UTC [2404] postgres@production LOG:  duration: 0.422 ms  statement: SELECT count(*) FROM orders WHERE created_at > now() - interval '1 day'
2026-04-22 10:08:24.338 UTC [2403] FATAL:  terminating connection due to administrator command
2026-04-22 10:08:26.508 UTC [2405] app_user@test_db LOG:  duration: 0.586 ms  statement: SELECT count(*) FROM orders WHERE created_at > now() - interval '1 day'
2026-04-22 10:08:28.369 UTC [2401] readonly@staging LOG:  statement: SELECT id, name FROM users WHERE active = true LIMIT 68
2026-04-22 10:08:30.102 UTC [2404] app_user@test_db LOG:  statement: SELECT id, name FROM users WHERE active = true LIMIT 34
2026-04-22 10:08:32.926 UTC [2403] admin@analytics LOG:  statement: SELECT id, name FROM users WHERE active = true LIMIT 49
2026-04-22 10:08:36.432 UTC [2404] postgres@production LOG:  statement: SELECT id, name FROM users WHERE active = true LIMIT 120
2026-04-22 10:08:38.810 UTC [2401] app_user@staging LOG:  statement: SELECT id, name FROM users WHERE active = true LIMIT 153
2026-04-22 10:08:40.592 UTC [2405] app_user@production LOG:  statement: SELECT id, name FROM users WHERE active = true LIMIT 180
2026-04-22 10:08:43.151 UTC [2404] postgres@analytics LOG:  statement: SELECT id, name FROM users WHERE active = true LIMIT 36
2026-04-22 10:08:43.884 UTC [2405] readonly@staging LOG:  duration: 1.199 ms  statement: SELECT count(*) FROM orders WHERE created_at > now() - interval '1 day'
2026-04-22 10:08:44.454 UTC [2401] app_user@analytics DEBUG:  query executed in cache
2026-04-22 10:08:48.015 UTC [2405] odoo@test_db LOG:  duration: 3.860 ms  statement: SELECT count(*) FROM orders WHERE created_at > now() - interval '1 day'
2026-04-22 10:08:50.609 UTC [2405] readonly@production ERROR:  syntax error at or near "SELEC" at character 1
2026-04-22 10:08:50.609 UTC [2405] readonly@production STATEMENT:  SELEC * FROM users;
2026-04-22 10:08:51.828 UTC [2403] postgres@staging DEBUG:  query executed in cache
2026-04-22 10:08:51.953 UTC [2403] app_user@analytics LOG:  statement: SELECT id, name FROM users WHERE active = true LIMIT 46
2026-04-22 10:08:52.634 UTC [2405] admin@production DEBUG:  query executed in cache
2026-04-22 10:08:54.274 UTC [2401] postgres@staging LOG:  statement: SELECT id, name FROM users WHERE active = true LIMIT 97
2026-04-22 10:08:57.329 UTC [2402] app_user@analytics LOG:  statement: SELECT id, name FROM users WHERE active = true LIMIT 155
2026-04-22 10:08:58.066 UTC [2405] postgres@production LOG:  statement: SELECT id, name FROM users WHERE active = true LIMIT 168
2026-04-22 10:08:59.980 UTC [2401] postgres@analytics LOG:  duration: 2.480 ms  statement: SELECT count(*) FROM orders WHERE created_at > now() - interval '1 day'
2026-04-22 10:09:00.962 UTC [2404] admin@analytics DEBUG:  query executed in cache
2026-04-22 10:09:01.516 UTC [2401] app_user@test_db LOG:  statement: SELECT id, name FROM users WHERE active = true LIMIT 183
2026-04-22 10:09:01.802 UTC [2405] admin@analytics LOG:  statement: SELECT id, name FROM users WHERE active = true LIMIT 163
2026-04-22 10:09:03.136 UTC [2401] postgres@staging ERROR:  syntax error at or near "SELEC" at character 1
2026-04-22 10:09:03.136 UTC [2401] postgres@staging STATEMENT:  SELEC * FROM users;
2026-04-22 10:09:04.579 UTC [2402] app_user@analytics LOG:  statement: SELECT id, name FROM users WHERE active = true LIMIT 137
2026-04-22 10:09:06.236 UTC [2404] odoo@staging LOG:  statement: SELECT id, name FROM users WHERE active = true LIMIT 68
2026-04-22 10:09:06.631 UTC [2405] readonly@analytics LOG:  statement: SELECT id, name FROM users WHERE active = true LIMIT 199
2026-04-22 10:09:08.614 UTC [2401] admin@production ERROR:  syntax error at or near "SELEC" at character 1
2026-04-22 10:09:08.614 UTC [2401] admin@production STATEMENT:  SELEC * FROM users;
2026-04-22 10:09:11.062 UTC [2403] readonly@test_db LOG:  statement: SELECT id, name FROM users WHERE active = true LIMIT 173
2026-04-22 10:09:12.821 UTC [2404] app_user@production LOG:  statement: SELECT id, name FROM users WHERE active = true LIMIT 93
2026-04-22 10:09:16.328 UTC [2402] readonly@test_db LOG:  duration: 1.873 ms  statement: SELECT count(*) FROM orders WHERE created_at > now() - interval '1 day'
2026-04-22 10:09:18.212 UTC [2404] postgres@staging LOG:  duration: 2.667 ms  statement: SELECT count(*) FROM orders WHERE created_at > now() - interval '1 day'
2026-04-22 10:09:19.219 UTC [2404] app_user@analytics LOG:  statement: SELECT id, name FROM users WHERE active = true LIMIT 53
2026-04-22 10:09:21.492 UTC [2401] readonly@production LOG:  statement: SELECT id, name FROM users WHERE active = true LIMIT 99
2026-04-22 10:09:22.013 UTC [2403] odoo@staging LOG:  statement: SELECT id, name FROM users WHERE active = true LIMIT 60
2026-04-22 10:09:25.226 UTC [2402] readonly@staging DEBUG:  query executed in cache
2026-04-22 10:09:27.226 UTC [2401] odoo@test_db DEBUG:  query executed in cache
2026-04-22 10:09:30.865 UTC [2405] admin@analytics ERROR:  duplicate key value violates unique constraint "users_email_key"
2026-04-22 10:09:30.865 UTC [2405] admin@analytics DETAIL:  Key (email)=(test@example.com) already exists.
2026-04-22 10:09:31.244 UTC [2403] odoo@test_db LOG:  statement: SELECT id, name FROM users WHERE active = true LIMIT 171
2026-04-22 10:09:32.785 UTC [2403] app_user@production LOG:  statement: SELECT id, name FROM users WHERE active = true LIMIT 89
2026-04-22 10:09:33.118 UTC [2404] admin@production LOG:  statement: SELECT id, name FROM users WHERE active = true LIMIT 83
2026-04-22 10:09:35.113 UTC [2401] postgres@test_db LOG:  duration: 4.776 ms  statement: SELECT count(*) FROM orders WHERE created_at > now() - interval '1 day'
2026-04-22 10:09:36.529 UTC [2401] admin@staging LOG:  duration: 2.557 ms  statement: SELECT count(*) FROM orders WHERE created_at > now() - interval '1 day'
2026-04-22 10:09:39.950 UTC [2401] admin@production WARNING:  there is already a transaction in progress
2026-04-22 10:09:40.210 UTC [2403] postgres@staging LOG:  statement: SELECT id, name FROM users WHERE active = true LIMIT 122
2026-04-22 10:09:41.800 UTC [2404] readonly@staging LOG:  statement: SELECT id, name FROM users WHERE active = true LIMIT 82
2026-04-22 10:09:44.680 UTC [2404] admin@analytics LOG:  duration: 3.967 ms  statement: SELECT count(*) FROM orders WHERE created_at > now() - interval '1 day'
2026-04-22 10:09:45.167 UTC [2403] postgres@analytics LOG:  duration: 1.994 ms  statement: SELECT count(*) FROM orders WHERE created_at > now() - interval '1 day'
2026-04-22 10:09:46.632 UTC [2403] readonly@staging LOG:  statement: SELECT id, name FROM users WHERE active = true LIMIT 179
2026-04-22 10:09:49.419 UTC [2402] app_user@analytics LOG:  duration: 2.021 ms  statement: SELECT count(*) FROM orders WHERE created_at > now() - interval '1 day'
2026-04-22 10:09:51.808 UTC [2405] postgres@analytics LOG:  statement: SELECT id, name FROM users WHERE active = true LIMIT 94
2026-04-22 10:09:54.554 UTC [2402] readonly@production LOG:  duration: 2.592 ms  statement: SELECT count(*) FROM orders WHERE created_at > now() - interval '1 day'
2026-04-22 10:09:55.392 UTC [2401] app_user@analytics ERROR:  syntax error at or near "SELEC" at character 1
2026-04-22 10:09:55.392 UTC [2401] app_user@analytics STATEMENT:  SELEC * FROM users;
2026-04-22 10:09:56.419 UTC [2403] FATAL:  terminating connection due to administrator command
2026-04-22 10:09:59.977 UTC [2402] postgres@analytics DEBUG:  query executed in cache
2026-04-22 10:10:02.788 UTC [2405] readonly@production LOG:  statement: SELECT id, name FROM users WHERE active = true LIMIT 168
2026-04-22 10:10:03.519 UTC [2402] readonly@test_db LOG:  statement: SELECT id, name FROM users WHERE active = true LIMIT 187
2026-04-22 10:10:03.797 UTC [2405] odoo@test_db LOG:  statement: SELECT id, name FROM users WHERE active = true LIMIT 183
2026-04-22 10:10:06.978 UTC [2402] admin@analytics DEBUG:  query executed in cache
2026-04-22 10:10:08.345 UTC [2404] odoo@staging ERROR:  duplicate key value violates unique constraint "users_email_key"
2026-04-22 10:10:08.345 UTC [2404] odoo@staging DETAIL:  Key (email)=(test@example.com) already exists.
2026-04-22 10:10:11.223 UTC [2404] odoo@analytics ERROR:  syntax error at or near "SELEC" at character 1
2026-04-22 10:10:11.223 UTC [2404] odoo@analytics STATEMENT:  SELEC * FROM users;
2026-04-22 10:10:14.510 UTC [2404] admin@analytics LOG:  statement: SELECT id, name FROM users WHERE active = true LIMIT 145
2026-04-22 10:10:17.891 UTC [2404] odoo@staging LOG:  duration: 4.378 ms  statement: SELECT count(*) FROM orders WHERE created_at > now() - interval '1 day'
2026-04-22 10:10:20.262 UTC [2401] admin@analytics ERROR:  syntax error at or near "SELEC" at character 1
2026-04-22 10:10:20.262 UTC [2401] admin@analytics STATEMENT:  SELEC * FROM users;
2026-04-22 10:10:20.705 UTC [2405] postgres@analytics DEBUG:  query executed in cache
2026-04-22 10:10:24.208 UTC [2403] admin@staging LOG:  statement: SELECT id, name FROM users WHERE active = true LIMIT 66
2026-04-22 10:10:26.007 UTC [2404] app_user@production LOG:  statement: SELECT id, name FROM users WHERE active = true LIMIT 138
2026-04-22 10:10:26.441 UTC [2403] odoo@test_db LOG:  statement: SELECT id, name FROM users WHERE active = true LIMIT 17
2026-04-22 10:10:29.782 UTC [2403] postgres@analytics LOG:  statement: SELECT id, name FROM users WHERE active = true LIMIT 19
2026-04-22 10:10:32.990 UTC [2403] admin@staging DEBUG:  query executed in cache
2026-04-22 10:10:36.800 UTC [2404] readonly@production LOG:  statement: SELECT id, name FROM users WHERE active = true LIMIT 75
2026-04-22 10:10:37.355 UTC [2402] odoo@test_db DEBUG:  query executed in cache
2026-04-22 10:10:37.650 UTC [2402] app_user@production LOG:  statement: SELECT id, name FROM users WHERE active = true LIMIT 173
2026-04-22 10:10:38.204 UTC [2405] admin@production WARNING:  there is already a transaction in progress
2026-04-22 10:10:40.892 UTC [2404] readonly@production LOG:  statement: SELECT id, name FROM users WHERE active = true LIMIT 71
2026-04-22 10:10:40.998 UTC [2402] app_user@test_db LOG:  duration: 1.279 ms  statement: SELECT count(*) FROM orders WHERE created_at > now() - interval '1 day'
2026-04-22 10:10:43.242 UTC [2404] odoo@production ERROR:  duplicate key value violates unique constraint "users_email_key"
2026-04-22 10:10:43.242 UTC [2404] odoo@production DETAIL:  Key (email)=(test@example.com) already exists.
2026-04-22 10:10:44.941 UTC [2401] readonly@production WARNING:  there is already a transaction in progress
2026-04-22 10:10:46.079 UTC [2401] admin@analytics DEBUG:  query executed in cache
2026-04-22 10:10:47.166 UTC [2403] postgres@analytics DEBUG:  query executed in cache
2026-04-22 10:10:47.812 UTC [2401] readonly@analytics LOG:  statement: SELECT id, name FROM users WHERE active = true LIMIT 149
2026-04-22 10:10:50.760 UTC [2403] odoo@test_db LOG:  statement: SELECT id, name FROM users WHERE active = true LIMIT 56
2026-04-22 10:10:51.011 UTC [2402] postgres@test_db LOG:  statement: SELECT id, name FROM users WHERE active = true LIMIT 21
2026-04-22 10:10:54.934 UTC [2402] postgres@analytics LOG:  statement: SELECT id, name FROM users WHERE active = true LIMIT 111
2026-04-22 10:10:55.183 UTC [2405] admin@analytics DEBUG:  query executed in cache
2026-04-22 10:10:58.814 UTC [2402] app_user@analytics DEBUG:  query executed in cache
2026-04-22 10:11:02.188 UTC [2403] app_user@production LOG:  statement: SELECT id, name FROM users WHERE active = true LIMIT 112
2026-04-22 10:11:03.053 UTC [2404] admin@analytics LOG:  statement: SELECT id, name FROM users WHERE active = true LIMIT 137
2026-04-22 10:11:06.434 UTC [2403] readonly@analytics LOG:  statement: SELECT id, name FROM users WHERE active = true LIMIT 118
2026-04-22 10:11:08.768 UTC [2401] admin@staging LOG:  statement: SELECT id, name FROM users WHERE active = true LIMIT 36
2026-04-22 10:11:10.123 UTC [2401] app_user@analytics LOG:  statement: SELECT id, name FROM users WHERE active = true LIMIT 193
2026-04-22 10:11:11.662 UTC [2404] odoo@test_db LOG:  statement: SELECT id, name FROM users WHERE active = true LIMIT 196
2026-04-22 10:11:12.886 UTC [2403] readonly@test_db LOG:  duration: 3.978 ms  statement: SELECT count(*) FROM orders WHERE created_at > now() - interval '1 day'
2026-04-22 10:11:14.474 UTC [2401] postgres@test_db LOG:  statement: SELECT id, name FROM users WHERE active = true LIMIT 183
2026-04-22 10:11:18.050 UTC [2402] postgres@staging LOG:  duration: 3.928 ms  statement: SELECT count(*) FROM orders WHERE created_at > now() - interval '1 day'
2026-04-22 10:11:19.116 UTC [2401] odoo@production DEBUG:  query executed in cache
2026-04-22 10:11:23.105 UTC [2403] app_user@test_db LOG:  duration: 3.065 ms  statement: SELECT count(*) FROM orders WHERE created_at > now() - interval '1 day'
2026-04-22 10:11:25.023 UTC [2404] app_user@analytics DEBUG:  query executed in cache
2026-04-22 10:11:26.753 UTC [2405] odoo@analytics LOG:  statement: SELECT id, name FROM users WHERE active = true LIMIT 81
2026-04-22 10:11:29.866 UTC [2402] postgres@production LOG:  statement: SELECT id, name FROM users WHERE active = true LIMIT 142
2026-04-22 10:11:31.038 UTC [2404] readonly@production DEBUG:  query executed in cache
2026-04-22 10:11:33.980 UTC [2404] odoo@analytics ERROR:  syntax error at or near "SELEC" at character 1
2026-04-22 10:11:33.980 UTC [2404] odoo@analytics STATEMENT:  SELEC * FROM users;
2026-04-22 10:11:34.635 UTC [2404] odoo@production WARNING:  there is already a transaction in progress
2026-04-22 10:11:35.094 UTC [2404] odoo@test_db WARNING:  there is already a transaction in progress
2026-04-22 10:11:37.446 UTC [2403] app_user@production LOG:  statement: SELECT id, name FROM users WHERE active = true LIMIT 86
2026-04-22 10:11:39.629 UTC [2402] odoo@analytics LOG:  statement: SELECT id, name FROM users WHERE active = true LIMIT 61
2026-04-22 10:11:39.836 UTC [2402] odoo@test_db LOG:  statement: SELECT id, name FROM users WHERE active = true LIMIT 156
2026-04-22 10:11:42.442 UTC [2403] admin@staging WARNING:  there is already a transaction in progress
2026-04-22 10:11:45.478 UTC [2401] app_user@test_db DEBUG:  query executed in cache
2026-04-22 10:11:48.950 UTC [2405] admin@test_db LOG:  duration: 0.714 ms  statement: SELECT count(*) FROM orders WHERE created_at > now() - interval '1 day'
2026-04-22 10:11:50.958 UTC [2403] postgres@test_db LOG:  duration: 1.788 ms  statement: SELECT count(*) FROM orders WHERE created_at > now() - interval '1 day'
2026-04-22 10:11:54.202 UTC [2405] readonly@staging ERROR:  duplicate key value violates unique constraint "users_email_key"
2026-04-22 10:11:54.202 UTC [2405] readonly@staging DETAIL:  Key (email)=(test@example.com) already exists.
2026-04-22 10:11:57.707 UTC [2404] readonly@production LOG:  statement: SELECT id, name FROM users WHERE active = true LIMIT 49
2026-04-22 10:11:59.128 UTC [2403] odoo@staging ERROR:  syntax error at or near "SELEC" at character 1
2026-04-22 10:11:59.128 UTC [2403] odoo@staging STATEMENT:  SELEC * FROM users;
2026-04-22 10:12:02.692 UTC [2402] app_user@analytics LOG:  statement: SELECT id, name FROM users WHERE active = true LIMIT 60
2026-04-22 10:12:05.352 UTC [2405] app_user@staging LOG:  statement: SELECT id, name FROM users WHERE active = true LIMIT 146
2026-04-22 10:12:07.876 UTC [2401] readonly@staging ERROR:  syntax error at or near "SELEC" at character 1
2026-04-22 10:12:07.876 UTC [2401] readonly@staging STATEMENT:  SELEC * FROM users;
2026-04-22 10:12:11.427 UTC [2402] odoo@analytics ERROR:  syntax error at or near "SELEC" at character 1
2026-04-22 10:12:11.427 UTC [2402] odoo@analytics STATEMENT:  SELEC * FROM users;
2026-04-22 10:12:11.713 UTC [2401] postgres@production ERROR:  syntax error at or near "SELEC" at character 1
2026-04-22 10:12:11.713 UTC [2401] postgres@production STATEMENT:  SELEC * FROM users;
2026-04-22 10:12:14.954 UTC [2405] app_user@staging LOG:  duration: 3.129 ms  statement: SELECT count(*) FROM orders WHERE created_at > now() - interval '1 day'
2026-04-22 10:12:17.683 UTC [2401] admin@analytics ERROR:  syntax error at or near "SELEC" at character 1
2026-04-22 10:12:17.683 UTC [2401] admin@analytics STATEMENT:  SELEC * FROM users;
2026-04-22 10:12:19.001 UTC [2404] odoo@test_db LOG:  statement: SELECT id, name FROM users WHERE active = true LIMIT 186
2026-04-22 10:12:20.803 UTC [2401] odoo@test_db LOG:  statement: SELECT id, name FROM users WHERE active = true LIMIT 62
2026-04-22 10:12:22.183 UTC [2403] readonly@staging WARNING:  there is already a transaction in progress
2026-04-22 10:12:22.818 UTC [2403] app_user@test_db DEBUG:  query executed in cache
2026-04-22 10:12:24.225 UTC [2405] readonly@production LOG:  statement: SELECT id, name FROM users WHERE active = true LIMIT 41
2026-04-22 10:12:24.902 UTC [2403] admin@staging LOG:  statement: SELECT id, name FROM users WHERE active = true LIMIT 84
2026-04-22 10:12:26.018 UTC [2404] readonly@test_db ERROR:  duplicate key value violates unique constraint "users_email_key"
2026-04-22 10:12:26.018 UTC [2404] readonly@test_db DETAIL:  Key (email)=(test@example.com) already exists.
2026-04-22 10:12:26.895 UTC [2402] app_user@analytics DEBUG:  query executed in cache
2026-04-22 10:12:29.037 UTC [2404] readonly@test_db WARNING:  there is already a transaction in progress
2026-04-22 10:12:33.008 UTC [2404] postgres@production LOG:  statement: SELECT id, name FROM users WHERE active = true LIMIT 127
2026-04-22 10:12:33.307 UTC [2402] odoo@analytics LOG:  statement: SELECT id, name FROM users WHERE active = true LIMIT 136
2026-04-22 10:12:35.605 UTC [2405] admin@analytics LOG:  statement: SELECT id, name FROM users WHERE active = true LIMIT 37
2026-04-22 10:12:38.684 UTC [2404] odoo@analytics LOG:  statement: SELECT id, name FROM users WHERE active = true LIMIT 113
2026-04-22 10:12:38.993 UTC [2403] postgres@test_db LOG:  duration: 1.054 ms  statement: SELECT count(*) FROM orders WHERE created_at > now() - interval '1 day'
2026-04-22 10:12:40.675 UTC [2405] app_user@production LOG:  statement: SELECT id, name FROM users WHERE active = true LIMIT 150
2026-04-22 10:12:41.302 UTC [2403] readonly@production ERROR:  duplicate key value violates unique constraint "users_email_key"
2026-04-22 10:12:41.302 UTC [2403] readonly@production DETAIL:  Key (email)=(test@example.com) already exists.
2026-04-22 10:12:43.686 UTC [2404] app_user@analytics ERROR:  syntax error at or near "SELEC" at character 1
2026-04-22 10:12:43.686 UTC [2404] app_user@analytics STATEMENT:  SELEC * FROM users;
2026-04-22 10:12:45.834 UTC [2402] odoo@test_db LOG:  statement: SELECT id, name FROM users WHERE active = true LIMIT 19
2026-04-22 10:12:48.061 UTC [2402] app_user@test_db LOG:  statement: SELECT id, name FROM users WHERE active = true LIMIT 165
2026-04-22 10:12:51.975 UTC [2405] odoo@analytics LOG:  duration: 0.896 ms  statement: SELECT count(*) FROM orders WHERE created_at > now() - interval '1 day'
2026-04-22 10:12:54.152 UTC [2405] app_user@analytics WARNING:  there is already a transaction in progress
2026-04-22 10:12:56.197 UTC [2405] admin@analytics WARNING:  there is already a transaction in progress
2026-04-22 10:12:58.003 UTC [2403] app_user@production LOG:  duration: 4.004 ms  statement: SELECT count(*) FROM orders WHERE created_at > now() - interval '1 day'
2026-04-22 10:12:59.190 UTC [2401] readonly@test_db ERROR:  duplicate key value violates unique constraint "users_email_key"
2026-04-22 10:12:59.190 UTC [2401] readonly@test_db DETAIL:  Key (email)=(test@example.com) already exists.
2026-04-22 10:13:02.244 UTC [2405] readonly@staging LOG:  statement: SELECT id, name FROM users WHERE active = true LIMIT 132
2026-04-22 10:13:02.949 UTC [2402] readonly@test_db WARNING:  there is already a transaction in progress
2026-04-22 10:13:03.830 UTC [2402] postgres@production LOG:  statement: SELECT id, name FROM users WHERE active = true LIMIT 90
2026-04-22 10:13:06.758 UTC [2404] odoo@test_db LOG:  statement: SELECT id, name FROM users WHERE active = true LIMIT 138
2026-04-22 10:13:09.748 UTC [2405] admin@production LOG:  statement: SELECT id, name FROM users WHERE active = true LIMIT 63
2026-04-22 10:13:12.000 UTC [2405] app_user@test_db LOG:  statement: SELECT id, name FROM users WHERE active = true LIMIT 54
2026-04-22 10:13:14.337 UTC [2404] readonly@analytics LOG:  statement: SELECT id, name FROM users WHERE active = true LIMIT 194
2026-04-22 10:13:15.224 UTC [2403] readonly@test_db ERROR:  syntax error at or near "SELEC" at character 1
2026-04-22 10:13:15.224 UTC [2403] readonly@test_db STATEMENT:  SELEC * FROM users;
2026-04-22 10:13:16.245 UTC [2403] readonly@analytics ERROR:  syntax error at or near "SELEC" at character 1
2026-04-22 10:13:16.245 UTC [2403] readonly@analytics STATEMENT:  SELEC * FROM users;
2026-04-22 10:13:19.172 UTC [2403] app_user@staging DEBUG:  query executed in cache
2026-04-22 10:13:21.567 UTC [2403] admin@analytics ERROR:  syntax error at or near "SELEC" at character 1
2026-04-22 10:13:21.567 UTC [2403] admin@analytics STATEMENT:  SELEC * FROM users;
2026-04-22 10:13:24.015 UTC [2403] app_user@production LOG:  duration: 1.961 ms  statement: SELECT count(*) FROM orders WHERE created_at > now() - interval '1 day'
2026-04-22 10:13:25.304 UTC [2404] app_user@staging LOG:  statement: SELECT id, name FROM users WHERE active = true LIMIT 192
2026-04-22 10:13:28.090 UTC [2401] app_user@test_db LOG:  statement: SELECT id, name FROM users WHERE active = true LIMIT 132
2026-04-22 10:13:32.011 UTC [2402] odoo@analytics LOG:  duration: 1.431 ms  statement: SELECT count(*) FROM orders WHERE created_at > now() - interval '1 day'
2026-04-22 10:13:33.104 UTC [2401] readonly@staging LOG:  statement: SELECT id, name FROM users WHERE active = true LIMIT 145
2026-04-22 10:13:33.614 UTC [2402] odoo@production LOG:  statement: SELECT id, name FROM users WHERE active = true LIMIT 193
2026-04-22 10:13:33.735 UTC [2404] postgres@staging ERROR:  duplicate key value violates unique constraint "users_email_key"
2026-04-22 10:13:33.735 UTC [2404] postgres@staging DETAIL:  Key (email)=(test@example.com) already exists.
2026-04-22 10:13:35.790 UTC [2402] admin@test_db LOG:  duration: 3.804 ms  statement: SELECT count(*) FROM orders WHERE created_at > now() - interval '1 day'
2026-04-22 10:13:38.535 UTC [2403] app_user@analytics LOG:  statement: SELECT id, name FROM users WHERE active = true LIMIT 32
2026-04-22 10:13:42.375 UTC [2405] odoo@production ERROR:  syntax error at or near "SELEC" at character 1
2026-04-22 10:13:42.375 UTC [2405] odoo@production STATEMENT:  SELEC * FROM users;
2026-04-22 10:13:45.900 UTC [2404] odoo@production LOG:  statement: SELECT id, name FROM users WHERE active = true LIMIT 136
2026-04-22 10:13:46.037 UTC [2402] app_user@production LOG:  statement: SELECT id, name FROM users WHERE active = true LIMIT 164
2026-04-22 10:13:47.998 UTC [2401] app_user@analytics ERROR:  duplicate key value violates unique constraint "users_email_key"
2026-04-22 10:13:47.998 UTC [2401] app_user@analytics DETAIL:  Key (email)=(test@example.com) already exists.
2026-04-22 10:13:51.740 UTC [2405] readonly@test_db ERROR:  syntax error at or near "SELEC" at character 1
2026-04-22 10:13:51.740 UTC [2405] readonly@test_db STATEMENT:  SELEC * FROM users;
2026-04-22 10:13:52.629 UTC [2405] admin@analytics WARNING:  there is already a transaction in progress
2026-04-22 10:13:55.384 UTC [2403] odoo@test_db LOG:  statement: SELECT id, name FROM users WHERE active = true LIMIT 57
2026-04-22 10:13:57.809 UTC [2401] app_user@analytics LOG:  duration: 1.046 ms  statement: SELECT count(*) FROM orders WHERE created_at > now() - interval '1 day'
2026-04-22 10:14:00.019 UTC [2405] admin@test_db LOG:  statement: SELECT id, name FROM users WHERE active = true LIMIT 112
2026-04-22 10:14:02.074 UTC [2401] odoo@staging LOG:  statement: SELECT id, name FROM users WHERE active = true LIMIT 73
2026-04-22 10:14:03.138 UTC [2401] app_user@test_db LOG:  statement: SELECT id, name FROM users WHERE active = true LIMIT 78
2026-04-22 10:14:04.309 UTC [2403] app_user@production LOG:  duration: 3.495 ms  statement: SELECT count(*) FROM orders WHERE created_at > now() - interval '1 day'
2026-04-22 10:14:05.665 UTC [2401] postgres@test_db LOG:  statement: SELECT id, name FROM users WHERE active = true LIMIT 185
2026-04-22 10:14:08.381 UTC [2405] app_user@production ERROR:  syntax error at or near "SELEC" at character 1
2026-04-22 10:14:08.381 UTC [2405] app_user@production STATEMENT:  SELEC * FROM users;
2026-04-22 10:14:09.378 UTC [2403] app_user@staging ERROR:  syntax error at or near "SELEC" at character 1
2026-04-22 10:14:09.378 UTC [2403] app_user@staging STATEMENT:  SELEC * FROM users;
2026-04-22 10:14:12.540 UTC [2404] odoo@test_db ERROR:  duplicate key value violates unique constraint "users_email_key"
2026-04-22 10:14:12.540 UTC [2404] odoo@test_db DETAIL:  Key (email)=(test@example.com) already exists.
2026-04-22 10:14:15.742 UTC [2403] admin@test_db LOG:  statement: SELECT id, name FROM users WHERE active = true LIMIT 180
2026-04-22 10:14:17.994 UTC [2402] odoo@production LOG:  statement: SELECT id, name FROM users WHERE active = true LIMIT 190
2026-04-22 10:14:18.346 UTC [2403] postgres@production WARNING:  there is already a transaction in progress
2026-04-22 10:14:19.119 UTC [2405] odoo@staging LOG:  statement: SELECT id, name FROM users WHERE active = true LIMIT 143
2026-04-22 10:14:22.155 UTC [2404] postgres@staging LOG:  duration: 0.546 ms  statement: SELECT count(*) FROM orders WHERE created_at > now() - interval '1 day'
2026-04-22 10:14:24.112 UTC [2405] admin@production LOG:  statement: SELECT id, name FROM users WHERE active = true LIMIT 116
2026-04-22 10:14:26.500 UTC [2404] readonly@production LOG:  statement: SELECT id, name FROM users WHERE active = true LIMIT 88
2026-04-22 10:14:29.944 UTC [2401] admin@analytics LOG:  statement: SELECT id, name FROM users WHERE active = true LIMIT 65
2026-04-22 10:14:31.779 UTC [2405] postgres@production LOG:  statement: SELECT id, name FROM users WHERE active = true LIMIT 26
2026-04-22 10:14:35.703 UTC [2405] postgres@production LOG:  statement: SELECT id, name FROM users WHERE active = true LIMIT 83
2026-04-22 10:14:38.939 UTC [2404] odoo@staging LOG:  duration: 3.674 ms  statement: SELECT count(*) FROM orders WHERE created_at > now() - interval '1 day'
2026-04-22 10:14:40.876 UTC [2404] app_user@test_db WARNING:  there is already a transaction in progress
2026-04-22 10:14:43.772 UTC [2404] admin@production ERROR:  duplicate key value violates unique constraint "users_email_key"
2026-04-22 10:14:43.772 UTC [2404] admin@production DETAIL:  Key (email)=(test@example.com) already exists.
2026-04-22 10:14:44.357 UTC [2405] odoo@analytics LOG:  statement: SELECT id, name FROM users WHERE active = true LIMIT 147
2026-04-22 10:14:47.438 UTC [2404] readonly@staging ERROR:  duplicate key value violates unique constraint "users_email_key"
2026-04-22 10:14:47.438 UTC [2404] readonly@staging DETAIL:  Key (email)=(test@example.com) already exists.
2026-04-22 10:14:49.434 UTC [2401] postgres@analytics LOG:  duration: 2.768 ms  statement: SELECT count(*) FROM orders WHERE created_at > now() - interval '1 day'
2026-04-22 10:14:50.547 UTC [2405] admin@staging LOG:  statement: SELECT id, name FROM users WHERE active = true LIMIT 49
2026-04-22 10:14:50.778 UTC [2403] odoo@production WARNING:  there is already a transaction in progress
2026-04-22 10:14:51.863 UTC [2404] readonly@production LOG:  statement: SELECT id, name FROM users WHERE active = true LIMIT 35
2026-04-22 10:14:54.411 UTC [2405] postgres@test_db LOG:  duration: 4.374 ms  statement: SELECT count(*) FROM orders WHERE created_at > now() - interval '1 day'
2026-04-22 10:14:56.308 UTC [2402] postgres@test_db LOG:  statement: SELECT id, name FROM users WHERE active = true LIMIT 65
2026-04-22 10:14:57.367 UTC [2401] odoo@analytics WARNING:  there is already a transaction in progress
2026-04-22 10:14:58.437 UTC [2405] app_user@analytics LOG:  statement: SELECT id, name FROM users WHERE active = true LIMIT 46
2026-04-22 10:14:59.767 UTC [2405] odoo@test_db LOG:  statement: SELECT id, name FROM users WHERE active = true LIMIT 152
2026-04-22 10:15:02.143 UTC [2405] odoo@test_db LOG:  statement: SELECT id, name FROM users WHERE active = true LIMIT 98
2026-04-22 10:15:05.095 UTC [2404] readonly@analytics LOG:  statement: SELECT id, name FROM users WHERE active = true LIMIT 48
2026-04-22 10:15:08.285 UTC [2403] admin@staging LOG:  statement: SELECT id, name FROM users WHERE active = true LIMIT 71
2026-04-22 10:15:11.685 UTC [2402] app_user@staging LOG:  statement: SELECT id, name FROM users WHERE active = true LIMIT 24
2026-04-22 10:15:14.067 UTC [2405] admin@test_db LOG:  statement: SELECT id, name FROM users WHERE active = true LIMIT 109
2026-04-22 10:15:15.519 UTC [2402] app_user@staging LOG:  duration: 4.619 ms  statement: SELECT count(*) FROM orders WHERE created_at > now() - interval '1 day'
2026-04-22 10:15:15.830 UTC [2403] postgres@staging LOG:  statement: SELECT id, name FROM users WHERE active = true LIMIT 182
2026-04-22 10:15:19.508 UTC [2405] readonly@production LOG:  statement: SELECT id, name FROM users WHERE active = true LIMIT 160
2026-04-22 10:15:20.463 UTC [2405] odoo@test_db WARNING:  there is already a transaction in progress
2026-04-22 10:15:21.430 UTC [2403] app_user@production ERROR:  syntax error at or near "SELEC" at character 1
2026-04-22 10:15:21.430 UTC [2403] app_user@production STATEMENT:  SELEC * FROM users;
2026-04-22 10:15:24.379 UTC [2401] admin@staging LOG:  duration: 1.102 ms  statement: SELECT count(*) FROM orders WHERE created_at > now() - interval '1 day'
2026-04-22 10:15:27.655 UTC [2402] readonly@analytics LOG:  statement: SELECT id, name FROM users WHERE active = true LIMIT 129
2026-04-22 10:15:28.826 UTC [2405] app_user@analytics LOG:  statement: SELECT id, name FROM users WHERE active = true LIMIT 137
2026-04-22 10:15:32.045 UTC [2404] postgres@test_db WARNING:  there is already a transaction in progress
2026-04-22 10:15:33.840 UTC [2402] app_user@analytics LOG:  statement: SELECT id, name FROM users WHERE active = true LIMIT 66
2026-04-22 10:15:36.206 UTC [2402] postgres@analytics ERROR:  syntax error at or near "SELEC" at character 1
2026-04-22 10:15:36.206 UTC [2402] postgres@analytics STATEMENT:  SELEC * FROM users;
2026-04-22 10:15:36.930 UTC [2405] admin@analytics LOG:  statement: SELECT id, name FROM users WHERE active = true LIMIT 68
2026-04-22 10:15:39.075 UTC [2404] readonly@staging LOG:  duration: 4.723 ms  statement: SELECT count(*) FROM orders WHERE created_at > now() - interval '1 day'
2026-04-22 10:15:42.138 UTC [2403] app_user@test_db LOG:  duration: 2.504 ms  statement: SELECT count(*) FROM orders WHERE created_at > now() - interval '1 day'
2026-04-22 10:15:42.811 UTC [2402] app_user@staging DEBUG:  query executed in cache
2026-04-22 10:15:45.057 UTC [2404] odoo@production LOG:  statement: SELECT id, name FROM users WHERE active = true LIMIT 29
2026-04-22 10:15:45.720 UTC [2401] postgres@test_db WARNING:  there is already a transaction in progress
2026-04-22 10:15:45.857 UTC [2402] postgres@staging LOG:  statement: SELECT id, name FROM users WHERE active = true LIMIT 126
2026-04-22 10:15:48.657 UTC [2403] postgres@test_db LOG:  statement: SELECT id, name FROM users WHERE active = true LIMIT 11
2026-04-22 10:15:48.805 UTC [2405] readonly@test_db LOG:  statement: SELECT id, name FROM users WHERE active = true LIMIT 194
2026-04-22 10:15:48.975 UTC [2403] readonly@analytics LOG:  statement: SELECT id, name FROM users WHERE active = true LIMIT 188
2026-04-22 10:15:52.835 UTC [2404] odoo@production LOG:  statement: SELECT id, name FROM users WHERE active = true LIMIT 48
2026-04-22 10:15:56.274 UTC [2402] odoo@analytics LOG:  statement: SELECT id, name FROM users WHERE active = true LIMIT 111
2026-04-22 10:15:58.254 UTC [2401] app_user@test_db LOG:  duration: 4.952 ms  statement: SELECT count(*) FROM orders WHERE created_at > now() - interval '1 day'
2026-04-22 10:16:01.031 UTC [2402] FATAL:  terminating connection due to administrator command
2026-04-22 10:16:02.684 UTC [2401] postgres@test_db LOG:  statement: SELECT id, name FROM users WHERE active = true LIMIT 131
2026-04-22 10:16:03.122 UTC [2401] postgres@staging LOG:  statement: SELECT id, name FROM users WHERE active = true LIMIT 121
2026-04-22 10:16:06.887 UTC [2403] readonly@production LOG:  statement: SELECT id, name FROM users WHERE active = true LIMIT 20
2026-04-22 10:16:08.097 UTC [2402] odoo@test_db LOG:  statement: SELECT id, name FROM users WHERE active = true LIMIT 29
2026-04-22 10:16:08.931 UTC [2403] readonly@production ERROR:  syntax error at or near "SELEC" at character 1
2026-04-22 10:16:08.931 UTC [2403] readonly@production STATEMENT:  SELEC * FROM users;
2026-04-22 10:16:11.435 UTC [2403] postgres@staging LOG:  statement: SELECT id, name FROM users WHERE active = true LIMIT 192
2026-04-22 10:16:12.200 UTC [2404] postgres@analytics LOG:  duration: 2.877 ms  statement: SELECT count(*) FROM orders WHERE created_at > now() - interval '1 day'
2026-04-22 10:16:13.872 UTC [2404] readonly@analytics DEBUG:  query executed in cache
2026-04-22 10:16:14.191 UTC [2402] postgres@analytics LOG:  statement: SELECT id, name FROM users WHERE active = true LIMIT 69
2026-04-22 10:16:17.459 UTC [2401] app_user@test_db LOG:  statement: SELECT id, name FROM users WHERE active = true LIMIT 172
2026-04-22 10:16:18.493 UTC [2403] admin@test_db LOG:  statement: SELECT id, name FROM users WHERE active = true LIMIT 106
2026-04-22 10:16:18.944 UTC [2404] odoo@test_db DEBUG:  query executed in cache
2026-04-22 10:16:19.380 UTC [2403] odoo@production LOG:  statement: SELECT id, name FROM users WHERE active = true LIMIT 107
2026-04-22 10:16:20.957 UTC [2402] admin@analytics LOG:  statement: SELECT id, name FROM users WHERE active = true LIMIT 11
2026-04-22 10:16:24.175 UTC [2403] admin@analytics LOG:  statement: SELECT id, name FROM users WHERE active = true LIMIT 43
2026-04-22 10:16:26.113 UTC [2401] odoo@test_db LOG:  duration: 2.611 ms  statement: SELECT count(*) FROM orders WHERE created_at > now() - interval '1 day'
2026-04-22 10:16:27.662 UTC [2401] postgres@production LOG:  duration: 3.025 ms  statement: SELECT count(*) FROM orders WHERE created_at > now() - interval '1 day'
2026-04-22 10:16:28.957 UTC [2403] admin@production LOG:  statement: SELECT id, name FROM users WHERE active = true LIMIT 31
2026-04-22 10:16:31.864 UTC [2405] odoo@staging LOG:  statement: SELECT id, name FROM users WHERE active = true LIMIT 45
2026-04-22 10:16:33.983 UTC [2403] app_user@analytics LOG:  statement: SELECT id, name FROM users WHERE active = true LIMIT 52
2026-04-22 10:16:35.310 UTC [2404] app_user@test_db LOG:  statement: SELECT id, name FROM users WHERE active = true LIMIT 29
2026-04-22 10:16:38.362 UTC [2403] app_user@staging LOG:  duration: 3.010 ms  statement: SELECT count(*) FROM orders WHERE created_at > now() - interval '1 day'
2026-04-22 10:16:39.016 UTC [2402] admin@production LOG:  statement: SELECT id, name FROM users WHERE active = true LIMIT 111
2026-04-22 10:16:42.409 UTC [2403] readonly@test_db WARNING:  there is already a transaction in progress
2026-04-22 10:16:45.849 UTC [2404] app_user@test_db WARNING:  there is already a transaction in progress
2026-04-22 10:16:47.262 UTC [2405] odoo@analytics LOG:  duration: 3.507 ms  statement: SELECT count(*) FROM orders WHERE created_at > now() - interval '1 day'
2026-04-22 10:16:48.993 UTC [2404] app_user@staging ERROR:  duplicate key value violates unique constraint "users_email_key"
2026-04-22 10:16:48.993 UTC [2404] app_user@staging DETAIL:  Key (email)=(test@example.com) already exists.
2026-04-22 10:16:50.427 UTC [2403] admin@staging LOG:  statement: SELECT id, name FROM users WHERE active = true LIMIT 110
2026-04-22 10:16:52.952 UTC [2403] FATAL:  terminating connection due to administrator command
2026-04-22 10:16:56.030 UTC [2402] readonly@production LOG:  statement: SELECT id, name FROM users WHERE active = true LIMIT 191
2026-04-22 10:16:59.534 UTC [2402] admin@analytics LOG:  duration: 4.113 ms  statement: SELECT count(*) FROM orders WHERE created_at > now() - interval '1 day'
2026-04-22 10:17:02.228 UTC [2404] admin@staging LOG:  statement: SELECT id, name FROM users WHERE active = true LIMIT 74
2026-04-22 10:17:02.630 UTC [2402] admin@test_db LOG:  statement: SELECT id, name FROM users WHERE active = true LIMIT 163
2026-04-22 10:17:04.918 UTC [2404] readonly@test_db LOG:  statement: SELECT id, name FROM users WHERE active = true LIMIT 187
2026-04-22 10:17:08.256 UTC [2404] readonly@production ERROR:  duplicate key value violates unique constraint "users_email_key"
2026-04-22 10:17:08.256 UTC [2404] readonly@production DETAIL:  Key (email)=(test@example.com) already exists.
2026-04-22 10:17:08.803 UTC [2405] readonly@production DEBUG:  query executed in cache
2026-04-22 10:17:11.209 UTC [2403] odoo@production ERROR:  duplicate key value violates unique constraint "users_email_key"
2026-04-22 10:17:11.209 UTC [2403] odoo@production DETAIL:  Key (email)=(test@example.com) already exists.
2026-04-22 10:17:11.742 UTC [2404] app_user@test_db LOG:  statement: SELECT id, name FROM users WHERE active = true LIMIT 76
2026-04-22 10:17:13.667 UTC [2402] readonly@staging LOG:  statement: SELECT id, name FROM users WHERE active = true LIMIT 128
2026-04-22 10:17:15.179 UTC [2405] FATAL:  terminating connection due to administrator command
2026-04-22 10:17:16.982 UTC [2404] postgres@analytics ERROR:  syntax error at or near "SELEC" at character 1
2026-04-22 10:17:16.982 UTC [2404] postgres@analytics STATEMENT:  SELEC * FROM users;
2026-04-22 10:17:18.508 UTC [2401] postgres@staging LOG:  statement: SELECT id, name FROM users WHERE active = true LIMIT 126
2026-04-22 10:17:20.034 UTC [2402] readonly@test_db LOG:  statement: SELECT id, name FROM users WHERE active = true LIMIT 122
2026-04-22 10:17:21.363 UTC [2404] app_user@production LOG:  statement: SELECT id, name FROM users WHERE active = true LIMIT 191
2026-04-22 10:17:24.117 UTC [2401] postgres@analytics LOG:  statement: SELECT id, name FROM users WHERE active = true LIMIT 52
2026-04-22 10:17:26.477 UTC [2402] readonly@staging LOG:  statement: SELECT id, name FROM users WHERE active = true LIMIT 153
2026-04-22 10:17:29.844 UTC [2404] admin@staging LOG:  statement: SELECT id, name FROM users WHERE active = true LIMIT 57
2026-04-22 10:17:30.063 UTC [2402] admin@test_db DEBUG:  query executed in cache
2026-04-22 10:17:31.755 UTC [2402] admin@test_db LOG:  statement: SELECT id, name FROM users WHERE active = true LIMIT 64
2026-04-22 10:17:34.219 UTC [2402] app_user@production LOG:  statement: SELECT id, name FROM users WHERE active = true LIMIT 147
2026-04-22 10:17:35.126 UTC [2402] app_user@analytics LOG:  statement: SELECT id, name FROM users WHERE active = true LIMIT 77
2026-04-22 10:17:37.671 UTC [2404] readonly@analytics LOG:  statement: SELECT id, name FROM users WHERE active = true LIMIT 110
2026-04-22 10:17:39.212 UTC [2405] postgres@analytics WARNING:  there is already a transaction in progress
2026-04-22 10:17:43.074 UTC [2405] odoo@analytics LOG:  duration: 0.515 ms  statement: SELECT count(*) FROM orders WHERE created_at > now() - interval '1 day'
2026-04-22 10:17:44.151 UTC [2402] app_user@production LOG:  statement: SELECT id, name FROM users WHERE active = true LIMIT 56
2026-04-22 10:17:45.964 UTC [2403] odoo@test_db LOG:  duration: 2.917 ms  statement: SELECT count(*) FROM orders WHERE created_at > now() - interval '1 day'
2026-04-22 10:17:48.667 UTC [2404] odoo@test_db LOG:  statement: SELECT id, name FROM users WHERE active = true LIMIT 175
2026-04-22 10:17:50.772 UTC [2402] readonly@staging LOG:  statement: SELECT id, name FROM users WHERE active = true LIMIT 57
2026-04-22 10:17:54.417 UTC [2403] admin@production LOG:  statement: SELECT id, name FROM users WHERE active = true LIMIT 12
2026-04-22 10:17:57.856 UTC [2404] odoo@staging LOG:  statement: SELECT id, name FROM users WHERE active = true LIMIT 153
2026-04-22 10:18:00.760 UTC [2405] admin@test_db LOG:  statement: SELECT id, name FROM users WHERE active = true LIMIT 191
2026-04-22 10:18:01.198 UTC [2404] admin@staging LOG:  duration: 4.000 ms  statement: SELECT count(*) FROM orders WHERE created_at > now() - interval '1 day'
2026-04-22 10:18:02.423 UTC [2402] app_user@production LOG:  statement: SELECT id, name FROM users WHERE active = true LIMIT 83
2026-04-22 10:18:04.774 UTC [2402] admin@test_db LOG:  statement: SELECT id, name FROM users WHERE active = true LIMIT 156
2026-04-22 10:18:07.094 UTC [2401] app_user@analytics WARNING:  there is already a transaction in progress
2026-04-22 10:18:08.935 UTC [2401] admin@staging LOG:  statement: SELECT id, name FROM users WHERE active = true LIMIT 177
2026-04-22 10:18:10.877 UTC [2402] app_user@production LOG:  statement: SELECT id, name FROM users WHERE active = true LIMIT 32
2026-04-22 10:18:11.836 UTC [2404] postgres@staging WARNING:  there is already a transaction in progress
2026-04-22 10:18:12.615 UTC [2405] app_user@test_db LOG:  duration: 3.946 ms  statement: SELECT count(*) FROM orders WHERE created_at > now() - interval '1 day'
2026-04-22 10:18:14.895 UTC [2402] postgres@analytics LOG:  statement: SELECT id, name FROM users WHERE active = true LIMIT 147
2026-04-22 10:18:16.180 UTC [2402] app_user@analytics LOG:  duration: 4.767 ms  statement: SELECT count(*) FROM orders WHERE created_at > now() - interval '1 day'
2026-04-22 10:18:19.352 UTC [2405] postgres@staging DEBUG:  query executed in cache
2026-04-22 10:18:22.325 UTC [2401] app_user@staging WARNING:  there is already a transaction in progress
2026-04-22 10:18:25.818 UTC [2402] odoo@analytics LOG:  statement: SELECT id, name FROM users WHERE active = true LIMIT 183
2026-04-22 10:18:28.283 UTC [2404] admin@staging LOG:  duration: 3.176 ms  statement: SELECT count(*) FROM orders WHERE created_at > now() - interval '1 day'
2026-04-22 10:18:30.978 UTC [2404] admin@production DEBUG:  query executed in cache
2026-04-22 10:18:33.923 UTC [2401] admin@analytics ERROR:  syntax error at or near "SELEC" at character 1
2026-04-22 10:18:33.923 UTC [2401] admin@analytics STATEMENT:  SELEC * FROM users;
2026-04-22 10:18:35.363 UTC [2403] admin@test_db LOG:  duration: 4.358 ms  statement: SELECT count(*) FROM orders WHERE created_at > now() - interval '1 day'
2026-04-22 10:18:38.945 UTC [2401] admin@analytics LOG:  statement: SELECT id, name FROM users WHERE active = true LIMIT 146
2026-04-22 10:18:42.423 UTC [2404] odoo@test_db LOG:  statement: SELECT id, name FROM users WHERE active = true LIMIT 78
2026-04-22 10:18:44.764 UTC [2403] app_user@analytics LOG:  duration: 2.874 ms  statement: SELECT count(*) FROM orders WHERE created_at > now() - interval '1 day'
2026-04-22 10:18:45.052 UTC [2404] app_user@production LOG:  statement: SELECT id, name FROM users WHERE active = true LIMIT 127
2026-04-22 10:18:46.959 UTC [2401] postgres@staging LOG:  statement: SELECT id, name FROM users WHERE active = true LIMIT 119
2026-04-22 10:18:47.710 UTC [2402] odoo@analytics WARNING:  there is already a transaction in progress
2026-04-22 10:18:48.835 UTC [2403] postgres@analytics LOG:  statement: SELECT id, name FROM users WHERE active = true LIMIT 180
2026-04-22 10:18:51.497 UTC [2402] postgres@test_db LOG:  statement: SELECT id, name FROM users WHERE active = true LIMIT 189
2026-04-22 10:18:54.479 UTC [2402] admin@production LOG:  statement: SELECT id, name FROM users WHERE active = true LIMIT 64
2026-04-22 10:18:57.010 UTC [2404] postgres@staging LOG:  statement: SELECT id, name FROM users WHERE active = true LIMIT 184
2026-04-22 10:18:59.959 UTC [2404] postgres@production LOG:  statement: SELECT id, name FROM users WHERE active = true LIMIT 40
2026-04-22 10:19:00.349 UTC [2404] odoo@test_db LOG:  statement: SELECT id, name FROM users WHERE active = true LIMIT 32
2026-04-22 10:19:01.954 UTC [2401] postgres@analytics WARNING:  there is already a transaction in progress
2026-04-22 10:19:04.681 UTC [2402] FATAL:  terminating connection due to administrator command
2026-04-22 10:19:07.280 UTC [2402] postgres@production LOG:  duration: 2.256 ms  statement: SELECT count(*) FROM orders WHERE created_at > now() - interval '1 day'
2026-04-22 10:19:09.903 UTC [2402] odoo@test_db LOG:  duration: 4.314 ms  statement: SELECT count(*) FROM orders WHERE created_at > now() - interval '1 day'
2026-04-22 10:19:13.085 UTC [2401] postgres@staging LOG:  statement: SELECT id, name FROM users WHERE active = true LIMIT 196
2026-04-22 10:19:14.473 UTC [2404] app_user@test_db DEBUG:  query executed in cache
2026-04-22 10:19:15.589 UTC [2402] app_user@production LOG:  duration: 3.040 ms  statement: SELECT count(*) FROM orders WHERE created_at > now() - interval '1 day'
2026-04-22 10:19:19.161 UTC [2405] app_user@production WARNING:  there is already a transaction in progress
2026-04-22 10:19:22.324 UTC [2403] odoo@staging LOG:  statement: SELECT id, name FROM users WHERE active = true LIMIT 175
2026-04-22 10:19:24.004 UTC [2401] odoo@test_db LOG:  statement: SELECT id, name FROM users WHERE active = true LIMIT 137
2026-04-22 10:19:25.583 UTC [2405] postgres@production ERROR:  syntax error at or near "SELEC" at character 1
2026-04-22 10:19:25.583 UTC [2405] postgres@production STATEMENT:  SELEC * FROM users;
2026-04-22 10:19:27.179 UTC [2402] admin@test_db LOG:  statement: SELECT id, name FROM users WHERE active = true LIMIT 54
2026-04-22 10:19:29.684 UTC [2404] postgres@production LOG:  statement: SELECT id, name FROM users WHERE active = true LIMIT 77
2026-04-22 10:19:33.669 UTC [2402] postgres@production DEBUG:  query executed in cache
2026-04-22 10:19:35.503 UTC [2405] app_user@test_db DEBUG:  query executed in cache
2026-04-22 10:19:36.739 UTC [2401] readonly@staging LOG:  statement: SELECT id, name FROM users WHERE active = true LIMIT 30
2026-04-22 10:19:39.036 UTC [2405] odoo@staging LOG:  statement: SELECT id, name FROM users WHERE active = true LIMIT 160
2026-04-22 10:19:42.125 UTC [2401] app_user@test_db ERROR:  syntax error at or near "SELEC" at character 1
2026-04-22 10:19:42.125 UTC [2401] app_user@test_db STATEMENT:  SELEC * FROM users;
2026-04-22 10:19:42.578 UTC [2402] postgres@staging ERROR:  syntax error at or near "SELEC" at character 1
2026-04-22 10:19:42.578 UTC [2402] postgres@staging STATEMENT:  SELEC * FROM users;
2026-04-22 10:19:43.944 UTC [2401] admin@production LOG:  duration: 3.324 ms  statement: SELECT count(*) FROM orders WHERE created_at > now() - interval '1 day'
2026-04-22 10:19:46.943 UTC [2402] postgres@production LOG:  statement: SELECT id, name FROM users WHERE active = true LIMIT 12
2026-04-22 10:19:49.185 UTC [2402] admin@analytics LOG:  statement: SELECT id, name FROM users WHERE active = true LIMIT 194
2026-04-22 10:19:49.804 UTC [2403] odoo@analytics DEBUG:  query executed in cache
2026-04-22 10:19:51.276 UTC [2403] postgres@production WARNING:  there is already a transaction in progress
2026-04-22 10:19:52.453 UTC [2403] readonly@production DEBUG:  query executed in cache
2026-04-22 10:19:54.417 UTC [2405] postgres@test_db LOG:  statement: SELECT id, name FROM users WHERE active = true LIMIT 24
2026-04-22 10:19:56.023 UTC [2404] readonly@staging LOG:  statement: SELECT id, name FROM users WHERE active = true LIMIT 36
2026-04-22 10:19:59.157 UTC [2405] postgres@staging LOG:  statement: SELECT id, name FROM users WHERE active = true LIMIT 21
2026-04-22 10:20:01.189 UTC [2401] odoo@production LOG:  statement: SELECT id, name FROM users WHERE active = true LIMIT 48
2026-04-22 10:20:02.208 UTC [2402] postgres@test_db LOG:  statement: SELECT id, name FROM users WHERE active = true LIMIT 116
2026-04-22 10:20:04.649 UTC [2403] app_user@production LOG:  statement: SELECT id, name FROM users WHERE active = true LIMIT 138
2026-04-22 10:20:08.043 UTC [2401] odoo@staging LOG:  statement: SELECT id, name FROM users WHERE active = true LIMIT 21
2026-04-22 10:20:11.690 UTC [2404] postgres@test_db LOG:  statement: SELECT id, name FROM users WHERE active = true LIMIT 89
2026-04-22 10:20:11.822 UTC [2403] postgres@test_db LOG:  statement: SELECT id, name FROM users WHERE active = true LIMIT 84
2026-04-22 10:20:13.822 UTC [2405] app_user@staging LOG:  statement: SELECT id, name FROM users WHERE active = true LIMIT 136
2026-04-22 10:20:14.538 UTC [2402] readonly@staging LOG:  statement: SELECT id, name FROM users WHERE active = true LIMIT 114
2026-04-22 10:20:17.242 UTC [2401] odoo@analytics WARNING:  there is already a transaction in progress
2026-04-22 10:20:20.450 UTC [2401] app_user@production LOG:  duration: 4.260 ms  statement: SELECT count(*) FROM orders WHERE created_at > now() - interval '1 day'
2026-04-22 10:20:22.720 UTC [2403] postgres@staging ERROR:  duplicate key value violates unique constraint "users_email_key"
2026-04-22 10:20:22.720 UTC [2403] postgres@staging DETAIL:  Key (email)=(test@example.com) already exists.
2026-04-22 10:20:23.403 UTC [2404] admin@production DEBUG:  query executed in cache
2026-04-22 10:20:27.178 UTC [2401] postgres@staging WARNING:  there is already a transaction in progress
2026-04-22 10:20:30.341 UTC [2404] app_user@test_db LOG:  statement: SELECT id, name FROM users WHERE active = true LIMIT 34
2026-04-22 10:20:30.747 UTC [2405] odoo@test_db LOG:  duration: 0.405 ms  statement: SELECT count(*) FROM orders WHERE created_at > now() - interval '1 day'
2026-04-22 10:20:31.916 UTC [2402] odoo@analytics WARNING:  there is already a transaction in progress
2026-04-22 10:20:33.870 UTC [2404] app_user@analytics LOG:  statement: SELECT id, name FROM users WHERE active = true LIMIT 29
2026-04-22 10:20:34.606 UTC [2402] odoo@production LOG:  statement: SELECT id, name FROM users WHERE active = true LIMIT 125
2026-04-22 10:20:35.200 UTC [2404] app_user@test_db LOG:  statement: SELECT id, name FROM users WHERE active = true LIMIT 63
2026-04-22 10:20:36.385 UTC [2404] app_user@test_db WARNING:  there is already a transaction in progress
2026-04-22 10:20:39.869 UTC [2401] odoo@analytics DEBUG:  query executed in cache
2026-04-22 10:20:43.392 UTC [2405] postgres@staging WARNING:  there is already a transaction in progress
2026-04-22 10:20:44.949 UTC [2402] postgres@staging LOG:  statement: SELECT id, name FROM users WHERE active = true LIMIT 22
2026-04-22 10:20:45.176 UTC [2403] app_user@staging ERROR:  syntax error at or near "SELEC" at character 1
2026-04-22 10:20:45.176 UTC [2403] app_user@staging STATEMENT:  SELEC * FROM users;
2026-04-22 10:20:45.663 UTC [2404] readonly@staging LOG:  statement: SELECT id, name FROM users WHERE active = true LIMIT 45
2026-04-22 10:20:49.164 UTC [2401] postgres@production DEBUG:  query executed in cache
2026-04-22 10:20:52.637 UTC [2402] odoo@staging LOG:  statement: SELECT id, name FROM users WHERE active = true LIMIT 185
2026-04-22 10:20:56.494 UTC [2401] readonly@analytics WARNING:  there is already a transaction in progress
2026-04-22 10:21:00.290 UTC [2401] postgres@staging LOG:  duration: 4.066 ms  statement: SELECT count(*) FROM orders WHERE created_at > now() - interval '1 day'
2026-04-22 10:21:00.564 UTC [2401] app_user@production ERROR:  syntax error at or near "SELEC" at character 1
2026-04-22 10:21:00.564 UTC [2401] app_user@production STATEMENT:  SELEC * FROM users;
2026-04-22 10:21:04.029 UTC [2401] odoo@test_db DEBUG:  query executed in cache
2026-04-22 10:21:06.927 UTC [2404] postgres@test_db LOG:  statement: SELECT id, name FROM users WHERE active = true LIMIT 100
2026-04-22 10:21:08.173 UTC [2402] odoo@analytics LOG:  statement: SELECT id, name FROM users WHERE active = true LIMIT 48
2026-04-22 10:21:10.924 UTC [2401] readonly@staging LOG:  statement: SELECT id, name FROM users WHERE active = true LIMIT 115
2026-04-22 10:21:11.383 UTC [2405] admin@production LOG:  statement: SELECT id, name FROM users WHERE active = true LIMIT 45
2026-04-22 10:21:14.066 UTC [2404] FATAL:  terminating connection due to administrator command
2026-04-22 10:21:17.368 UTC [2405] postgres@test_db DEBUG:  query executed in cache
2026-04-22 10:21:18.877 UTC [2404] readonly@test_db ERROR:  syntax error at or near "SELEC" at character 1
2026-04-22 10:21:18.877 UTC [2404] readonly@test_db STATEMENT:  SELEC * FROM users;
2026-04-22 10:21:20.084 UTC [2405] app_user@test_db LOG:  statement: SELECT id, name FROM users WHERE active = true LIMIT 91
2026-04-22 10:21:23.853 UTC [2405] odoo@production WARNING:  there is already a transaction in progress
2026-04-22 10:21:26.121 UTC [2403] postgres@test_db LOG:  statement: SELECT id, name FROM users WHERE active = true LIMIT 159
2026-04-22 10:21:27.236 UTC [2402] odoo@production LOG:  duration: 1.406 ms  statement: SELECT count(*) FROM orders WHERE created_at > now() - interval '1 day'
2026-04-22 10:21:28.789 UTC [2401] odoo@test_db ERROR:  syntax error at or near "SELEC" at character 1
2026-04-22 10:21:28.789 UTC [2401] odoo@test_db STATEMENT:  SELEC * FROM users;
2026-04-22 10:21:31.315 UTC [2402] odoo@staging LOG:  statement: SELECT id, name FROM users WHERE active = true LIMIT 198
2026-04-22 10:21:34.296 UTC [2403] readonly@production DEBUG:  query executed in cache
2026-04-22 10:21:36.702 UTC [2405] readonly@staging ERROR:  syntax error at or near "SELEC" at character 1
2026-04-22 10:21:36.702 UTC [2405] readonly@staging STATEMENT:  SELEC * FROM users;
2026-04-22 10:21:37.521 UTC [2404] readonly@analytics LOG:  statement: SELECT id, name FROM users WHERE active = true LIMIT 33
2026-04-22 10:21:37.702 UTC [2401] odoo@staging LOG:  statement: SELECT id, name FROM users WHERE active = true LIMIT 10
2026-04-22 10:21:41.105 UTC [2403] readonly@staging LOG:  statement: SELECT id, name FROM users WHERE active = true LIMIT 193
2026-04-22 10:21:41.294 UTC [2402] app_user@production LOG:  statement: SELECT id, name FROM users WHERE active = true LIMIT 190
2026-04-22 10:21:41.691 UTC [2402] postgres@analytics LOG:  statement: SELECT id, name FROM users WHERE active = true LIMIT 179
2026-04-22 10:21:43.169 UTC [2404] readonly@production LOG:  statement: SELECT id, name FROM users WHERE active = true LIMIT 44
2026-04-22 10:21:45.928 UTC [2402] admin@test_db LOG:  statement: SELECT id, name FROM users WHERE active = true LIMIT 191
2026-04-22 10:21:46.942 UTC [2405] readonly@analytics LOG:  duration: 4.091 ms  statement: SELECT count(*) FROM orders WHERE created_at > now() - interval '1 day'
2026-04-22 10:21:47.563 UTC [2404] app_user@analytics LOG:  statement: SELECT id, name FROM users WHERE active = true LIMIT 10
2026-04-22 10:21:48.408 UTC [2405] admin@production LOG:  duration: 4.613 ms  statement: SELECT count(*) FROM orders WHERE created_at > now() - interval '1 day'
2026-04-22 10:21:52.344 UTC [2405] odoo@production LOG:  statement: SELECT id, name FROM users WHERE active = true LIMIT 94
2026-04-22 10:21:53.752 UTC [2401] odoo@analytics LOG:  statement: SELECT id, name FROM users WHERE active = true LIMIT 32
2026-04-22 10:21:54.938 UTC [2403] admin@production LOG:  statement: SELECT id, name FROM users WHERE active = true LIMIT 187
2026-04-22 10:21:58.261 UTC [2401] app_user@analytics LOG:  statement: SELECT id, name FROM users WHERE active = true LIMIT 10
2026-04-22 10:22:01.361 UTC [2401] admin@test_db LOG:  statement: SELECT id, name FROM users WHERE active = true LIMIT 52
2026-04-22 10:22:02.899 UTC [2404] admin@test_db LOG:  statement: SELECT id, name FROM users WHERE active = true LIMIT 35
2026-04-22 10:22:03.665 UTC [2404] readonly@staging LOG:  statement: SELECT id, name FROM users WHERE active = true LIMIT 18
2026-04-22 10:22:04.834 UTC [2403] postgres@analytics ERROR:  syntax error at or near "SELEC" at character 1
2026-04-22 10:22:04.834 UTC [2403] postgres@analytics STATEMENT:  SELEC * FROM users;
2026-04-22 10:22:08.570 UTC [2401] app_user@staging LOG:  statement: SELECT id, name FROM users WHERE active = true LIMIT 197
2026-04-22 10:22:10.054 UTC [2401] readonly@production LOG:  duration: 3.107 ms  statement: SELECT count(*) FROM orders WHERE created_at > now() - interval '1 day'
2026-04-22 10:22:14.014 UTC [2404] postgres@test_db LOG:  duration: 3.076 ms  statement: SELECT count(*) FROM orders WHERE created_at > now() - interval '1 day'
2026-04-22 10:22:14.528 UTC [2404] odoo@production LOG:  statement: SELECT id, name FROM users WHERE active = true LIMIT 58
2026-04-22 10:22:17.333 UTC [2404] readonly@analytics LOG:  statement: SELECT id, name FROM users WHERE active = true LIMIT 70
2026-04-22 10:22:19.774 UTC [2401] postgres@test_db LOG:  statement: SELECT id, name FROM users WHERE active = true LIMIT 135
2026-04-22 10:22:19.889 UTC [2402] postgres@analytics LOG:  statement: SELECT id, name FROM users WHERE active = true LIMIT 85
2026-04-22 10:22:20.386 UTC [2405] admin@staging LOG:  statement: SELECT id, name FROM users WHERE active = true LIMIT 53
2026-04-22 10:22:23.942 UTC [2403] postgres@test_db LOG:  statement: SELECT id, name FROM users WHERE active = true LIMIT 111
2026-04-22 10:22:24.415 UTC [2404] admin@analytics LOG:  duration: 1.999 ms  statement: SELECT count(*) FROM orders WHERE created_at > now() - interval '1 day'
2026-04-22 10:22:25.279 UTC [2403] admin@analytics LOG:  statement: SELECT id, name FROM users WHERE active = true LIMIT 77
2026-04-22 10:22:26.305 UTC [2404] admin@analytics WARNING:  there is already a transaction in progress
2026-04-22 10:22:29.486 UTC [2405] postgres@staging LOG:  duration: 0.574 ms  statement: SELECT count(*) FROM orders WHERE created_at > now() - interval '1 day'
2026-04-22 10:22:32.684 UTC [2403] readonly@test_db LOG:  duration: 2.813 ms  statement: SELECT count(*) FROM orders WHERE created_at > now() - interval '1 day'
2026-04-22 10:22:34.977 UTC [2404] readonly@test_db LOG:  duration: 4.688 ms  statement: SELECT count(*) FROM orders WHERE created_at > now() - interval '1 day'
2026-04-22 10:22:36.301 UTC [2405] odoo@test_db LOG:  statement: SELECT id, name FROM users WHERE active = true LIMIT 192
2026-04-22 10:22:36.893 UTC [2401] readonly@staging ERROR:  syntax error at or near "SELEC" at character 1
2026-04-22 10:22:36.893 UTC [2401] readonly@staging STATEMENT:  SELEC * FROM users;
2026-04-22 10:22:37.860 UTC [2404] odoo@staging WARNING:  there is already a transaction in progress
2026-04-22 10:22:38.280 UTC [2402] postgres@test_db ERROR:  duplicate key value violates unique constraint "users_email_key"
2026-04-22 10:22:38.280 UTC [2402] postgres@test_db DETAIL:  Key (email)=(test@example.com) already exists.
2026-04-22 10:22:41.796 UTC [2404] odoo@staging LOG:  duration: 1.667 ms  statement: SELECT count(*) FROM orders WHERE created_at > now() - interval '1 day'
2026-04-22 10:22:44.174 UTC [2401] postgres@test_db LOG:  statement: SELECT id, name FROM users WHERE active = true LIMIT 93
2026-04-22 10:22:48.030 UTC [2403] readonly@test_db WARNING:  there is already a transaction in progress
2026-04-22 10:22:48.590 UTC [2405] readonly@test_db LOG:  statement: SELECT id, name FROM users WHERE active = true LIMIT 47
2026-04-22 10:22:52.478 UTC [2405] readonly@production LOG:  statement: SELECT id, name FROM users WHERE active = true LIMIT 35
2026-04-22 10:22:56.173 UTC [2403] readonly@analytics LOG:  statement: SELECT id, name FROM users WHERE active = true LIMIT 108
2026-04-22 10:22:56.426 UTC [2404] readonly@test_db LOG:  statement: SELECT id, name FROM users WHERE active = true LIMIT 113
2026-04-22 10:22:56.684 UTC [2402] readonly@test_db LOG:  statement: SELECT id, name FROM users WHERE active = true LIMIT 94
2026-04-22 10:23:00.555 UTC [2402] postgres@test_db LOG:  statement: SELECT id, name FROM users WHERE active = true LIMIT 105
2026-04-22 10:23:01.928 UTC [2401] app_user@analytics LOG:  statement: SELECT id, name FROM users WHERE active = true LIMIT 135
2026-04-22 10:23:03.258 UTC [2401] odoo@staging ERROR:  duplicate key value violates unique constraint "users_email_key"
2026-04-22 10:23:03.258 UTC [2401] odoo@staging DETAIL:  Key (email)=(test@example.com) already exists.
2026-04-22 10:23:06.343 UTC [2404] app_user@analytics LOG:  statement: SELECT id, name FROM users WHERE active = true LIMIT 175
2026-04-22 10:23:07.308 UTC [2401] odoo@test_db ERROR:  syntax error at or near "SELEC" at character 1
2026-04-22 10:23:07.308 UTC [2401] odoo@test_db STATEMENT:  SELEC * FROM users;
2026-04-22 10:23:10.770 UTC [2404] admin@analytics LOG:  statement: SELECT id, name FROM users WHERE active = true LIMIT 50
2026-04-22 10:23:11.425 UTC [2401] app_user@test_db DEBUG:  query executed in cache
2026-04-22 10:23:12.236 UTC [2405] readonly@production LOG:  statement: SELECT id, name FROM users WHERE active = true LIMIT 61
2026-04-22 10:23:14.205 UTC [2401] odoo@production LOG:  statement: SELECT id, name FROM users WHERE active = true LIMIT 102
2026-04-22 10:23:17.678 UTC [2402] app_user@analytics LOG:  statement: SELECT id, name FROM users WHERE active = true LIMIT 111
2026-04-22 10:23:19.303 UTC [2401] postgres@staging LOG:  statement: SELECT id, name FROM users WHERE active = true LIMIT 124
2026-04-22 10:23:20.813 UTC [2402] admin@analytics LOG:  statement: SELECT id, name FROM users WHERE active = true LIMIT 76
2026-04-22 10:23:22.496 UTC [2401] app_user@production LOG:  statement: SELECT id, name FROM users WHERE active = true LIMIT 156
2026-04-22 10:23:25.371 UTC [2402] odoo@staging LOG:  statement: SELECT id, name FROM users WHERE active = true LIMIT 176
2026-04-22 10:23:29.012 UTC [2404] readonly@production DEBUG:  query executed in cache
2026-04-22 10:23:31.763 UTC [2401] admin@staging LOG:  statement: SELECT id, name FROM users WHERE active = true LIMIT 12
2026-04-22 10:23:34.782 UTC [2402] app_user@analytics ERROR:  duplicate key value violates unique constraint "users_email_key"
2026-04-22 10:23:34.782 UTC [2402] app_user@analytics DETAIL:  Key (email)=(test@example.com) already exists.
2026-04-22 10:23:38.370 UTC [2403] admin@test_db LOG:  statement: SELECT id, name FROM users WHERE active = true LIMIT 74
2026-04-22 10:23:41.243 UTC [2402] admin@analytics LOG:  statement: SELECT id, name FROM users WHERE active = true LIMIT 169
2026-04-22 10:23:41.373 UTC [2404] readonly@production LOG:  statement: SELECT id, name FROM users WHERE active = true LIMIT 179
2026-04-22 10:23:42.695 UTC [2403] readonly@analytics LOG:  duration: 2.461 ms  statement: SELECT count(*) FROM orders WHERE created_at > now() - interval '1 day'
2026-04-22 10:23:46.323 UTC [2403] app_user@analytics LOG:  statement: SELECT id, name FROM users WHERE active = true LIMIT 177
2026-04-22 10:23:48.541 UTC [2403] odoo@staging DEBUG:  query executed in cache
2026-04-22 10:23:51.346 UTC [2401] readonly@test_db LOG:  statement: SELECT id, name FROM users WHERE active = true LIMIT 45
2026-04-22 10:23:52.508 UTC [2401] admin@analytics ERROR:  syntax error at or near "SELEC" at character 1
2026-04-22 10:23:52.508 UTC [2401] admin@analytics STATEMENT:  SELEC * FROM users;
2026-04-22 10:23:54.996 UTC [2404] admin@production DEBUG:  query executed in cache
2026-04-22 10:23:58.071 UTC [2405] odoo@analytics DEBUG:  query executed in cache
2026-04-22 10:24:00.248 UTC [2405] admin@analytics LOG:  statement: SELECT id, name FROM users WHERE active = true LIMIT 53
2026-04-22 10:24:00.747 UTC [2405] odoo@analytics LOG:  statement: SELECT id, name FROM users WHERE active = true LIMIT 199
2026-04-22 10:24:04.725 UTC [2403] readonly@staging LOG:  duration: 1.745 ms  statement: SELECT count(*) FROM orders WHERE created_at > now() - interval '1 day'
2026-04-22 10:24:05.739 UTC [2401] odoo@analytics DEBUG:  query executed in cache
2026-04-22 10:24:07.361 UTC [2403] admin@analytics LOG:  statement: SELECT id, name FROM users WHERE active = true LIMIT 85
2026-04-22 10:24:07.680 UTC [2404] postgres@test_db WARNING:  there is already a transaction in progress
2026-04-22 10:24:09.714 UTC [2405] readonly@production WARNING:  there is already a transaction in progress
2026-04-22 10:24:11.984 UTC [2405] postgres@test_db LOG:  statement: SELECT id, name FROM users WHERE active = true LIMIT 23
2026-04-22 10:24:13.487 UTC [2402] odoo@staging LOG:  statement: SELECT id, name FROM users WHERE active = true LIMIT 155
2026-04-22 10:24:17.119 UTC [2404] odoo@analytics DEBUG:  query executed in cache
2026-04-22 10:24:19.803 UTC [2401] admin@analytics ERROR:  duplicate key value violates unique constraint "users_email_key"
2026-04-22 10:24:19.803 UTC [2401] admin@analytics DETAIL:  Key (email)=(test@example.com) already exists.
2026-04-22 10:24:21.754 UTC [2403] postgres@production LOG:  statement: SELECT id, name FROM users WHERE active = true LIMIT 53
2026-04-22 10:24:25.070 UTC [2405] odoo@test_db DEBUG:  query executed in cache
2026-04-22 10:24:27.764 UTC [2401] odoo@test_db LOG:  statement: SELECT id, name FROM users WHERE active = true LIMIT 119
2026-04-22 10:24:28.018 UTC [2404] admin@production LOG:  statement: SELECT id, name FROM users WHERE active = true LIMIT 197
2026-04-22 10:24:31.218 UTC [2403] postgres@analytics WARNING:  there is already a transaction in progress
2026-04-22 10:24:33.884 UTC [2402] postgres@production DEBUG:  query executed in cache
2026-04-22 10:24:34.512 UTC [2402] app_user@analytics LOG:  statement: SELECT id, name FROM users WHERE active = true LIMIT 138
2026-04-22 10:24:34.879 UTC [2405] app_user@staging WARNING:  there is already a transaction in progress
2026-04-22 10:24:37.960 UTC [2403] app_user@test_db LOG:  statement: SELECT id, name FROM users WHERE active = true LIMIT 144
2026-04-22 10:24:39.463 UTC [2403] FATAL:  terminating connection due to administrator command
2026-04-22 10:24:40.238 UTC [2404] app_user@staging ERROR:  syntax error at or near "SELEC" at character 1
2026-04-22 10:24:40.238 UTC [2404] app_user@staging STATEMENT:  SELEC * FROM users;
2026-04-22 10:24:41.256 UTC [2404] postgres@staging DEBUG:  query executed in cache
2026-04-22 10:24:43.771 UTC [2402] odoo@production LOG:  statement: SELECT id, name FROM users WHERE active = true LIMIT 41
2026-04-22 10:24:47.461 UTC [2403] postgres@test_db LOG:  duration: 3.879 ms  statement: SELECT count(*) FROM orders WHERE created_at > now() - interval '1 day'
2026-04-22 10:24:50.272 UTC [2405] postgres@production LOG:  statement: SELECT id, name FROM users WHERE active = true LIMIT 15
2026-04-22 10:24:52.191 UTC [2401] postgres@test_db LOG:  statement: SELECT id, name FROM users WHERE active = true LIMIT 150
2026-04-22 10:24:53.132 UTC [2403] admin@staging LOG:  duration: 3.189 ms  statement: SELECT count(*) FROM orders WHERE created_at > now() - interval '1 day'
2026-04-22 10:24:55.945 UTC [2403] admin@production LOG:  statement: SELECT id, name FROM users WHERE active = true LIMIT 169
2026-04-22 10:24:59.447 UTC [2405] odoo@test_db WARNING:  there is already a transaction in progress
2026-04-22 10:25:00.704 UTC [2405] readonly@production LOG:  statement: SELECT id, name FROM users WHERE active = true LIMIT 37
2026-04-22 10:25:03.990 UTC [2404] odoo@staging LOG:  statement: SELECT id, name FROM users WHERE active = true LIMIT 143
2026-04-22 10:25:05.299 UTC [2402] app_user@test_db LOG:  statement: SELECT id, name FROM users WHERE active = true LIMIT 150
2026-04-22 10:25:06.753 UTC [2404] odoo@test_db LOG:  statement: SELECT id, name FROM users WHERE active = true LIMIT 13
2026-04-22 10:25:07.463 UTC [2401] postgres@test_db ERROR:  syntax error at or near "SELEC" at character 1
2026-04-22 10:25:07.463 UTC [2401] postgres@test_db STATEMENT:  SELEC * FROM users;
2026-04-22 10:25:11.268 UTC [2405] postgres@production LOG:  statement: SELECT id, name FROM users WHERE active = true LIMIT 69
2026-04-22 10:25:13.269 UTC [2404] app_user@analytics LOG:  statement: SELECT id, name FROM users WHERE active = true LIMIT 54
2026-04-22 10:25:16.652 UTC [2401] app_user@analytics LOG:  duration: 2.187 ms  statement: SELECT count(*) FROM orders WHERE created_at > now() - interval '1 day'
2026-04-22 10:25:16.791 UTC [2401] postgres@production WARNING:  there is already a transaction in progress
2026-04-22 10:25:20.554 UTC [2402] app_user@analytics LOG:  statement: SELECT id, name FROM users WHERE active = true LIMIT 169
2026-04-22 10:25:23.992 UTC [2403] postgres@analytics LOG:  statement: SELECT id, name FROM users WHERE active = true LIMIT 39
2026-04-22 10:25:25.205 UTC [2404] admin@test_db WARNING:  there is already a transaction in progress
2026-04-22 10:25:25.768 UTC [2404] admin@staging LOG:  statement: SELECT id, name FROM users WHERE active = true LIMIT 195
2026-04-22 10:25:27.572 UTC [2401] odoo@production ERROR:  syntax error at or near "SELEC" at character 1
2026-04-22 10:25:27.572 UTC [2401] odoo@production STATEMENT:  SELEC * FROM users;
2026-04-22 10:25:28.414 UTC [2404] readonly@test_db LOG:  duration: 3.918 ms  statement: SELECT count(*) FROM orders WHERE created_at > now() - interval '1 day'
2026-04-22 10:25:30.492 UTC [2405] postgres@staging ERROR:  syntax error at or near "SELEC" at character 1
2026-04-22 10:25:30.492 UTC [2405] postgres@staging STATEMENT:  SELEC * FROM users;
2026-04-22 10:25:30.780 UTC [2401] admin@test_db LOG:  statement: SELECT id, name FROM users WHERE active = true LIMIT 177
2026-04-22 10:25:33.623 UTC [2403] postgres@staging WARNING:  there is already a transaction in progress
2026-04-22 10:25:35.495 UTC [2405] readonly@production LOG:  duration: 1.318 ms  statement: SELECT count(*) FROM orders WHERE created_at > now() - interval '1 day'
2026-04-22 10:25:39.031 UTC [2403] admin@staging WARNING:  there is already a transaction in progress
2026-04-22 10:25:41.766 UTC [2405] postgres@production ERROR:  syntax error at or near "SELEC" at character 1
2026-04-22 10:25:41.766 UTC [2405] postgres@production STATEMENT:  SELEC * FROM users;
2026-04-22 10:25:45.427 UTC [2405] admin@test_db LOG:  statement: SELECT id, name FROM users WHERE active = true LIMIT 135
2026-04-22 10:25:46.666 UTC [2403] odoo@analytics LOG:  statement: SELECT id, name FROM users WHERE active = true LIMIT 67
2026-04-22 10:25:50.112 UTC [2405] admin@test_db LOG:  statement: SELECT id, name FROM users WHERE active = true LIMIT 127
2026-04-22 10:25:50.572 UTC [2404] readonly@test_db WARNING:  there is already a transaction in progress
2026-04-22 10:25:52.709 UTC [2404] app_user@production DEBUG:  query executed in cache
2026-04-22 10:25:54.497 UTC [2401] postgres@test_db LOG:  statement: SELECT id, name FROM users WHERE active = true LIMIT 150
2026-04-22 10:25:58.242 UTC [2401] postgres@analytics LOG:  statement: SELECT id, name FROM users WHERE active = true LIMIT 62
2026-04-22 10:26:01.722 UTC [2404] app_user@analytics LOG:  statement: SELECT id, name FROM users WHERE active = true LIMIT 67
2026-04-22 10:26:04.757 UTC [2404] app_user@test_db LOG:  duration: 3.608 ms  statement: SELECT count(*) FROM orders WHERE created_at > now() - interval '1 day'
2026-04-22 10:26:04.865 UTC [2401] postgres@staging LOG:  statement: SELECT id, name FROM users WHERE active = true LIMIT 172
2026-04-22 10:26:07.840 UTC [2403] readonly@analytics LOG:  statement: SELECT id, name FROM users WHERE active = true LIMIT 52
2026-04-22 10:26:08.378 UTC [2404] odoo@test_db LOG:  statement: SELECT id, name FROM users WHERE active = true LIMIT 60
2026-04-22 10:26:09.361 UTC [2402] postgres@test_db LOG:  statement: SELECT id, name FROM users WHERE active = true LIMIT 58
2026-04-22 10:26:09.651 UTC [2403] postgres@test_db ERROR:  syntax error at or near "SELEC" at character 1
2026-04-22 10:26:09.651 UTC [2403] postgres@test_db STATEMENT:  SELEC * FROM users;
2026-04-22 10:26:11.624 UTC [2405] postgres@test_db LOG:  duration: 4.785 ms  statement: SELECT count(*) FROM orders WHERE created_at > now() - interval '1 day'
2026-04-22 10:26:13.896 UTC [2402] admin@production DEBUG:  query executed in cache
2026-04-22 10:26:17.782 UTC [2405] admin@test_db LOG:  statement: SELECT id, name FROM users WHERE active = true LIMIT 55
2026-04-22 10:26:18.306 UTC [2405] odoo@staging LOG:  statement: SELECT id, name FROM users WHERE active = true LIMIT 163
2026-04-22 10:26:20.120 UTC [2405] app_user@test_db ERROR:  duplicate key value violates unique constraint "users_email_key"
2026-04-22 10:26:20.120 UTC [2405] app_user@test_db DETAIL:  Key (email)=(test@example.com) already exists.
2026-04-22 10:26:21.624 UTC [2402] app_user@test_db ERROR:  duplicate key value violates unique constraint "users_email_key"
2026-04-22 10:26:21.624 UTC [2402] app_user@test_db DETAIL:  Key (email)=(test@example.com) already exists.
2026-04-22 10:26:23.414 UTC [2404] odoo@staging LOG:  duration: 4.444 ms  statement: SELECT count(*) FROM orders WHERE created_at > now() - interval '1 day'
2026-04-22 10:26:26.429 UTC [2405] app_user@analytics DEBUG:  query executed in cache
2026-04-22 10:26:27.387 UTC [2405] odoo@staging LOG:  duration: 1.524 ms  statement: SELECT count(*) FROM orders WHERE created_at > now() - interval '1 day'
2026-04-22 10:26:29.550 UTC [2403] odoo@staging LOG:  statement: SELECT id, name FROM users WHERE active = true LIMIT 173
2026-04-22 10:26:31.953 UTC [2403] postgres@analytics LOG:  statement: SELECT id, name FROM users WHERE active = true LIMIT 156
2026-04-22 10:26:35.647 UTC [2404] readonly@analytics WARNING:  there is already a transaction in progress
2026-04-22 10:26:35.850 UTC [2401] readonly@production LOG:  statement: SELECT id, name FROM users WHERE active = true LIMIT 23
2026-04-22 10:26:39.022 UTC [2401] odoo@analytics DEBUG:  query executed in cache
2026-04-22 10:26:42.560 UTC [2403] app_user@staging LOG:  statement: SELECT id, name FROM users WHERE active = true LIMIT 85
2026-04-22 10:26:44.129 UTC [2402] readonly@production WARNING:  there is already a transaction in progress
2026-04-22 10:26:47.269 UTC [2401] readonly@staging LOG:  duration: 2.006 ms  statement: SELECT count(*) FROM orders WHERE created_at > now() - interval '1 day'
2026-04-22 10:26:51.163 UTC [2405] app_user@production LOG:  statement: SELECT id, name FROM users WHERE active = true LIMIT 116
2026-04-22 10:26:51.316 UTC [2403] readonly@production DEBUG:  query executed in cache
2026-04-22 10:26:54.815 UTC [2402] readonly@test_db LOG:  statement: SELECT id, name FROM users WHERE active = true LIMIT 172
2026-04-22 10:26:58.094 UTC [2403] readonly@staging DEBUG:  query executed in cache
2026-04-22 10:26:58.920 UTC [2402] app_user@test_db ERROR:  duplicate key value violates unique constraint "users_email_key"
2026-04-22 10:26:58.920 UTC [2402] app_user@test_db DETAIL:  Key (email)=(test@example.com) already exists.
2026-04-22 10:27:02.030 UTC [2401] odoo@staging LOG:  statement: SELECT id, name FROM users WHERE active = true LIMIT 106
2026-04-22 10:27:04.409 UTC [2401] admin@analytics LOG:  statement: SELECT id, name FROM users WHERE active = true LIMIT 51
2026-04-22 10:27:05.862 UTC [2405] app_user@production LOG:  statement: SELECT id, name FROM users WHERE active = true LIMIT 49
2026-04-22 10:27:08.406 UTC [2401] odoo@analytics LOG:  statement: SELECT id, name FROM users WHERE active = true LIMIT 170
2026-04-22 10:27:11.741 UTC [2405] app_user@test_db LOG:  duration: 1.855 ms  statement: SELECT count(*) FROM orders WHERE created_at > now() - interval '1 day'
2026-04-22 10:27:12.594 UTC [2403] readonly@staging LOG:  statement: SELECT id, name FROM users WHERE active = true LIMIT 139
2026-04-22 10:27:13.070 UTC [2402] admin@test_db LOG:  statement: SELECT id, name FROM users WHERE active = true LIMIT 64
2026-04-22 10:27:14.372 UTC [2403] app_user@analytics LOG:  statement: SELECT id, name FROM users WHERE active = true LIMIT 168
2026-04-22 10:27:14.941 UTC [2405] admin@production LOG:  duration: 2.284 ms  statement: SELECT count(*) FROM orders WHERE created_at > now() - interval '1 day'
2026-04-22 10:27:15.204 UTC [2405] readonly@staging LOG:  duration: 1.673 ms  statement: SELECT count(*) FROM orders WHERE created_at > now() - interval '1 day'
2026-04-22 10:27:17.516 UTC [2401] admin@analytics DEBUG:  query executed in cache
2026-04-22 10:27:19.722 UTC [2401] readonly@analytics WARNING:  there is already a transaction in progress
2026-04-22 10:27:21.036 UTC [2404] admin@production WARNING:  there is already a transaction in progress
2026-04-22 10:27:25.019 UTC [2402] app_user@production LOG:  statement: SELECT id, name FROM users WHERE active = true LIMIT 147
2026-04-22 10:27:25.982 UTC [2405] postgres@production LOG:  duration: 3.891 ms  statement: SELECT count(*) FROM orders WHERE created_at > now() - interval '1 day'
2026-04-22 10:27:28.284 UTC [2404] postgres@staging WARNING:  there is already a transaction in progress
2026-04-22 10:27:28.481 UTC [2404] postgres@staging LOG:  statement: SELECT id, name FROM users WHERE active = true LIMIT 94
2026-04-22 10:27:28.803 UTC [2401] postgres@production LOG:  statement: SELECT id, name FROM users WHERE active = true LIMIT 74
2026-04-22 10:27:32.634 UTC [2405] postgres@staging LOG:  statement: SELECT id, name FROM users WHERE active = true LIMIT 109
2026-04-22 10:27:34.029 UTC [2404] admin@test_db LOG:  statement: SELECT id, name FROM users WHERE active = true LIMIT 182
2026-04-22 10:27:36.756 UTC [2401] readonly@production DEBUG:  query executed in cache
2026-04-22 10:27:39.726 UTC [2401] readonly@production WARNING:  there is already a transaction in progress
2026-04-22 10:27:41.013 UTC [2403] readonly@production DEBUG:  query executed in cache
2026-04-22 10:27:42.266 UTC [2403] readonly@production DEBUG:  query executed in cache
2026-04-22 10:27:45.733 UTC [2404] admin@test_db LOG:  duration: 2.423 ms  statement: SELECT count(*) FROM orders WHERE created_at > now() - interval '1 day'
2026-04-22 10:27:48.891 UTC [2405] odoo@staging LOG:  statement: SELECT id, name FROM users WHERE active = true LIMIT 149
2026-04-22 10:27:51.765 UTC [2403] odoo@analytics WARNING:  there is already a transaction in progress
2026-04-22 10:27:52.369 UTC [2403] postgres@staging LOG:  statement: SELECT id, name FROM users WHERE active = true LIMIT 156
2026-04-22 10:27:53.717 UTC [2405] admin@production LOG:  statement: SELECT id, name FROM users WHERE active = true LIMIT 199
2026-04-22 10:27:57.526 UTC [2403] odoo@test_db LOG:  duration: 2.612 ms  statement: SELECT count(*) FROM orders WHERE created_at > now() - interval '1 day'
2026-04-22 10:28:00.152 UTC [2402] odoo@staging WARNING:  there is already a transaction in progress
2026-04-22 10:28:03.000 UTC [2402] postgres@staging DEBUG:  query executed in cache
2026-04-22 10:28:05.740 UTC [2401] readonly@test_db LOG:  statement: SELECT id, name FROM users WHERE active = true LIMIT 84
2026-04-22 10:28:06.648 UTC [2401] app_user@production DEBUG:  query executed in cache
2026-04-22 10:28:07.273 UTC [2404] app_user@analytics LOG:  duration: 1.249 ms  statement: SELECT count(*) FROM orders WHERE created_at > now() - interval '1 day'
2026-04-22 10:28:11.059 UTC [2403] readonly@production LOG:  statement: SELECT id, name FROM users WHERE active = true LIMIT 134
2026-04-22 10:28:13.999 UTC [2404] app_user@analytics LOG:  duration: 2.871 ms  statement: SELECT count(*) FROM orders WHERE created_at > now() - interval '1 day'
2026-04-22 10:28:14.789 UTC [2403] app_user@test_db LOG:  statement: SELECT id, name FROM users WHERE active = true LIMIT 73
2026-04-22 10:28:18.330 UTC [2402] admin@analytics LOG:  statement: SELECT id, name FROM users WHERE active = true LIMIT 183
2026-04-22 10:28:20.254 UTC [2403] admin@test_db LOG:  statement: SELECT id, name FROM users WHERE active = true LIMIT 88
2026-04-22 10:28:21.073 UTC [2404] readonly@production LOG:  duration: 0.502 ms  statement: SELECT count(*) FROM orders WHERE created_at > now() - interval '1 day'
2026-04-22 10:28:22.251 UTC [2403] odoo@staging DEBUG:  query executed in cache
2026-04-22 10:28:25.830 UTC [2401] postgres@production LOG:  statement: SELECT id, name FROM users WHERE active = true LIMIT 17
2026-04-22 10:28:29.080 UTC [2405] readonly@test_db LOG:  duration: 4.541 ms  statement: SELECT count(*) FROM orders WHERE created_at > now() - interval '1 day'
2026-04-22 10:28:31.858 UTC [2405] app_user@test_db DEBUG:  query executed in cache
2026-04-22 10:28:35.609 UTC [2403] admin@staging DEBUG:  query executed in cache
2026-04-22 10:28:37.761 UTC [2403] odoo@test_db LOG:  statement: SELECT id, name FROM users WHERE active = true LIMIT 111
2026-04-22 10:28:40.575 UTC [2403] readonly@production LOG:  statement: SELECT id, name FROM users WHERE active = true LIMIT 167
2026-04-22 10:28:42.502 UTC [2402] readonly@staging LOG:  statement: SELECT id, name FROM users WHERE active = true LIMIT 154
2026-04-22 10:28:46.448 UTC [2405] odoo@test_db LOG:  statement: SELECT id, name FROM users WHERE active = true LIMIT 66
2026-04-22 10:28:47.630 UTC [2404] odoo@production LOG:  statement: SELECT id, name FROM users WHERE active = true LIMIT 20
2026-04-22 10:28:49.319 UTC [2402] readonly@analytics LOG:  statement: SELECT id, name FROM users WHERE active = true LIMIT 126
2026-04-22 10:28:49.841 UTC [2401] postgres@analytics DEBUG:  query executed in cache
2026-04-22 10:28:52.311 UTC [2405] app_user@analytics LOG:  statement: SELECT id, name FROM users WHERE active = true LIMIT 54
2026-04-22 10:28:54.818 UTC [2404] admin@analytics LOG:  duration: 4.194 ms  statement: SELECT count(*) FROM orders WHERE created_at > now() - interval '1 day'
2026-04-22 10:28:58.634 UTC [2405] app_user@test_db LOG:  statement: SELECT id, name FROM users WHERE active = true LIMIT 113
2026-04-22 10:29:01.980 UTC [2403] app_user@test_db LOG:  statement: SELECT id, name FROM users WHERE active = true LIMIT 164
2026-04-22 10:29:03.881 UTC [2401] readonly@staging LOG:  statement: SELECT id, name FROM users WHERE active = true LIMIT 29
2026-04-22 10:29:04.596 UTC [2405] app_user@staging LOG:  statement: SELECT id, name FROM users WHERE active = true LIMIT 102
2026-04-22 10:29:06.394 UTC [2405] postgres@staging WARNING:  there is already a transaction in progress
2026-04-22 10:29:08.456 UTC [2401] admin@test_db LOG:  statement: SELECT id, name FROM users WHERE active = true LIMIT 51
2026-04-22 10:29:08.732 UTC [2404] postgres@staging LOG:  statement: SELECT id, name FROM users WHERE active = true LIMIT 161
2026-04-22 10:29:12.480 UTC [2402] odoo@production LOG:  duration: 0.374 ms  statement: SELECT count(*) FROM orders WHERE created_at > now() - interval '1 day'
2026-04-22 10:29:15.034 UTC [2403] odoo@test_db ERROR:  duplicate key value violates unique constraint "users_email_key"
2026-04-22 10:29:15.034 UTC [2403] odoo@test_db DETAIL:  Key (email)=(test@example.com) already exists.
2026-04-22 10:29:16.021 UTC [2401] app_user@production LOG:  statement: SELECT id, name FROM users WHERE active = true LIMIT 130
2026-04-22 10:29:19.522 UTC [2404] odoo@staging LOG:  statement: SELECT id, name FROM users WHERE active = true LIMIT 46
2026-04-22 10:29:20.308 UTC [2405] odoo@analytics DEBUG:  query executed in cache
2026-04-22 10:29:21.349 UTC [2403] admin@production LOG:  statement: SELECT id, name FROM users WHERE active = true LIMIT 43
2026-04-22 10:29:23.590 UTC [2401] postgres@staging WARNING:  there is already a transaction in progress
2026-04-22 10:29:26.170 UTC [2405] admin@staging LOG:  statement: SELECT id, name FROM users WHERE active = true LIMIT 131
2026-04-22 10:29:29.865 UTC [2405] readonly@production DEBUG:  query executed in cache
2026-04-22 10:29:31.940 UTC [2405] postgres@production LOG:  duration: 4.520 ms  statement: SELECT count(*) FROM orders WHERE created_at > now() - interval '1 day'
2026-04-22 10:29:34.178 UTC [2405] postgres@test_db LOG:  statement: SELECT id, name FROM users WHERE active = true LIMIT 21
2026-04-22 10:29:38.121 UTC [2405] admin@staging WARNING:  there is already a transaction in progress
2026-04-22 10:29:39.963 UTC [2404] app_user@production LOG:  statement: SELECT id, name FROM users WHERE active = true LIMIT 132
2026-04-22 10:29:42.513 UTC [2402] postgres@analytics WARNING:  there is already a transaction in progress
2026-04-22 10:29:42.635 UTC [2404] app_user@staging DEBUG:  query executed in cache
2026-04-22 10:29:44.863 UTC [2401] readonly@production LOG:  statement: SELECT id, name FROM users WHERE active = true LIMIT 177
2026-04-22 10:29:46.446 UTC [2402] app_user@test_db LOG:  statement: SELECT id, name FROM users WHERE active = true LIMIT 119
2026-04-22 10:29:50.047 UTC [2405] app_user@analytics LOG:  statement: SELECT id, name FROM users WHERE active = true LIMIT 154
2026-04-22 10:29:52.934 UTC [2403] readonly@analytics LOG:  statement: SELECT id, name FROM users WHERE active = true LIMIT 62
2026-04-22 10:29:53.766 UTC [2404] readonly@test_db LOG:  statement: SELECT id, name FROM users WHERE active = true LIMIT 152
2026-04-22 10:29:56.232 UTC [2404] app_user@analytics LOG:  statement: SELECT id, name FROM users WHERE active = true LIMIT 190
2026-04-22 10:29:59.395 UTC [2404] odoo@production LOG:  statement: SELECT id, name FROM users WHERE active = true LIMIT 189
2026-04-22 10:30:01.577 UTC [2402] postgres@staging LOG:  statement: SELECT id, name FROM users WHERE active = true LIMIT 96
2026-04-22 10:30:02.335 UTC [2405] readonly@production LOG:  statement: SELECT id, name FROM users WHERE active = true LIMIT 172
2026-04-22 10:30:04.366 UTC [2401] postgres@staging ERROR:  syntax error at or near "SELEC" at character 1
2026-04-22 10:30:04.366 UTC [2401] postgres@staging STATEMENT:  SELEC * FROM users;
2026-04-22 10:30:05.543 UTC [2404] postgres@production LOG:  statement: SELECT id, name FROM users WHERE active = true LIMIT 30
2026-04-22 10:30:09.455 UTC [2405] postgres@test_db ERROR:  duplicate key value violates unique constraint "users_email_key"
2026-04-22 10:30:09.455 UTC [2405] postgres@test_db DETAIL:  Key (email)=(test@example.com) already exists.
2026-04-22 10:30:12.469 UTC [2405] readonly@analytics ERROR:  duplicate key value violates unique constraint "users_email_key"
2026-04-22 10:30:12.469 UTC [2405] readonly@analytics DETAIL:  Key (email)=(test@example.com) already exists.
2026-04-22 10:30:14.367 UTC [2401] odoo@test_db LOG:  statement: SELECT id, name FROM users WHERE active = true LIMIT 178
2026-04-22 10:30:14.604 UTC [2405] app_user@staging DEBUG:  query executed in cache
2026-04-22 10:30:17.223 UTC [2405] readonly@staging LOG:  statement: SELECT id, name FROM users WHERE active = true LIMIT 19
2026-04-22 10:30:17.967 UTC [2403] odoo@production LOG:  statement: SELECT id, name FROM users WHERE active = true LIMIT 80
2026-04-22 10:30:19.727 UTC [2404] app_user@test_db LOG:  duration: 2.637 ms  statement: SELECT count(*) FROM orders WHERE created_at > now() - interval '1 day'
2026-04-22 10:30:22.801 UTC [2401] postgres@analytics WARNING:  there is already a transaction in progress
2026-04-22 10:30:26.241 UTC [2405] app_user@analytics LOG:  statement: SELECT id, name FROM users WHERE active = true LIMIT 165
2026-04-22 10:30:28.695 UTC [2402] admin@test_db LOG:  statement: SELECT id, name FROM users WHERE active = true LIMIT 54
2026-04-22 10:30:31.083 UTC [2404] readonly@production LOG:  statement: SELECT id, name FROM users WHERE active = true LIMIT 85
2026-04-22 10:30:34.771 UTC [2403] postgres@analytics LOG:  statement: SELECT id, name FROM users WHERE active = true LIMIT 157
2026-04-22 10:30:37.177 UTC [2403] admin@test_db LOG:  statement: SELECT id, name FROM users WHERE active = true LIMIT 72
2026-04-22 10:30:40.949 UTC [2403] admin@test_db LOG:  duration: 0.234 ms  statement: SELECT count(*) FROM orders WHERE created_at > now() - interval '1 day'
2026-04-22 10:30:42.616 UTC [2401] app_user@production LOG:  duration: 4.972 ms  statement: SELECT count(*) FROM orders WHERE created_at > now() - interval '1 day'
2026-04-22 10:30:44.162 UTC [2402] app_user@test_db LOG:  statement: SELECT id, name FROM users WHERE active = true LIMIT 12
2026-04-22 10:30:44.642 UTC [2403] odoo@analytics LOG:  statement: SELECT id, name FROM users WHERE active = true LIMIT 97
2026-04-22 10:30:46.693 UTC [2401] readonly@staging LOG:  statement: SELECT id, name FROM users WHERE active = true LIMIT 65
2026-04-22 10:30:50.672 UTC [2405] app_user@staging DEBUG:  query executed in cache
2026-04-22 10:30:51.733 UTC [2402] admin@staging DEBUG:  query executed in cache
2026-04-22 10:30:52.663 UTC [2403] odoo@staging WARNING:  there is already a transaction in progress
2026-04-22 10:30:55.953 UTC [2405] app_user@staging LOG:  statement: SELECT id, name FROM users WHERE active = true LIMIT 30
2026-04-22 10:30:59.183 UTC [2404] readonly@production WARNING:  there is already a transaction in progress
2026-04-22 10:31:01.825 UTC [2401] admin@analytics LOG:  statement: SELECT id, name FROM users WHERE active = true LIMIT 157
2026-04-22 10:31:05.055 UTC [2403] admin@staging ERROR:  syntax error at or near "SELEC" at character 1
2026-04-22 10:31:05.055 UTC [2403] admin@staging STATEMENT:  SELEC * FROM users;
2026-04-22 10:31:08.227 UTC [2403] admin@staging LOG:  duration: 0.365 ms  statement: SELECT count(*) FROM orders WHERE created_at > now() - interval '1 day'
2026-04-22 10:31:10.385 UTC [2404] admin@production LOG:  statement: SELECT id, name FROM users WHERE active = true LIMIT 185
2026-04-22 10:31:13.345 UTC [2402] admin@production LOG:  statement: SELECT id, name FROM users WHERE active = true LIMIT 90
2026-04-22 10:31:14.999 UTC [2401] postgres@staging LOG:  duration: 1.695 ms  statement: SELECT count(*) FROM orders WHERE created_at > now() - interval '1 day'
2026-04-22 10:31:17.345 UTC [2405] app_user@staging LOG:  statement: SELECT id, name FROM users WHERE active = true LIMIT 78
2026-04-22 10:31:18.943 UTC [2404] readonly@analytics LOG:  statement: SELECT id, name FROM users WHERE active = true LIMIT 118
2026-04-22 10:31:20.538 UTC [2402] admin@analytics WARNING:  there is already a transaction in progress
2026-04-22 10:31:22.978 UTC [2403] admin@staging LOG:  statement: SELECT id, name FROM users WHERE active = true LIMIT 157
2026-04-22 10:31:26.371 UTC [2402] postgres@analytics LOG:  statement: SELECT id, name FROM users WHERE active = true LIMIT 120
2026-04-22 10:31:29.747 UTC [2404] odoo@staging ERROR:  syntax error at or near "SELEC" at character 1
2026-04-22 10:31:29.747 UTC [2404] odoo@staging STATEMENT:  SELEC * FROM users;
2026-04-22 10:31:30.570 UTC [2402] admin@production LOG:  statement: SELECT id, name FROM users WHERE active = true LIMIT 44
2026-04-22 10:31:33.886 UTC [2405] readonly@analytics LOG:  statement: SELECT id, name FROM users WHERE active = true LIMIT 74
2026-04-22 10:31:35.617 UTC [2405] readonly@production LOG:  statement: SELECT id, name FROM users WHERE active = true LIMIT 51
2026-04-22 10:31:37.668 UTC [2401] odoo@analytics WARNING:  there is already a transaction in progress
2026-04-22 10:31:38.832 UTC [2401] admin@analytics LOG:  statement: SELECT id, name FROM users WHERE active = true LIMIT 153
2026-04-22 10:31:39.013 UTC [2405] app_user@analytics LOG:  statement: SELECT id, name FROM users WHERE active = true LIMIT 99
2026-04-22 10:31:42.309 UTC [2405] odoo@staging LOG:  statement: SELECT id, name FROM users WHERE active = true LIMIT 93
2026-04-22 10:31:46.052 UTC [2405] admin@test_db LOG:  statement: SELECT id, name FROM users WHERE active = true LIMIT 167
2026-04-22 10:31:49.708 UTC [2403] admin@staging LOG:  statement: SELECT id, name FROM users WHERE active = true LIMIT 96
2026-04-22 10:31:53.285 UTC [2404] readonly@test_db ERROR:  syntax error at or near "SELEC" at character 1
2026-04-22 10:31:53.285 UTC [2404] readonly@test_db STATEMENT:  SELEC * FROM users;
2026-04-22 10:31:54.319 UTC [2401] odoo@analytics LOG:  statement: SELECT id, name FROM users WHERE active = true LIMIT 177
2026-04-22 10:31:55.530 UTC [2403] app_user@test_db WARNING:  there is already a transaction in progress
2026-04-22 10:31:57.325 UTC [2403] readonly@test_db LOG:  statement: SELECT id, name FROM users WHERE active = true LIMIT 15
2026-04-22 10:32:01.277 UTC [2402] odoo@analytics DEBUG:  query executed in cache
2026-04-22 10:32:03.003 UTC [2401] odoo@staging LOG:  statement: SELECT id, name FROM users WHERE active = true LIMIT 26
2026-04-22 10:32:03.210 UTC [2404] readonly@production DEBUG:  query executed in cache
2026-04-22 10:32:04.385 UTC [2405] postgres@production LOG:  duration: 0.513 ms  statement: SELECT count(*) FROM orders WHERE created_at > now() - interval '1 day'
2026-04-22 10:32:05.498 UTC [2404] app_user@staging DEBUG:  query executed in cache
2026-04-22 10:32:07.755 UTC [2404] odoo@staging WARNING:  there is already a transaction in progress
2026-04-22 10:32:11.379 UTC [2401] postgres@analytics ERROR:  syntax error at or near "SELEC" at character 1
2026-04-22 10:32:11.379 UTC [2401] postgres@analytics STATEMENT:  SELEC * FROM users;
2026-04-22 10:32:13.725 UTC [2404] admin@analytics LOG:  statement: SELECT id, name FROM users WHERE active = true LIMIT 188
2026-04-22 10:32:16.409 UTC [2405] odoo@test_db DEBUG:  query executed in cache
2026-04-22 10:32:20.231 UTC [2405] admin@analytics LOG:  statement: SELECT id, name FROM users WHERE active = true LIMIT 148
2026-04-22 10:32:21.592 UTC [2402] postgres@test_db LOG:  statement: SELECT id, name FROM users WHERE active = true LIMIT 76
2026-04-22 10:32:21.692 UTC [2402] app_user@production LOG:  statement: SELECT id, name FROM users WHERE active = true LIMIT 44
2026-04-22 10:32:23.983 UTC [2403] app_user@test_db LOG:  statement: SELECT id, name FROM users WHERE active = true LIMIT 135
2026-04-22 10:32:27.220 UTC [2404] app_user@production LOG:  statement: SELECT id, name FROM users WHERE active = true LIMIT 84
2026-04-22 10:32:29.565 UTC [2405] odoo@production LOG:  statement: SELECT id, name FROM users WHERE active = true LIMIT 115
2026-04-22 10:32:30.688 UTC [2405] admin@test_db LOG:  statement: SELECT id, name FROM users WHERE active = true LIMIT 198
2026-04-22 10:32:31.865 UTC [2404] admin@staging LOG:  statement: SELECT id, name FROM users WHERE active = true LIMIT 170
2026-04-22 10:32:33.131 UTC [2402] readonly@analytics LOG:  duration: 2.707 ms  statement: SELECT count(*) FROM orders WHERE created_at > now() - interval '1 day'
2026-04-22 10:32:36.726 UTC [2403] admin@staging LOG:  statement: SELECT id, name FROM users WHERE active = true LIMIT 44
2026-04-22 10:32:39.356 UTC [2403] postgres@test_db LOG:  statement: SELECT id, name FROM users WHERE active = true LIMIT 189
2026-04-22 10:32:40.769 UTC [2405] admin@staging LOG:  statement: SELECT id, name FROM users WHERE active = true LIMIT 22
2026-04-22 10:32:41.287 UTC [2405] postgres@staging LOG:  statement: SELECT id, name FROM users WHERE active = true LIMIT 42
2026-04-22 10:32:41.756 UTC [2404] postgres@staging LOG:  statement: SELECT id, name FROM users WHERE active = true LIMIT 136
2026-04-22 10:32:43.132 UTC [2402] app_user@test_db DEBUG:  query executed in cache
2026-04-22 10:32:46.086 UTC [2404] app_user@test_db DEBUG:  query executed in cache
2026-04-22 10:32:46.415 UTC [2403] postgres@staging LOG:  statement: SELECT id, name FROM users WHERE active = true LIMIT 110
2026-04-22 10:32:47.258 UTC [2401] readonly@test_db LOG:  statement: SELECT id, name FROM users WHERE active = true LIMIT 74
2026-04-22 10:32:50.504 UTC [2404] postgres@production DEBUG:  query executed in cache
2026-04-22 10:32:53.625 UTC [2404] FATAL:  terminating connection due to administrator command
2026-04-22 10:32:55.859 UTC [2402] admin@production LOG:  duration: 1.121 ms  statement: SELECT count(*) FROM orders WHERE created_at > now() - interval '1 day'
2026-04-22 10:32:56.608 UTC [2404] app_user@analytics LOG:  duration: 0.307 ms  statement: SELECT count(*) FROM orders WHERE created_at > now() - interval '1 day'
2026-04-22 10:32:57.745 UTC [2405] readonly@production LOG:  statement: SELECT id, name FROM users WHERE active = true LIMIT 86
2026-04-22 10:33:01.382 UTC [2402] app_user@production LOG:  duration: 4.869 ms  statement: SELECT count(*) FROM orders WHERE created_at > now() - interval '1 day'
2026-04-22 10:33:01.543 UTC [2402] admin@analytics LOG:  statement: SELECT id, name FROM users WHERE active = true LIMIT 80
2026-04-22 10:33:04.875 UTC [2405] postgres@test_db LOG:  statement: SELECT id, name FROM users WHERE active = true LIMIT 20
2026-04-22 10:33:06.496 UTC [2405] admin@staging DEBUG:  query executed in cache
2026-04-22 10:33:06.970 UTC [2402] odoo@test_db LOG:  duration: 1.758 ms  statement: SELECT count(*) FROM orders WHERE created_at > now() - interval '1 day'
2026-04-22 10:33:09.710 UTC [2401] postgres@analytics LOG:  statement: SELECT id, name FROM users WHERE active = true LIMIT 147
2026-04-22 10:33:10.763 UTC [2401] odoo@test_db LOG:  statement: SELECT id, name FROM users WHERE active = true LIMIT 152
2026-04-22 10:33:10.950 UTC [2403] admin@staging LOG:  duration: 1.855 ms  statement: SELECT count(*) FROM orders WHERE created_at > now() - interval '1 day'
2026-04-22 10:33:13.037 UTC [2402] app_user@production DEBUG:  query executed in cache
2026-04-22 10:33:13.914 UTC [2405] app_user@test_db LOG:  duration: 2.764 ms  statement: SELECT count(*) FROM orders WHERE created_at > now() - interval '1 day'
2026-04-22 10:33:17.567 UTC [2403] admin@analytics WARNING:  there is already a transaction in progress
2026-04-22 10:33:19.842 UTC [2405] odoo@production LOG:  statement: SELECT id, name FROM users WHERE active = true LIMIT 85
2026-04-22 10:33:21.801 UTC [2403] readonly@analytics LOG:  statement: SELECT id, name FROM users WHERE active = true LIMIT 173
2026-04-22 10:33:25.517 UTC [2405] admin@staging LOG:  statement: SELECT id, name FROM users WHERE active = true LIMIT 103
2026-04-22 10:33:28.570 UTC [2405] odoo@analytics LOG:  statement: SELECT id, name FROM users WHERE active = true LIMIT 147
2026-04-22 10:33:31.806 UTC [2404] odoo@test_db LOG:  duration: 3.104 ms  statement: SELECT count(*) FROM orders WHERE created_at > now() - interval '1 day'
2026-04-22 10:33:32.358 UTC [2403] admin@analytics LOG:  statement: SELECT id, name FROM users WHERE active = true LIMIT 178
2026-04-22 10:33:33.189 UTC [2401] postgres@staging WARNING:  there is already a transaction in progress
2026-04-22 10:33:34.073 UTC [2402] postgres@test_db LOG:  statement: SELECT id, name FROM users WHERE active = true LIMIT 156
2026-04-22 10:33:34.374 UTC [2404] admin@analytics LOG:  statement: SELECT id, name FROM users WHERE active = true LIMIT 165
2026-04-22 10:33:37.159 UTC [2401] postgres@staging LOG:  statement: SELECT id, name FROM users WHERE active = true LIMIT 30
2026-04-22 10:33:39.544 UTC [2404] postgres@analytics DEBUG:  query executed in cache
2026-04-22 10:33:43.017 UTC [2404] app_user@production LOG:  duration: 2.692 ms  statement: SELECT count(*) FROM orders WHERE created_at > now() - interval '1 day'
2026-04-22 10:33:46.986 UTC [2401] app_user@production LOG:  statement: SELECT id, name FROM users WHERE active = true LIMIT 142
2026-04-22 10:33:49.263 UTC [2401] postgres@staging LOG:  statement: SELECT id, name FROM users WHERE active = true LIMIT 59
2026-04-22 10:33:51.650 UTC [2405] odoo@staging DEBUG:  query executed in cache
2026-04-22 10:33:54.512 UTC [2404] postgres@analytics LOG:  statement: SELECT id, name FROM users WHERE active = true LIMIT 180
2026-04-22 10:33:57.857 UTC [2404] postgres@staging LOG:  statement: SELECT id, name FROM users WHERE active = true LIMIT 112
2026-04-22 10:34:00.143 UTC [2405] FATAL:  terminating connection due to administrator command
2026-04-22 10:34:02.496 UTC [2404] FATAL:  terminating connection due to administrator command
2026-04-22 10:34:05.726 UTC [2403] app_user@test_db LOG:  duration: 4.148 ms  statement: SELECT count(*) FROM orders WHERE created_at > now() - interval '1 day'
2026-04-22 10:34:08.132 UTC [2403] readonly@staging LOG:  statement: SELECT id, name FROM users WHERE active = true LIMIT 106
2026-04-22 10:34:10.085 UTC [2405] app_user@analytics LOG:  statement: SELECT id, name FROM users WHERE active = true LIMIT 111
2026-04-22 10:34:12.625 UTC [2401] postgres@analytics LOG:  statement: SELECT id, name FROM users WHERE active = true LIMIT 44
2026-04-22 10:34:13.633 UTC [2403] postgres@analytics LOG:  statement: SELECT id, name FROM users WHERE active = true LIMIT 90
2026-04-22 10:34:14.119 UTC [2401] app_user@staging LOG:  statement: SELECT id, name FROM users WHERE active = true LIMIT 101
2026-04-22 10:34:15.722 UTC [2402] odoo@analytics WARNING:  there is already a transaction in progress
2026-04-22 10:34:19.144 UTC [2402] odoo@analytics LOG:  statement: SELECT id, name FROM users WHERE active = true LIMIT 156
2026-04-22 10:34:22.251 UTC [2404] readonly@staging LOG:  statement: SELECT id, name FROM users WHERE active = true LIMIT 93
2026-04-22 10:34:25.733 UTC [2404] odoo@test_db WARNING:  there is already a transaction in progress
2026-04-22 10:34:25.986 UTC [2405] postgres@analytics DEBUG:  query executed in cache
2026-04-22 10:34:29.281 UTC [2405] admin@production LOG:  statement: SELECT id, name FROM users WHERE active = true LIMIT 95
2026-04-22 10:34:33.191 UTC [2403] admin@test_db WARNING:  there is already a transaction in progress
2026-04-22 10:34:35.887 UTC [2402] readonly@production DEBUG:  query executed in cache
2026-04-22 10:34:38.134 UTC [2404] postgres@analytics LOG:  statement: SELECT id, name FROM users WHERE active = true LIMIT 148
2026-04-22 10:34:40.291 UTC [2405] odoo@analytics LOG:  duration: 0.851 ms  statement: SELECT count(*) FROM orders WHERE created_at > now() - interval '1 day'
2026-04-22 10:34:41.300 UTC [2404] admin@production LOG:  statement: SELECT id, name FROM users WHERE active = true LIMIT 110
2026-04-22 10:34:41.738 UTC [2402] odoo@analytics LOG:  statement: SELECT id, name FROM users WHERE active = true LIMIT 200
2026-04-22 10:34:42.913 UTC [2401] readonly@test_db LOG:  statement: SELECT id, name FROM users WHERE active = true LIMIT 138
2026-04-22 10:34:44.982 UTC [2404] odoo@staging LOG:  duration: 2.491 ms  statement: SELECT count(*) FROM orders WHERE created_at > now() - interval '1 day'
2026-04-22 10:34:46.074 UTC [2405] odoo@staging LOG:  statement: SELECT id, name FROM users WHERE active = true LIMIT 120
2026-04-22 10:34:46.634 UTC [2403] readonly@production LOG:  duration: 2.175 ms  statement: SELECT count(*) FROM orders WHERE created_at > now() - interval '1 day'
2026-04-22 10:34:48.145 UTC [2403] odoo@analytics LOG:  duration: 0.219 ms  statement: SELECT count(*) FROM orders WHERE created_at > now() - interval '1 day'
2026-04-22 10:34:50.769 UTC [2403] odoo@analytics WARNING:  there is already a transaction in progress
2026-04-22 10:34:52.673 UTC [2404] readonly@staging LOG:  statement: SELECT id, name FROM users WHERE active = true LIMIT 69
2026-04-22 10:34:55.876 UTC [2402] app_user@staging DEBUG:  query executed in cache
2026-04-22 10:34:56.971 UTC [2401] postgres@production ERROR:  syntax error at or near "SELEC" at character 1
2026-04-22 10:34:56.971 UTC [2401] postgres@production STATEMENT:  SELEC * FROM users;
2026-04-22 10:34:58.477 UTC [2402] app_user@production LOG:  duration: 0.645 ms  statement: SELECT count(*) FROM orders WHERE created_at > now() - interval '1 day'
2026-04-22 10:34:59.936 UTC [2404] admin@production LOG:  statement: SELECT id, name FROM users WHERE active = true LIMIT 147
2026-04-22 10:35:02.283 UTC [2402] odoo@analytics LOG:  statement: SELECT id, name FROM users WHERE active = true LIMIT 196
2026-04-22 10:35:04.770 UTC [2402] postgres@test_db ERROR:  syntax error at or near "SELEC" at character 1
2026-04-22 10:35:04.770 UTC [2402] postgres@test_db STATEMENT:  SELEC * FROM users;
2026-04-22 10:35:05.567 UTC [2405] postgres@analytics LOG:  statement: SELECT id, name FROM users WHERE active = true LIMIT 61
2026-04-22 10:35:07.571 UTC [2405] app_user@production LOG:  duration: 0.141 ms  statement: SELECT count(*) FROM orders WHERE created_at > now() - interval '1 day'
2026-04-22 10:35:11.211 UTC [2404] app_user@analytics LOG:  statement: SELECT id, name FROM users WHERE active = true LIMIT 84
2026-04-22 10:35:13.393 UTC [2404] odoo@test_db ERROR:  duplicate key value violates unique constraint "users_email_key"
2026-04-22 10:35:13.393 UTC [2404] odoo@test_db DETAIL:  Key (email)=(test@example.com) already exists.
2026-04-22 10:35:17.043 UTC [2401] app_user@test_db LOG:  duration: 0.531 ms  statement: SELECT count(*) FROM orders WHERE created_at > now() - interval '1 day'
2026-04-22 10:35:19.439 UTC [2402] readonly@test_db ERROR:  syntax error at or near "SELEC" at character 1
2026-04-22 10:35:19.439 UTC [2402] readonly@test_db STATEMENT:  SELEC * FROM users;
2026-04-22 10:35:23.316 UTC [2401] postgres@staging LOG:  statement: SELECT id, name FROM users WHERE active = true LIMIT 95
2026-04-22 10:35:23.491 UTC [2404] admin@staging LOG:  statement: SELECT id, name FROM users WHERE active = true LIMIT 100
2026-04-22 10:35:25.644 UTC [2403] app_user@staging LOG:  statement: SELECT id, name FROM users WHERE active = true LIMIT 25
2026-04-22 10:35:29.611 UTC [2403] admin@production LOG:  duration: 1.473 ms  statement: SELECT count(*) FROM orders WHERE created_at > now() - interval '1 day'
2026-04-22 10:35:32.401 UTC [2402] app_user@test_db LOG:  statement: SELECT id, name FROM users WHERE active = true LIMIT 196
2026-04-22 10:35:34.210 UTC [2404] readonly@staging LOG:  statement: SELECT id, name FROM users WHERE active = true LIMIT 49
2026-04-22 10:35:36.149 UTC [2404] app_user@analytics LOG:  statement: SELECT id, name FROM users WHERE active = true LIMIT 62
2026-04-22 10:35:39.782 UTC [2402] readonly@staging LOG:  statement: SELECT id, name FROM users WHERE active = true LIMIT 186
2026-04-22 10:35:43.605 UTC [2405] odoo@test_db ERROR:  duplicate key value violates unique constraint "users_email_key"
2026-04-22 10:35:43.605 UTC [2405] odoo@test_db DETAIL:  Key (email)=(test@example.com) already exists.
2026-04-22 10:35:45.005 UTC [2402] readonly@staging LOG:  statement: SELECT id, name FROM users WHERE active = true LIMIT 146
2026-04-22 10:35:48.543 UTC [2401] odoo@analytics WARNING:  there is already a transaction in progress
2026-04-22 10:35:50.327 UTC [2401] app_user@test_db LOG:  statement: SELECT id, name FROM users WHERE active = true LIMIT 200
2026-04-22 10:35:50.864 UTC [2403] odoo@staging LOG:  statement: SELECT id, name FROM users WHERE active = true LIMIT 16
2026-04-22 10:35:53.444 UTC [2405] readonly@analytics LOG:  duration: 1.231 ms  statement: SELECT count(*) FROM orders WHERE created_at > now() - interval '1 day'
2026-04-22 10:35:55.015 UTC [2402] odoo@production LOG:  statement: SELECT id, name FROM users WHERE active = true LIMIT 132
2026-04-22 10:35:58.031 UTC [2402] readonly@test_db LOG:  duration: 1.001 ms  statement: SELECT count(*) FROM orders WHERE created_at > now() - interval '1 day'
2026-04-22 10:35:58.694 UTC [2404] admin@test_db LOG:  statement: SELECT id, name FROM users WHERE active = true LIMIT 67
2026-04-22 10:36:02.584 UTC [2401] admin@production LOG:  statement: SELECT id, name FROM users WHERE active = true LIMIT 115
2026-04-22 10:36:02.954 UTC [2402] odoo@staging LOG:  statement: SELECT id, name FROM users WHERE active = true LIMIT 122
2026-04-22 10:36:06.604 UTC [2405] admin@analytics LOG:  statement: SELECT id, name FROM users WHERE active = true LIMIT 73
2026-04-22 10:36:09.194 UTC [2404] admin@production DEBUG:  query executed in cache
2026-04-22 10:36:11.798 UTC [2404] app_user@test_db ERROR:  syntax error at or near "SELEC" at character 1
2026-04-22 10:36:11.798 UTC [2404] app_user@test_db STATEMENT:  SELEC * FROM users;
2026-04-22 10:36:14.030 UTC [2405] readonly@production LOG:  statement: SELECT id, name FROM users WHERE active = true LIMIT 126
2026-04-22 10:36:17.141 UTC [2401] odoo@test_db LOG:  statement: SELECT id, name FROM users WHERE active = true LIMIT 109
2026-04-22 10:36:18.433 UTC [2405] postgres@staging LOG:  statement: SELECT id, name FROM users WHERE active = true LIMIT 87
2026-04-22 10:36:20.263 UTC [2403] admin@staging LOG:  statement: SELECT id, name FROM users WHERE active = true LIMIT 23
2026-04-22 10:36:23.762 UTC [2405] odoo@test_db LOG:  duration: 0.543 ms  statement: SELECT count(*) FROM orders WHERE created_at > now() - interval '1 day'
2026-04-22 10:36:27.051 UTC [2405] postgres@staging LOG:  duration: 4.482 ms  statement: SELECT count(*) FROM orders WHERE created_at > now() - interval '1 day'
2026-04-22 10:36:28.844 UTC [2405] odoo@test_db LOG:  statement: SELECT id, name FROM users WHERE active = true LIMIT 16
2026-04-22 10:36:32.558 UTC [2402] admin@staging LOG:  statement: SELECT id, name FROM users WHERE active = true LIMIT 74
2026-04-22 10:36:33.031 UTC [2403] odoo@production LOG:  statement: SELECT id, name FROM users WHERE active = true LIMIT 125
2026-04-22 10:36:36.108 UTC [2403] postgres@test_db DEBUG:  query executed in cache
2026-04-22 10:36:37.759 UTC [2405] readonly@staging LOG:  duration: 0.315 ms  statement: SELECT count(*) FROM orders WHERE created_at > now() - interval '1 day'
2026-04-22 10:36:38.523 UTC [2402] app_user@staging WARNING:  there is already a transaction in progress
2026-04-22 10:36:39.884 UTC [2402] postgres@test_db LOG:  statement: SELECT id, name FROM users WHERE active = true LIMIT 124
2026-04-22 10:36:43.664 UTC [2403] odoo@production LOG:  statement: SELECT id, name FROM users WHERE active = true LIMIT 61
2026-04-22 10:36:43.814 UTC [2401] readonly@analytics LOG:  statement: SELECT id, name FROM users WHERE active = true LIMIT 137
2026-04-22 10:36:44.888 UTC [2405] postgres@test_db LOG:  statement: SELECT id, name FROM users WHERE active = true LIMIT 178
2026-04-22 10:36:46.797 UTC [2404] admin@test_db LOG:  statement: SELECT id, name FROM users WHERE active = true LIMIT 163
2026-04-22 10:36:49.435 UTC [2401] odoo@analytics LOG:  duration: 4.119 ms  statement: SELECT count(*) FROM orders WHERE created_at > now() - interval '1 day'
2026-04-22 10:36:50.142 UTC [2402] postgres@staging LOG:  statement: SELECT id, name FROM users WHERE active = true LIMIT 99
2026-04-22 10:36:52.974 UTC [2401] odoo@production LOG:  duration: 3.056 ms  statement: SELECT count(*) FROM orders WHERE created_at > now() - interval '1 day'
2026-04-22 10:36:53.520 UTC [2403] postgres@production LOG:  statement: SELECT id, name FROM users WHERE active = true LIMIT 55
2026-04-22 10:36:55.485 UTC [2402] app_user@staging DEBUG:  query executed in cache
2026-04-22 10:36:58.732 UTC [2403] postgres@production LOG:  statement: SELECT id, name FROM users WHERE active = true LIMIT 104
2026-04-22 10:37:02.286 UTC [2404] postgres@test_db LOG:  duration: 1.535 ms  statement: SELECT count(*) FROM orders WHERE created_at > now() - interval '1 day'
2026-04-22 10:37:03.734 UTC [2402] postgres@analytics LOG:  statement: SELECT id, name FROM users WHERE active = true LIMIT 144
2026-04-22 10:37:04.281 UTC [2402] odoo@production LOG:  duration: 4.899 ms  statement: SELECT count(*) FROM orders WHERE created_at > now() - interval '1 day'
2026-04-22 10:37:07.346 UTC [2405] postgres@test_db LOG:  duration: 4.676 ms  statement: SELECT count(*) FROM orders WHERE created_at > now() - interval '1 day'
2026-04-22 10:37:08.509 UTC [2403] admin@analytics LOG:  statement: SELECT id, name FROM users WHERE active = true LIMIT 169
2026-04-22 10:37:10.737 UTC [2403] odoo@test_db DEBUG:  query executed in cache
2026-04-22 10:37:14.456 UTC [2404] admin@staging LOG:  duration: 3.572 ms  statement: SELECT count(*) FROM orders WHERE created_at > now() - interval '1 day'
2026-04-22 10:37:14.654 UTC [2402] postgres@production LOG:  statement: SELECT id, name FROM users WHERE active = true LIMIT 40
2026-04-22 10:37:16.449 UTC [2402] readonly@test_db LOG:  statement: SELECT id, name FROM users WHERE active = true LIMIT 99
2026-04-22 10:37:19.172 UTC [2405] odoo@production LOG:  statement: SELECT id, name FROM users WHERE active = true LIMIT 82
2026-04-22 10:37:20.501 UTC [2403] postgres@analytics LOG:  statement: SELECT id, name FROM users WHERE active = true LIMIT 92
2026-04-22 10:37:21.999 UTC [2401] postgres@analytics LOG:  statement: SELECT id, name FROM users WHERE active = true LIMIT 155
2026-04-22 10:37:22.893 UTC [2405] postgres@staging LOG:  statement: SELECT id, name FROM users WHERE active = true LIMIT 96
2026-04-22 10:37:25.637 UTC [2404] admin@production LOG:  statement: SELECT id, name FROM users WHERE active = true LIMIT 49
2026-04-22 10:37:27.631 UTC [2404] readonly@analytics DEBUG:  query executed in cache
2026-04-22 10:37:30.045 UTC [2404] postgres@analytics DEBUG:  query executed in cache
2026-04-22 10:37:30.998 UTC [2403] readonly@production LOG:  duration: 1.725 ms  statement: SELECT count(*) FROM orders WHERE created_at > now() - interval '1 day'
2026-04-22 10:37:32.246 UTC [2403] postgres@staging WARNING:  there is already a transaction in progress
2026-04-22 10:37:34.684 UTC [2403] admin@staging LOG:  duration: 1.018 ms  statement: SELECT count(*) FROM orders WHERE created_at > now() - interval '1 day'
2026-04-22 10:37:37.691 UTC [2401] app_user@analytics LOG:  statement: SELECT id, name FROM users WHERE active = true LIMIT 115
2026-04-22 10:37:39.313 UTC [2401] admin@staging LOG:  statement: SELECT id, name FROM users WHERE active = true LIMIT 87
2026-04-22 10:37:40.129 UTC [2402] readonly@analytics LOG:  statement: SELECT id, name FROM users WHERE active = true LIMIT 19
2026-04-22 10:37:42.301 UTC [2402] postgres@test_db LOG:  statement: SELECT id, name FROM users WHERE active = true LIMIT 133
2026-04-22 10:37:43.794 UTC [2405] odoo@staging ERROR:  syntax error at or near "SELEC" at character 1
2026-04-22 10:37:43.794 UTC [2405] odoo@staging STATEMENT:  SELEC * FROM users;
2026-04-22 10:37:44.480 UTC [2405] app_user@analytics DEBUG:  query executed in cache
2026-04-22 10:37:45.420 UTC [2401] readonly@staging DEBUG:  query executed in cache
2026-04-22 10:37:45.536 UTC [2404] admin@production LOG:  statement: SELECT id, name FROM users WHERE active = true LIMIT 21
2026-04-22 10:37:47.548 UTC [2405] postgres@analytics WARNING:  there is already a transaction in progress
2026-04-22 10:37:47.740 UTC [2401] readonly@analytics LOG:  duration: 1.630 ms  statement: SELECT count(*) FROM orders WHERE created_at > now() - interval '1 day'
2026-04-22 10:37:48.628 UTC [2402] app_user@staging LOG:  statement: SELECT id, name FROM users WHERE active = true LIMIT 146
2026-04-22 10:37:49.844 UTC [2403] admin@production LOG:  statement: SELECT id, name FROM users WHERE active = true LIMIT 80
2026-04-22 10:37:50.790 UTC [2401] postgres@production LOG:  statement: SELECT id, name FROM users WHERE active = true LIMIT 150
2026-04-22 10:37:54.753 UTC [2403] app_user@staging DEBUG:  query executed in cache
2026-04-22 10:37:55.554 UTC [2403] readonly@staging LOG:  statement: SELECT id, name FROM users WHERE active = true LIMIT 166
2026-04-22 10:37:55.861 UTC [2403] readonly@test_db LOG:  statement: SELECT id, name FROM users WHERE active = true LIMIT 130
2026-04-22 10:37:56.181 UTC [2401] postgres@test_db LOG:  statement: SELECT id, name FROM users WHERE active = true LIMIT 110
2026-04-22 10:37:58.805 UTC [2402] readonly@test_db LOG:  statement: SELECT id, name FROM users WHERE active = true LIMIT 95
2026-04-22 10:38:02.684 UTC [2402] readonly@production DEBUG:  query executed in cache
2026-04-22 10:38:03.164 UTC [2404] readonly@staging WARNING:  there is already a transaction in progress
2026-04-22 10:38:04.535 UTC [2404] postgres@test_db LOG:  duration: 3.580 ms  statement: SELECT count(*) FROM orders WHERE created_at > now() - interval '1 day'
2026-04-22 10:38:08.515 UTC [2404] admin@staging LOG:  statement: SELECT id, name FROM users WHERE active = true LIMIT 167
2026-04-22 10:38:09.366 UTC [2403] app_user@test_db LOG:  duration: 3.359 ms  statement: SELECT count(*) FROM orders WHERE created_at > now() - interval '1 day'
2026-04-22 10:38:09.589 UTC [2403] admin@test_db LOG:  statement: SELECT id, name FROM users WHERE active = true LIMIT 38
2026-04-22 10:38:13.153 UTC [2403] admin@test_db LOG:  statement: SELECT id, name FROM users WHERE active = true LIMIT 99
2026-04-22 10:38:15.333 UTC [2405] readonly@staging LOG:  statement: SELECT id, name FROM users WHERE active = true LIMIT 192
2026-04-22 10:38:18.678 UTC [2401] app_user@production LOG:  statement: SELECT id, name FROM users WHERE active = true LIMIT 128
2026-04-22 10:38:19.755 UTC [2404] readonly@test_db LOG:  duration: 2.785 ms  statement: SELECT count(*) FROM orders WHERE created_at > now() - interval '1 day'
2026-04-22 10:38:21.250 UTC [2404] admin@production LOG:  statement: SELECT id, name FROM users WHERE active = true LIMIT 187
2026-04-22 10:38:23.673 UTC [2405] admin@test_db DEBUG:  query executed in cache
2026-04-22 10:38:26.487 UTC [2405] odoo@staging LOG:  duration: 3.723 ms  statement: SELECT count(*) FROM orders WHERE created_at > now() - interval '1 day'
2026-04-22 10:38:29.012 UTC [2405] admin@production LOG:  duration: 1.694 ms  statement: SELECT count(*) FROM orders WHERE created_at > now() - interval '1 day'
2026-04-22 10:38:30.373 UTC [2401] admin@staging ERROR:  syntax error at or near "SELEC" at character 1
2026-04-22 10:38:30.373 UTC [2401] admin@staging STATEMENT:  SELEC * FROM users;
2026-04-22 10:38:33.280 UTC [2401] readonly@production WARNING:  there is already a transaction in progress
2026-04-22 10:38:36.021 UTC [2404] app_user@test_db LOG:  duration: 0.544 ms  statement: SELECT count(*) FROM orders WHERE created_at > now() - interval '1 day'
2026-04-22 10:38:39.221 UTC [2402] readonly@production LOG:  statement: SELECT id, name FROM users WHERE active = true LIMIT 48
2026-04-22 10:38:40.918 UTC [2404] readonly@analytics LOG:  duration: 2.291 ms  statement: SELECT count(*) FROM orders WHERE created_at > now() - interval '1 day'
2026-04-22 10:38:43.353 UTC [2402] app_user@analytics DEBUG:  query executed in cache
2026-04-22 10:38:43.818 UTC [2403] admin@analytics LOG:  duration: 3.096 ms  statement: SELECT count(*) FROM orders WHERE created_at > now() - interval '1 day'
2026-04-22 10:38:47.409 UTC [2405] admin@staging LOG:  statement: SELECT id, name FROM users WHERE active = true LIMIT 104
2026-04-22 10:38:50.389 UTC [2405] postgres@production LOG:  duration: 4.896 ms  statement: SELECT count(*) FROM orders WHERE created_at > now() - interval '1 day'
2026-04-22 10:38:51.452 UTC [2401] app_user@production LOG:  statement: SELECT id, name FROM users WHERE active = true LIMIT 161
2026-04-22 10:38:53.215 UTC [2404] app_user@test_db LOG:  statement: SELECT id, name FROM users WHERE active = true LIMIT 149
2026-04-22 10:38:53.884 UTC [2402] odoo@test_db LOG:  statement: SELECT id, name FROM users WHERE active = true LIMIT 108
2026-04-22 10:38:55.165 UTC [2403] FATAL:  terminating connection due to administrator command
2026-04-22 10:38:55.558 UTC [2402] odoo@production LOG:  duration: 0.806 ms  statement: SELECT count(*) FROM orders WHERE created_at > now() - interval '1 day'
2026-04-22 10:38:56.004 UTC [2404] admin@staging LOG:  statement: SELECT id, name FROM users WHERE active = true LIMIT 116
2026-04-22 10:38:58.656 UTC [2404] readonly@test_db LOG:  statement: SELECT id, name FROM users WHERE active = true LIMIT 140
2026-04-22 10:39:00.331 UTC [2404] readonly@test_db LOG:  statement: SELECT id, name FROM users WHERE active = true LIMIT 57
2026-04-22 10:39:02.798 UTC [2404] readonly@production LOG:  statement: SELECT id, name FROM users WHERE active = true LIMIT 197
2026-04-22 10:39:04.580 UTC [2402] readonly@analytics ERROR:  syntax error at or near "SELEC" at character 1
2026-04-22 10:39:04.580 UTC [2402] readonly@analytics STATEMENT:  SELEC * FROM users;
2026-04-22 10:39:04.835 UTC [2405] app_user@production LOG:  duration: 3.554 ms  statement: SELECT count(*) FROM orders WHERE created_at > now() - interval '1 day'
2026-04-22 10:39:07.763 UTC [2401] readonly@test_db LOG:  statement: SELECT id, name FROM users WHERE active = true LIMIT 196
2026-04-22 10:39:09.980 UTC [2405] app_user@test_db LOG:  statement: SELECT id, name FROM users WHERE active = true LIMIT 166
2026-04-22 10:39:12.663 UTC [2401] odoo@test_db DEBUG:  query executed in cache
2026-04-22 10:39:15.274 UTC [2401] readonly@analytics LOG:  statement: SELECT id, name FROM users WHERE active = true LIMIT 97
2026-04-22 10:39:17.233 UTC [2405] postgres@test_db LOG:  statement: SELECT id, name FROM users WHERE active = true LIMIT 130
2026-04-22 10:39:18.778 UTC [2405] app_user@test_db ERROR:  duplicate key value violates unique constraint "users_email_key"
2026-04-22 10:39:18.778 UTC [2405] app_user@test_db DETAIL:  Key (email)=(test@example.com) already exists.
2026-04-22 10:39:19.022 UTC [2403] app_user@staging LOG:  duration: 3.028 ms  statement: SELECT count(*) FROM orders WHERE created_at > now() - interval '1 day'
2026-04-22 10:39:19.373 UTC [2403] readonly@analytics LOG:  duration: 2.933 ms  statement: SELECT count(*) FROM orders WHERE created_at > now() - interval '1 day'
2026-04-22 10:39:22.786 UTC [2405] postgres@analytics DEBUG:  query executed in cache
2026-04-22 10:39:23.223 UTC [2401] app_user@test_db LOG:  statement: SELECT id, name FROM users WHERE active = true LIMIT 29
2026-04-22 10:39:25.845 UTC [2403] app_user@staging LOG:  statement: SELECT id, name FROM users WHERE active = true LIMIT 75
2026-04-22 10:39:29.672 UTC [2401] postgres@staging LOG:  duration: 0.841 ms  statement: SELECT count(*) FROM orders WHERE created_at > now() - interval '1 day'
2026-04-22 10:39:30.842 UTC [2404] app_user@staging DEBUG:  query executed in cache
2026-04-22 10:39:34.216 UTC [2402] admin@staging LOG:  statement: SELECT id, name FROM users WHERE active = true LIMIT 18
2026-04-22 10:39:36.755 UTC [2403] postgres@staging ERROR:  syntax error at or near "SELEC" at character 1
2026-04-22 10:39:36.755 UTC [2403] postgres@staging STATEMENT:  SELEC * FROM users;
2026-04-22 10:39:40.010 UTC [2402] admin@test_db LOG:  statement: SELECT id, name FROM users WHERE active = true LIMIT 179
2026-04-22 10:39:42.476 UTC [2404] odoo@staging DEBUG:  query executed in cache
2026-04-22 10:39:45.670 UTC [2403] postgres@analytics WARNING:  there is already a transaction in progress
2026-04-22 10:39:47.403 UTC [2401] odoo@test_db LOG:  statement: SELECT id, name FROM users WHERE active = true LIMIT 131
2026-04-22 10:39:50.302 UTC [2405] odoo@test_db DEBUG:  query executed in cache
2026-04-22 10:39:52.574 UTC [2404] app_user@staging WARNING:  there is already a transaction in progress
2026-04-22 10:39:54.238 UTC [2401] app_user@test_db LOG:  duration: 4.813 ms  statement: SELECT count(*) FROM orders WHERE created_at > now() - interval '1 day'
2026-04-22 10:39:57.796 UTC [2401] postgres@analytics LOG:  statement: SELECT id, name FROM users WHERE active = true LIMIT 176
2026-04-22 10:39:58.989 UTC [2403] app_user@analytics WARNING:  there is already a transaction in progress
2026-04-22 10:40:00.977 UTC [2403] readonly@test_db DEBUG:  query executed in cache
2026-04-22 10:40:03.206 UTC [2402] readonly@staging LOG:  statement: SELECT id, name FROM users WHERE active = true LIMIT 186
2026-04-22 10:40:06.061 UTC [2402] app_user@production LOG:  statement: SELECT id, name FROM users WHERE active = true LIMIT 27
2026-04-22 10:40:08.312 UTC [2401] admin@production LOG:  statement: SELECT id, name FROM users WHERE active = true LIMIT 124
2026-04-22 10:40:09.443 UTC [2403] odoo@analytics LOG:  statement: SELECT id, name FROM users WHERE active = true LIMIT 16
2026-04-22 10:40:13.387 UTC [2405] postgres@production LOG:  duration: 4.480 ms  statement: SELECT count(*) FROM orders WHERE created_at > now() - interval '1 day'
2026-04-22 10:40:16.387 UTC [2402] readonly@production ERROR:  syntax error at or near "SELEC" at character 1
2026-04-22 10:40:16.387 UTC [2402] readonly@production STATEMENT:  SELEC * FROM users;
2026-04-22 10:40:18.026 UTC [2401] readonly@staging LOG:  duration: 4.509 ms  statement: SELECT count(*) FROM orders WHERE created_at > now() - interval '1 day'
2026-04-22 10:40:20.975 UTC [2405] odoo@production LOG:  statement: SELECT id, name FROM users WHERE active = true LIMIT 85
2026-04-22 10:40:24.854 UTC [2404] FATAL:  terminating connection due to administrator command
2026-04-22 10:40:25.617 UTC [2404] app_user@analytics DEBUG:  query executed in cache
2026-04-22 10:40:27.308 UTC [2403] postgres@test_db LOG:  statement: SELECT id, name FROM users WHERE active = true LIMIT 25
2026-04-22 10:40:29.212 UTC [2403] app_user@staging LOG:  statement: SELECT id, name FROM users WHERE active = true LIMIT 61
2026-04-22 10:40:31.955 UTC [2405] admin@staging LOG:  statement: SELECT id, name FROM users WHERE active = true LIMIT 46
2026-04-22 10:40:34.569 UTC [2405] admin@staging LOG:  duration: 4.572 ms  statement: SELECT count(*) FROM orders WHERE created_at > now() - interval '1 day'
2026-04-22 10:40:34.967 UTC [2403] postgres@production LOG:  statement: SELECT id, name FROM users WHERE active = true LIMIT 196
2026-04-22 10:40:38.739 UTC [2403] admin@production LOG:  statement: SELECT id, name FROM users WHERE active = true LIMIT 177
2026-04-22 10:40:39.930 UTC [2401] postgres@test_db LOG:  statement: SELECT id, name FROM users WHERE active = true LIMIT 94
2026-04-22 10:40:42.141 UTC [2404] readonly@production DEBUG:  query executed in cache
2026-04-22 10:40:43.895 UTC [2404] admin@test_db WARNING:  there is already a transaction in progress
2026-04-22 10:40:44.008 UTC [2401] readonly@staging LOG:  statement: SELECT id, name FROM users WHERE active = true LIMIT 186
2026-04-22 10:40:45.473 UTC [2404] postgres@analytics LOG:  duration: 2.063 ms  statement: SELECT count(*) FROM orders WHERE created_at > now() - interval '1 day'
2026-04-22 10:40:45.902 UTC [2401] app_user@analytics WARNING:  there is already a transaction in progress
2026-04-22 10:40:48.273 UTC [2403] odoo@staging LOG:  statement: SELECT id, name FROM users WHERE active = true LIMIT 108
2026-04-22 10:40:52.044 UTC [2402] app_user@test_db LOG:  statement: SELECT id, name FROM users WHERE active = true LIMIT 186
2026-04-22 10:40:55.769 UTC [2403] admin@production LOG:  duration: 3.703 ms  statement: SELECT count(*) FROM orders WHERE created_at > now() - interval '1 day'
2026-04-22 10:40:55.972 UTC [2402] postgres@staging DEBUG:  query executed in cache
2026-04-22 10:40:57.664 UTC [2405] odoo@test_db LOG:  statement: SELECT id, name FROM users WHERE active = true LIMIT 148
2026-04-22 10:40:57.831 UTC [2403] admin@test_db LOG:  statement: SELECT id, name FROM users WHERE active = true LIMIT 24
2026-04-22 10:40:58.415 UTC [2403] postgres@test_db LOG:  statement: SELECT id, name FROM users WHERE active = true LIMIT 177
2026-04-22 10:41:01.550 UTC [2405] admin@staging LOG:  duration: 4.632 ms  statement: SELECT count(*) FROM orders WHERE created_at > now() - interval '1 day'
2026-04-22 10:41:04.328 UTC [2401] odoo@test_db LOG:  statement: SELECT id, name FROM users WHERE active = true LIMIT 168
2026-04-22 10:41:04.486 UTC [2401] odoo@staging LOG:  statement: SELECT id, name FROM users WHERE active = true LIMIT 22
2026-04-22 10:41:07.089 UTC [2403] postgres@test_db LOG:  statement: SELECT id, name FROM users WHERE active = true LIMIT 161
2026-04-22 10:41:09.225 UTC [2401] postgres@production LOG:  duration: 3.117 ms  statement: SELECT count(*) FROM orders WHERE created_at > now() - interval '1 day'
2026-04-22 10:41:10.706 UTC [2401] odoo@test_db WARNING:  there is already a transaction in progress
2026-04-22 10:41:13.608 UTC [2404] app_user@production LOG:  duration: 0.773 ms  statement: SELECT count(*) FROM orders WHERE created_at > now() - interval '1 day'
2026-04-22 10:41:15.082 UTC [2402] postgres@staging LOG:  statement: SELECT id, name FROM users WHERE active = true LIMIT 80
2026-04-22 10:41:18.034 UTC [2402] admin@staging LOG:  statement: SELECT id, name FROM users WHERE active = true LIMIT 52
2026-04-22 10:41:18.680 UTC [2404] odoo@production LOG:  statement: SELECT id, name FROM users WHERE active = true LIMIT 171
2026-04-22 10:41:18.844 UTC [2405] admin@staging WARNING:  there is already a transaction in progress
2026-04-22 10:41:19.678 UTC [2401] postgres@production ERROR:  syntax error at or near "SELEC" at character 1
2026-04-22 10:41:19.678 UTC [2401] postgres@production STATEMENT:  SELEC * FROM users;
2026-04-22 10:41:22.618 UTC [2405] app_user@test_db WARNING:  there is already a transaction in progress
2026-04-22 10:41:23.304 UTC [2404] odoo@staging LOG:  duration: 2.663 ms  statement: SELECT count(*) FROM orders WHERE created_at > now() - interval '1 day'
2026-04-22 10:41:25.904 UTC [2404] odoo@staging LOG:  duration: 3.022 ms  statement: SELECT count(*) FROM orders WHERE created_at > now() - interval '1 day'
2026-04-22 10:41:28.572 UTC [2404] readonly@production WARNING:  there is already a transaction in progress
2026-04-22 10:41:28.690 UTC [2403] app_user@test_db LOG:  duration: 1.040 ms  statement: SELECT count(*) FROM orders WHERE created_at > now() - interval '1 day'
2026-04-22 10:41:32.323 UTC [2405] postgres@analytics DEBUG:  query executed in cache
2026-04-22 10:41:34.324 UTC [2405] readonly@staging DEBUG:  query executed in cache
2026-04-22 10:41:35.217 UTC [2402] app_user@production LOG:  statement: SELECT id, name FROM users WHERE active = true LIMIT 48
2026-04-22 10:41:35.971 UTC [2404] admin@staging LOG:  duration: 0.311 ms  statement: SELECT count(*) FROM orders WHERE created_at > now() - interval '1 day'
2026-04-22 10:41:37.851 UTC [2403] app_user@staging LOG:  statement: SELECT id, name FROM users WHERE active = true LIMIT 167
2026-04-22 10:41:40.983 UTC [2404] postgres@production LOG:  statement: SELECT id, name FROM users WHERE active = true LIMIT 147
2026-04-22 10:41:43.069 UTC [2402] odoo@production LOG:  statement: SELECT id, name FROM users WHERE active = true LIMIT 28
2026-04-22 10:41:44.885 UTC [2402] admin@analytics LOG:  statement: SELECT id, name FROM users WHERE active = true LIMIT 183
2026-04-22 10:41:46.320 UTC [2403] odoo@production LOG:  statement: SELECT id, name FROM users WHERE active = true LIMIT 70
2026-04-22 10:41:50.071 UTC [2404] odoo@test_db LOG:  statement: SELECT id, name FROM users WHERE active = true LIMIT 130
2026-04-22 10:41:53.818 UTC [2405] admin@production LOG:  statement: SELECT id, name FROM users WHERE active = true LIMIT 65
2026-04-22 10:41:55.504 UTC [2405] admin@staging LOG:  statement: SELECT id, name FROM users WHERE active = true LIMIT 127
2026-04-22 10:41:56.432 UTC [2402] app_user@analytics LOG:  statement: SELECT id, name FROM users WHERE active = true LIMIT 18
2026-04-22 10:41:57.091 UTC [2405] postgres@analytics LOG:  statement: SELECT id, name FROM users WHERE active = true LIMIT 129
2026-04-22 10:42:00.305 UTC [2404] admin@staging LOG:  statement: SELECT id, name FROM users WHERE active = true LIMIT 85
2026-04-22 10:42:02.772 UTC [2405] odoo@staging ERROR:  duplicate key value violates unique constraint "users_email_key"
2026-04-22 10:42:02.772 UTC [2405] odoo@staging DETAIL:  Key (email)=(test@example.com) already exists.
2026-04-22 10:42:06.382 UTC [2402] postgres@test_db LOG:  statement: SELECT id, name FROM users WHERE active = true LIMIT 65
2026-04-22 10:42:07.625 UTC [2405] admin@test_db LOG:  statement: SELECT id, name FROM users WHERE active = true LIMIT 119
2026-04-22 10:42:09.503 UTC [2402] odoo@analytics LOG:  duration: 4.470 ms  statement: SELECT count(*) FROM orders WHERE created_at > now() - interval '1 day'
2026-04-22 10:42:11.314 UTC [2405] odoo@production ERROR:  duplicate key value violates unique constraint "users_email_key"
2026-04-22 10:42:11.314 UTC [2405] odoo@production DETAIL:  Key (email)=(test@example.com) already exists.
2026-04-22 10:42:13.157 UTC [2401] admin@production LOG:  statement: SELECT id, name FROM users WHERE active = true LIMIT 132
2026-04-22 10:42:14.242 UTC [2401] admin@test_db LOG:  statement: SELECT id, name FROM users WHERE active = true LIMIT 13
2026-04-22 10:42:15.810 UTC [2404] odoo@staging LOG:  statement: SELECT id, name FROM users WHERE active = true LIMIT 175
2026-04-22 10:42:18.650 UTC [2401] postgres@test_db LOG:  statement: SELECT id, name FROM users WHERE active = true LIMIT 190
2026-04-22 10:42:20.613 UTC [2404] readonly@production LOG:  statement: SELECT id, name FROM users WHERE active = true LIMIT 45
2026-04-22 10:42:23.280 UTC [2404] odoo@analytics LOG:  statement: SELECT id, name FROM users WHERE active = true LIMIT 172
2026-04-22 10:42:27.039 UTC [2401] postgres@test_db LOG:  duration: 2.702 ms  statement: SELECT count(*) FROM orders WHERE created_at > now() - interval '1 day'
2026-04-22 10:42:29.998 UTC [2403] admin@analytics ERROR:  syntax error at or near "SELEC" at character 1
2026-04-22 10:42:29.998 UTC [2403] admin@analytics STATEMENT:  SELEC * FROM users;
2026-04-22 10:42:33.324 UTC [2405] readonly@staging LOG:  duration: 3.140 ms  statement: SELECT count(*) FROM orders WHERE created_at > now() - interval '1 day'
2026-04-22 10:42:37.061 UTC [2403] postgres@analytics LOG:  statement: SELECT id, name FROM users WHERE active = true LIMIT 108
2026-04-22 10:42:38.658 UTC [2403] admin@production LOG:  statement: SELECT id, name FROM users WHERE active = true LIMIT 175
2026-04-22 10:42:39.324 UTC [2405] postgres@staging ERROR:  duplicate key value violates unique constraint "users_email_key"
2026-04-22 10:42:39.324 UTC [2405] postgres@staging DETAIL:  Key (email)=(test@example.com) already exists.
2026-04-22 10:42:42.082 UTC [2402] readonly@production LOG:  statement: SELECT id, name FROM users WHERE active = true LIMIT 158
2026-04-22 10:42:43.626 UTC [2402] odoo@analytics WARNING:  there is already a transaction in progress
2026-04-22 10:42:43.949 UTC [2405] admin@analytics LOG:  statement: SELECT id, name FROM users WHERE active = true LIMIT 98
2026-04-22 10:42:45.974 UTC [2404] admin@production DEBUG:  query executed in cache
2026-04-22 10:42:48.617 UTC [2405] app_user@test_db LOG:  statement: SELECT id, name FROM users WHERE active = true LIMIT 182
2026-04-22 10:42:49.074 UTC [2401] odoo@test_db LOG:  statement: SELECT id, name FROM users WHERE active = true LIMIT 55
2026-04-22 10:42:49.848 UTC [2403] postgres@production LOG:  statement: SELECT id, name FROM users WHERE active = true LIMIT 188
2026-04-22 10:42:53.531 UTC [2402] admin@staging LOG:  statement: SELECT id, name FROM users WHERE active = true LIMIT 170
2026-04-22 10:42:56.426 UTC [2401] app_user@test_db LOG:  statement: SELECT id, name FROM users WHERE active = true LIMIT 43
2026-04-22 10:42:58.344 UTC [2404] app_user@test_db DEBUG:  query executed in cache
2026-04-22 10:42:58.701 UTC [2401] app_user@staging LOG:  statement: SELECT id, name FROM users WHERE active = true LIMIT 69
2026-04-22 10:43:01.171 UTC [2405] app_user@test_db LOG:  statement: SELECT id, name FROM users WHERE active = true LIMIT 175
2026-04-22 10:43:03.146 UTC [2403] admin@test_db LOG:  statement: SELECT id, name FROM users WHERE active = true LIMIT 43
2026-04-22 10:43:04.174 UTC [2403] odoo@analytics LOG:  statement: SELECT id, name FROM users WHERE active = true LIMIT 83
2026-04-22 10:43:05.438 UTC [2401] odoo@analytics LOG:  statement: SELECT id, name FROM users WHERE active = true LIMIT 52
2026-04-22 10:43:06.284 UTC [2405] odoo@analytics ERROR:  duplicate key value violates unique constraint "users_email_key"
2026-04-22 10:43:06.284 UTC [2405] odoo@analytics DETAIL:  Key (email)=(test@example.com) already exists.
2026-04-22 10:43:06.862 UTC [2402] odoo@staging LOG:  statement: SELECT id, name FROM users WHERE active = true LIMIT 91
2026-04-22 10:43:08.028 UTC [2405] odoo@test_db LOG:  statement: SELECT id, name FROM users WHERE active = true LIMIT 62
2026-04-22 10:43:09.536 UTC [2405] postgres@analytics LOG:  statement: SELECT id, name FROM users WHERE active = true LIMIT 124
2026-04-22 10:43:10.133 UTC [2405] odoo@analytics ERROR:  syntax error at or near "SELEC" at character 1
2026-04-22 10:43:10.133 UTC [2405] odoo@analytics STATEMENT:  SELEC * FROM users;
2026-04-22 10:43:14.115 UTC [2404] admin@staging LOG:  statement: SELECT id, name FROM users WHERE active = true LIMIT 91
2026-04-22 10:43:16.866 UTC [2402] postgres@analytics DEBUG:  query executed in cache
2026-04-22 10:43:20.241 UTC [2404] app_user@staging LOG:  duration: 4.544 ms  statement: SELECT count(*) FROM orders WHERE created_at > now() - interval '1 day'
2026-04-22 10:43:23.337 UTC [2404] app_user@production LOG:  statement: SELECT id, name FROM users WHERE active = true LIMIT 20
2026-04-22 10:43:24.698 UTC [2402] readonly@production LOG:  statement: SELECT id, name FROM users WHERE active = true LIMIT 168
2026-04-22 10:43:25.176 UTC [2402] admin@analytics LOG:  statement: SELECT id, name FROM users WHERE active = true LIMIT 165
2026-04-22 10:43:28.476 UTC [2402] readonly@staging ERROR:  syntax error at or near "SELEC" at character 1
2026-04-22 10:43:28.476 UTC [2402] readonly@staging STATEMENT:  SELEC * FROM users;
2026-04-22 10:43:28.918 UTC [2403] odoo@production LOG:  statement: SELECT id, name FROM users WHERE active = true LIMIT 124
2026-04-22 10:43:29.814 UTC [2401] readonly@test_db LOG:  statement: SELECT id, name FROM users WHERE active = true LIMIT 164
2026-04-22 10:43:33.634 UTC [2405] readonly@production LOG:  duration: 2.048 ms  statement: SELECT count(*) FROM orders WHERE created_at > now() - interval '1 day'
2026-04-22 10:43:35.261 UTC [2404] app_user@test_db LOG:  statement: SELECT id, name FROM users WHERE active = true LIMIT 98
2026-04-22 10:43:38.942 UTC [2403] app_user@test_db LOG:  duration: 1.157 ms  statement: SELECT count(*) FROM orders WHERE created_at > now() - interval '1 day'
2026-04-22 10:43:40.224 UTC [2404] admin@test_db LOG:  statement: SELECT id, name FROM users WHERE active = true LIMIT 196
2026-04-22 10:43:43.746 UTC [2404] admin@staging LOG:  duration: 0.522 ms  statement: SELECT count(*) FROM orders WHERE created_at > now() - interval '1 day'
2026-04-22 10:43:47.399 UTC [2402] app_user@test_db LOG:  statement: SELECT id, name FROM users WHERE active = true LIMIT 95
2026-04-22 10:43:47.861 UTC [2401] readonly@test_db LOG:  statement: SELECT id, name FROM users WHERE active = true LIMIT 173
2026-04-22 10:43:50.237 UTC [2403] admin@staging LOG:  statement: SELECT id, name FROM users WHERE active = true LIMIT 155
2026-04-22 10:43:53.746 UTC [2402] odoo@staging LOG:  statement: SELECT id, name FROM users WHERE active = true LIMIT 151
2026-04-22 10:43:57.264 UTC [2404] postgres@analytics LOG:  duration: 2.521 ms  statement: SELECT count(*) FROM orders WHERE created_at > now() - interval '1 day'
2026-04-22 10:44:00.604 UTC [2404] odoo@production LOG:  statement: SELECT id, name FROM users WHERE active = true LIMIT 77
2026-04-22 10:44:03.382 UTC [2403] admin@production LOG:  duration: 1.510 ms  statement: SELECT count(*) FROM orders WHERE created_at > now() - interval '1 day'
2026-04-22 10:44:03.598 UTC [2402] admin@staging LOG:  statement: SELECT id, name FROM users WHERE active = true LIMIT 80
2026-04-22 10:44:06.078 UTC [2404] postgres@analytics LOG:  statement: SELECT id, name FROM users WHERE active = true LIMIT 121
2026-04-22 10:44:07.706 UTC [2403] admin@production LOG:  statement: SELECT id, name FROM users WHERE active = true LIMIT 157
2026-04-22 10:44:10.188 UTC [2401] app_user@staging LOG:  statement: SELECT id, name FROM users WHERE active = true LIMIT 91
2026-04-22 10:44:10.956 UTC [2404] odoo@analytics LOG:  statement: SELECT id, name FROM users WHERE active = true LIMIT 102
2026-04-22 10:44:12.243 UTC [2404] app_user@production LOG:  statement: SELECT id, name FROM users WHERE active = true LIMIT 173
2026-04-22 10:44:15.482 UTC [2401] readonly@staging LOG:  duration: 3.847 ms  statement: SELECT count(*) FROM orders WHERE created_at > now() - interval '1 day'
2026-04-22 10:44:19.155 UTC [2405] odoo@analytics LOG:  statement: SELECT id, name FROM users WHERE active = true LIMIT 185
2026-04-22 10:44:19.647 UTC [2403] app_user@analytics LOG:  statement: SELECT id, name FROM users WHERE active = true LIMIT 100
2026-04-22 10:44:21.869 UTC [2402] postgres@staging LOG:  statement: SELECT id, name FROM users WHERE active = true LIMIT 134
2026-04-22 10:44:22.388 UTC [2404] app_user@staging LOG:  statement: SELECT id, name FROM users WHERE active = true LIMIT 138
2026-04-22 10:44:24.197 UTC [2402] odoo@production LOG:  statement: SELECT id, name FROM users WHERE active = true LIMIT 29
2026-04-22 10:44:26.261 UTC [2401] odoo@production LOG:  statement: SELECT id, name FROM users WHERE active = true LIMIT 186
2026-04-22 10:44:30.005 UTC [2403] odoo@test_db ERROR:  duplicate key value violates unique constraint "users_email_key"
2026-04-22 10:44:30.005 UTC [2403] odoo@test_db DETAIL:  Key (email)=(test@example.com) already exists.
2026-04-22 10:44:33.012 UTC [2405] app_user@staging LOG:  statement: SELECT id, name FROM users WHERE active = true LIMIT 200
2026-04-22 10:44:36.621 UTC [2401] odoo@staging LOG:  duration: 3.471 ms  statement: SELECT count(*) FROM orders WHERE created_at > now() - interval '1 day'
2026-04-22 10:44:37.254 UTC [2403] odoo@staging ERROR:  duplicate key value violates unique constraint "users_email_key"
2026-04-22 10:44:37.254 UTC [2403] odoo@staging DETAIL:  Key (email)=(test@example.com) already exists.
2026-04-22 10:44:37.431 UTC [2404] postgres@production DEBUG:  query executed in cache
2026-04-22 10:44:37.972 UTC [2404] postgres@staging LOG:  statement: SELECT id, name FROM users WHERE active = true LIMIT 178
2026-04-22 10:44:39.993 UTC [2405] readonly@production LOG:  statement: SELECT id, name FROM users WHERE active = true LIMIT 74
2026-04-22 10:44:42.827 UTC [2401] postgres@analytics LOG:  statement: SELECT id, name FROM users WHERE active = true LIMIT 34
2026-04-22 10:44:45.333 UTC [2401] readonly@staging ERROR:  syntax error at or near "SELEC" at character 1
2026-04-22 10:44:45.333 UTC [2401] readonly@staging STATEMENT:  SELEC * FROM users;
2026-04-22 10:44:45.804 UTC [2402] app_user@production LOG:  statement: SELECT id, name FROM users WHERE active = true LIMIT 81
2026-04-22 10:44:46.561 UTC [2405] app_user@analytics WARNING:  there is already a transaction in progress
2026-04-22 10:44:47.066 UTC [2405] odoo@production WARNING:  there is already a transaction in progress
2026-04-22 10:44:50.097 UTC [2401] readonly@staging LOG:  statement: SELECT id, name FROM users WHERE active = true LIMIT 82
2026-04-22 10:44:53.168 UTC [2402] readonly@production LOG:  statement: SELECT id, name FROM users WHERE active = true LIMIT 64
2026-04-22 10:44:56.127 UTC [2405] admin@analytics LOG:  duration: 2.254 ms  statement: SELECT count(*) FROM orders WHERE created_at > now() - interval '1 day'
2026-04-22 10:44:57.781 UTC [2401] odoo@analytics LOG:  statement: SELECT id, name FROM users WHERE active = true LIMIT 141
2026-04-22 10:45:00.999 UTC [2402] admin@production ERROR:  duplicate key value violates unique constraint "users_email_key"
2026-04-22 10:45:00.999 UTC [2402] admin@production DETAIL:  Key (email)=(test@example.com) already exists.
2026-04-22 10:45:03.227 UTC [2401] admin@production LOG:  statement: SELECT id, name FROM users WHERE active = true LIMIT 102
2026-04-22 10:45:03.663 UTC [2403] readonly@production LOG:  statement: SELECT id, name FROM users WHERE active = true LIMIT 39
2026-04-22 10:45:06.222 UTC [2404] app_user@test_db DEBUG:  query executed in cache
2026-04-22 10:45:07.512 UTC [2404] odoo@test_db ERROR:  duplicate key value violates unique constraint "users_email_key"
2026-04-22 10:45:07.512 UTC [2404] odoo@test_db DETAIL:  Key (email)=(test@example.com) already exists.
2026-04-22 10:45:11.276 UTC [2404] odoo@production WARNING:  there is already a transaction in progress
2026-04-22 10:45:11.428 UTC [2404] FATAL:  terminating connection due to administrator command
2026-04-22 10:45:13.322 UTC [2404] postgres@test_db LOG:  statement: SELECT id, name FROM users WHERE active = true LIMIT 183
2026-04-22 10:45:15.039 UTC [2401] postgres@staging LOG:  statement: SELECT id, name FROM users WHERE active = true LIMIT 161
2026-04-22 10:45:16.628 UTC [2401] odoo@production ERROR:  duplicate key value violates unique constraint "users_email_key"
2026-04-22 10:45:16.628 UTC [2401] odoo@production DETAIL:  Key (email)=(test@example.com) already exists.
2026-04-22 10:45:17.230 UTC [2403] odoo@test_db LOG:  statement: SELECT id, name FROM users WHERE active = true LIMIT 118
2026-04-22 10:45:20.427 UTC [2404] app_user@analytics DEBUG:  query executed in cache
2026-04-22 10:45:23.257 UTC [2404] app_user@test_db LOG:  duration: 2.082 ms  statement: SELECT count(*) FROM orders WHERE created_at > now() - interval '1 day'
2026-04-22 10:45:23.960 UTC [2404] readonly@analytics DEBUG:  query executed in cache
2026-04-22 10:45:26.064 UTC [2401] postgres@analytics LOG:  statement: SELECT id, name FROM users WHERE active = true LIMIT 170
2026-04-22 10:45:29.186 UTC [2402] postgres@production LOG:  statement: SELECT id, name FROM users WHERE active = true LIMIT 27
2026-04-22 10:45:30.853 UTC [2404] postgres@staging LOG:  duration: 1.702 ms  statement: SELECT count(*) FROM orders WHERE created_at > now() - interval '1 day'
2026-04-22 10:45:34.066 UTC [2403] readonly@production LOG:  statement: SELECT id, name FROM users WHERE active = true LIMIT 143
2026-04-22 10:45:35.368 UTC [2404] admin@staging LOG:  duration: 2.502 ms  statement: SELECT count(*) FROM orders WHERE created_at > now() - interval '1 day'
2026-04-22 10:45:38.783 UTC [2403] readonly@analytics WARNING:  there is already a transaction in progress
2026-04-22 10:45:40.645 UTC [2405] postgres@production WARNING:  there is already a transaction in progress
2026-04-22 10:45:42.033 UTC [2401] admin@test_db WARNING:  there is already a transaction in progress
2026-04-22 10:45:42.267 UTC [2404] admin@production LOG:  statement: SELECT id, name FROM users WHERE active = true LIMIT 178
2026-04-22 10:45:44.131 UTC [2403] odoo@test_db LOG:  statement: SELECT id, name FROM users WHERE active = true LIMIT 193
2026-04-22 10:45:46.561 UTC [2404] admin@production LOG:  duration: 3.334 ms  statement: SELECT count(*) FROM orders WHERE created_at > now() - interval '1 day'
2026-04-22 10:45:48.610 UTC [2405] readonly@test_db LOG:  duration: 0.866 ms  statement: SELECT count(*) FROM orders WHERE created_at > now() - interval '1 day'
2026-04-22 10:45:50.736 UTC [2401] admin@analytics LOG:  duration: 1.951 ms  statement: SELECT count(*) FROM orders WHERE created_at > now() - interval '1 day'
2026-04-22 10:45:51.087 UTC [2403] app_user@analytics LOG:  statement: SELECT id, name FROM users WHERE active = true LIMIT 21
2026-04-22 10:45:54.502 UTC [2402] app_user@analytics DEBUG:  query executed in cache
2026-04-22 10:45:55.000 UTC [2401] app_user@test_db LOG:  statement: SELECT id, name FROM users WHERE active = true LIMIT 101
2026-04-22 10:45:57.808 UTC [2404] app_user@production LOG:  statement: SELECT id, name FROM users WHERE active = true LIMIT 70
2026-04-22 10:46:01.636 UTC [2403] readonly@production LOG:  duration: 4.358 ms  statement: SELECT count(*) FROM orders WHERE created_at > now() - interval '1 day'
2026-04-22 10:46:01.816 UTC [2401] app_user@staging LOG:  statement: SELECT id, name FROM users WHERE active = true LIMIT 19
2026-04-22 10:46:03.008 UTC [2404] admin@test_db LOG:  statement: SELECT id, name FROM users WHERE active = true LIMIT 130
2026-04-22 10:46:04.655 UTC [2405] postgres@analytics LOG:  duration: 1.680 ms  statement: SELECT count(*) FROM orders WHERE created_at > now() - interval '1 day'
2026-04-22 10:46:07.584 UTC [2401] admin@production LOG:  duration: 1.746 ms  statement: SELECT count(*) FROM orders WHERE created_at > now() - interval '1 day'
2026-04-22 10:46:10.202 UTC [2405] app_user@staging LOG:  statement: SELECT id, name FROM users WHERE active = true LIMIT 121
2026-04-22 10:46:13.744 UTC [2402] admin@production WARNING:  there is already a transaction in progress
2026-04-22 10:46:14.038 UTC [2402] app_user@analytics LOG:  statement: SELECT id, name FROM users WHERE active = true LIMIT 156
2026-04-22 10:46:17.077 UTC [2404] odoo@production WARNING:  there is already a transaction in progress
2026-04-22 10:46:18.296 UTC [2401] readonly@analytics LOG:  statement: SELECT id, name FROM users WHERE active = true LIMIT 145
2026-04-22 10:46:19.818 UTC [2404] admin@staging DEBUG:  query executed in cache
2026-04-22 10:46:21.691 UTC [2403] readonly@analytics LOG:  duration: 1.635 ms  statement: SELECT count(*) FROM orders WHERE created_at > now() - interval '1 day'
2026-04-22 10:46:24.350 UTC [2404] admin@analytics LOG:  statement: SELECT id, name FROM users WHERE active = true LIMIT 181
2026-04-22 10:46:27.021 UTC [2405] odoo@production DEBUG:  query executed in cache
2026-04-22 10:46:27.993 UTC [2402] readonly@test_db LOG:  duration: 4.137 ms  statement: SELECT count(*) FROM orders WHERE created_at > now() - interval '1 day'
2026-04-22 10:46:31.921 UTC [2404] app_user@test_db LOG:  duration: 3.171 ms  statement: SELECT count(*) FROM orders WHERE created_at > now() - interval '1 day'
2026-04-22 10:46:33.915 UTC [2405] odoo@analytics LOG:  statement: SELECT id, name FROM users WHERE active = true LIMIT 48
2026-04-22 10:46:35.320 UTC [2403] admin@test_db WARNING:  there is already a transaction in progress
2026-04-22 10:46:36.513 UTC [2401] odoo@test_db WARNING:  there is already a transaction in progress
2026-04-22 10:46:38.275 UTC [2402] app_user@staging LOG:  statement: SELECT id, name FROM users WHERE active = true LIMIT 48
2026-04-22 10:46:41.639 UTC [2402] postgres@staging WARNING:  there is already a transaction in progress
2026-04-22 10:46:43.467 UTC [2404] admin@test_db LOG:  duration: 0.281 ms  statement: SELECT count(*) FROM orders WHERE created_at > now() - interval '1 day'
2026-04-22 10:46:43.686 UTC [2402] app_user@staging LOG:  statement: SELECT id, name FROM users WHERE active = true LIMIT 81
2026-04-22 10:46:46.745 UTC [2405] odoo@production LOG:  statement: SELECT id, name FROM users WHERE active = true LIMIT 15
2026-04-22 10:46:49.309 UTC [2401] postgres@analytics LOG:  statement: SELECT id, name FROM users WHERE active = true LIMIT 26
2026-04-22 10:46:51.034 UTC [2404] app_user@production ERROR:  syntax error at or near "SELEC" at character 1
2026-04-22 10:46:51.034 UTC [2404] app_user@production STATEMENT:  SELEC * FROM users;
2026-04-22 10:46:53.472 UTC [2402] odoo@production DEBUG:  query executed in cache
2026-04-22 10:46:55.605 UTC [2401] readonly@analytics WARNING:  there is already a transaction in progress
2026-04-22 10:46:58.871 UTC [2402] readonly@production WARNING:  there is already a transaction in progress
2026-04-22 10:47:02.271 UTC [2403] readonly@test_db DEBUG:  query executed in cache
2026-04-22 10:47:02.961 UTC [2402] admin@staging LOG:  statement: SELECT id, name FROM users WHERE active = true LIMIT 64
2026-04-22 10:47:04.102 UTC [2403] admin@test_db WARNING:  there is already a transaction in progress
2026-04-22 10:47:07.067 UTC [2401] admin@analytics ERROR:  syntax error at or near "SELEC" at character 1
2026-04-22 10:47:07.067 UTC [2401] admin@analytics STATEMENT:  SELEC * FROM users;
2026-04-22 10:47:09.112 UTC [2403] readonly@test_db LOG:  duration: 4.820 ms  statement: SELECT count(*) FROM orders WHERE created_at > now() - interval '1 day'
2026-04-22 10:47:12.143 UTC [2402] app_user@test_db LOG:  statement: SELECT id, name FROM users WHERE active = true LIMIT 88
2026-04-22 10:47:15.689 UTC [2401] readonly@production DEBUG:  query executed in cache
2026-04-22 10:47:18.052 UTC [2401] odoo@analytics LOG:  statement: SELECT id, name FROM users WHERE active = true LIMIT 173
2026-04-22 10:47:21.664 UTC [2403] postgres@staging LOG:  statement: SELECT id, name FROM users WHERE active = true LIMIT 12
2026-04-22 10:47:22.133 UTC [2404] app_user@analytics ERROR:  syntax error at or near "SELEC" at character 1
2026-04-22 10:47:22.133 UTC [2404] app_user@analytics STATEMENT:  SELEC * FROM users;
2026-04-22 10:47:25.753 UTC [2402] app_user@staging WARNING:  there is already a transaction in progress
2026-04-22 10:47:29.086 UTC [2404] app_user@test_db LOG:  statement: SELECT id, name FROM users WHERE active = true LIMIT 30
2026-04-22 10:47:32.980 UTC [2404] admin@test_db WARNING:  there is already a transaction in progress
2026-04-22 10:47:35.940 UTC [2404] postgres@staging LOG:  statement: SELECT id, name FROM users WHERE active = true LIMIT 26
2026-04-22 10:47:37.896 UTC [2403] admin@analytics LOG:  duration: 3.834 ms  statement: SELECT count(*) FROM orders WHERE created_at > now() - interval '1 day'
2026-04-22 10:47:38.008 UTC [2402] admin@staging LOG:  statement: SELECT id, name FROM users WHERE active = true LIMIT 170
2026-04-22 10:47:38.561 UTC [2403] app_user@production LOG:  statement: SELECT id, name FROM users WHERE active = true LIMIT 142
2026-04-22 10:47:41.907 UTC [2402] readonly@test_db ERROR:  syntax error at or near "SELEC" at character 1
2026-04-22 10:47:41.907 UTC [2402] readonly@test_db STATEMENT:  SELEC * FROM users;
2026-04-22 10:47:43.074 UTC [2404] admin@staging LOG:  statement: SELECT id, name FROM users WHERE active = true LIMIT 161
2026-04-22 10:47:43.519 UTC [2403] app_user@staging LOG:  statement: SELECT id, name FROM users WHERE active = true LIMIT 56
2026-04-22 10:47:43.703 UTC [2404] admin@staging ERROR:  syntax error at or near "SELEC" at character 1
2026-04-22 10:47:43.703 UTC [2404] admin@staging STATEMENT:  SELEC * FROM users;
2026-04-22 10:47:47.517 UTC [2405] readonly@staging LOG:  statement: SELECT id, name FROM users WHERE active = true LIMIT 128
2026-04-22 10:47:47.820 UTC [2402] app_user@staging LOG:  statement: SELECT id, name FROM users WHERE active = true LIMIT 119
2026-04-22 10:47:48.284 UTC [2405] app_user@staging ERROR:  syntax error at or near "SELEC" at character 1
2026-04-22 10:47:48.284 UTC [2405] app_user@staging STATEMENT:  SELEC * FROM users;
2026-04-22 10:47:48.441 UTC [2402] readonly@production DEBUG:  query executed in cache
2026-04-22 10:47:49.026 UTC [2404] admin@test_db LOG:  statement: SELECT id, name FROM users WHERE active = true LIMIT 62
2026-04-22 10:47:52.183 UTC [2402] app_user@analytics LOG:  statement: SELECT id, name FROM users WHERE active = true LIMIT 43
2026-04-22 10:47:55.658 UTC [2404] odoo@staging LOG:  statement: SELECT id, name FROM users WHERE active = true LIMIT 183
2026-04-22 10:47:57.431 UTC [2402] admin@staging DEBUG:  query executed in cache
2026-04-22 10:47:58.495 UTC [2401] app_user@analytics LOG:  duration: 4.546 ms  statement: SELECT count(*) FROM orders WHERE created_at > now() - interval '1 day'
2026-04-22 10:47:58.946 UTC [2403] readonly@test_db LOG:  statement: SELECT id, name FROM users WHERE active = true LIMIT 44
2026-04-22 10:48:01.967 UTC [2403] admin@staging LOG:  statement: SELECT id, name FROM users WHERE active = true LIMIT 118
2026-04-22 10:48:02.457 UTC [2405] app_user@production LOG:  duration: 0.355 ms  statement: SELECT count(*) FROM orders WHERE created_at > now() - interval '1 day'
2026-04-22 10:48:05.040 UTC [2402] admin@analytics ERROR:  syntax error at or near "SELEC" at character 1
2026-04-22 10:48:05.040 UTC [2402] admin@analytics STATEMENT:  SELEC * FROM users;
2026-04-22 10:48:06.178 UTC [2405] postgres@production LOG:  statement: SELECT id, name FROM users WHERE active = true LIMIT 107
2026-04-22 10:48:06.819 UTC [2403] admin@analytics ERROR:  duplicate key value violates unique constraint "users_email_key"
2026-04-22 10:48:06.819 UTC [2403] admin@analytics DETAIL:  Key (email)=(test@example.com) already exists.
2026-04-22 10:48:07.985 UTC [2405] postgres@staging LOG:  statement: SELECT id, name FROM users WHERE active = true LIMIT 136
2026-04-22 10:48:08.452 UTC [2403] admin@staging LOG:  statement: SELECT id, name FROM users WHERE active = true LIMIT 145
2026-04-22 10:48:09.030 UTC [2404] odoo@analytics LOG:  statement: SELECT id, name FROM users WHERE active = true LIMIT 42
2026-04-22 10:48:12.923 UTC [2404] app_user@analytics LOG:  statement: SELECT id, name FROM users WHERE active = true LIMIT 77
2026-04-22 10:48:14.807 UTC [2405] app_user@analytics WARNING:  there is already a transaction in progress
2026-04-22 10:48:17.183 UTC [2403] admin@staging WARNING:  there is already a transaction in progress
2026-04-22 10:48:17.891 UTC [2404] postgres@staging LOG:  statement: SELECT id, name FROM users WHERE active = true LIMIT 56
2026-04-22 10:48:18.660 UTC [2401] admin@analytics DEBUG:  query executed in cache
2026-04-22 10:48:18.927 UTC [2404] postgres@test_db LOG:  statement: SELECT id, name FROM users WHERE active = true LIMIT 191
2026-04-22 10:48:21.046 UTC [2405] admin@test_db LOG:  statement: SELECT id, name FROM users WHERE active = true LIMIT 194
2026-04-22 10:48:21.529 UTC [2402] postgres@analytics LOG:  statement: SELECT id, name FROM users WHERE active = true LIMIT 82
2026-04-22 10:48:23.936 UTC [2402] odoo@analytics WARNING:  there is already a transaction in progress
2026-04-22 10:48:26.190 UTC [2405] odoo@production DEBUG:  query executed in cache
2026-04-22 10:48:27.298 UTC [2402] admin@production DEBUG:  query executed in cache
2026-04-22 10:48:28.562 UTC [2401] app_user@production LOG:  duration: 3.435 ms  statement: SELECT count(*) FROM orders WHERE created_at > now() - interval '1 day'
2026-04-22 10:48:32.090 UTC [2404] app_user@production LOG:  statement: SELECT id, name FROM users WHERE active = true LIMIT 17
2026-04-22 10:48:34.049 UTC [2401] admin@test_db LOG:  duration: 1.420 ms  statement: SELECT count(*) FROM orders WHERE created_at > now() - interval '1 day'
2026-04-22 10:48:36.836 UTC [2401] app_user@production LOG:  duration: 2.320 ms  statement: SELECT count(*) FROM orders WHERE created_at > now() - interval '1 day'
2026-04-22 10:48:40.471 UTC [2405] odoo@staging LOG:  statement: SELECT id, name FROM users WHERE active = true LIMIT 174
2026-04-22 10:48:43.617 UTC [2403] app_user@production LOG:  statement: SELECT id, name FROM users WHERE active = true LIMIT 164
2026-04-22 10:48:44.762 UTC [2404] postgres@test_db LOG:  statement: SELECT id, name FROM users WHERE active = true LIMIT 112
2026-04-22 10:48:45.529 UTC [2401] postgres@staging LOG:  statement: SELECT id, name FROM users WHERE active = true LIMIT 113
2026-04-22 10:48:46.851 UTC [2403] odoo@production LOG:  statement: SELECT id, name FROM users WHERE active = true LIMIT 120
2026-04-22 10:48:48.421 UTC [2403] readonly@staging LOG:  duration: 4.177 ms  statement: SELECT count(*) FROM orders WHERE created_at > now() - interval '1 day'
2026-04-22 10:48:50.345 UTC [2405] odoo@test_db WARNING:  there is already a transaction in progress
2026-04-22 10:48:50.814 UTC [2404] app_user@test_db DEBUG:  query executed in cache
2026-04-22 10:48:52.692 UTC [2403] readonly@staging LOG:  duration: 0.555 ms  statement: SELECT count(*) FROM orders WHERE created_at > now() - interval '1 day'
2026-04-22 10:48:55.562 UTC [2405] app_user@test_db LOG:  statement: SELECT id, name FROM users WHERE active = true LIMIT 185
2026-04-22 10:48:56.852 UTC [2402] admin@production LOG:  statement: SELECT id, name FROM users WHERE active = true LIMIT 30
2026-04-22 10:48:57.475 UTC [2404] app_user@staging LOG:  duration: 1.572 ms  statement: SELECT count(*) FROM orders WHERE created_at > now() - interval '1 day'
2026-04-22 10:48:58.785 UTC [2402] readonly@test_db LOG:  duration: 2.800 ms  statement: SELECT count(*) FROM orders WHERE created_at > now() - interval '1 day'
2026-04-22 10:49:00.976 UTC [2401] readonly@production LOG:  statement: SELECT id, name FROM users WHERE active = true LIMIT 34
2026-04-22 10:49:02.531 UTC [2404] readonly@analytics LOG:  statement: SELECT id, name FROM users WHERE active = true LIMIT 30
2026-04-22 10:49:05.664 UTC [2405] postgres@production LOG:  duration: 0.980 ms  statement: SELECT count(*) FROM orders WHERE created_at > now() - interval '1 day'
2026-04-22 10:49:06.105 UTC [2402] admin@production LOG:  statement: SELECT id, name FROM users WHERE active = true LIMIT 190
2026-04-22 10:49:09.307 UTC [2403] app_user@test_db LOG:  duration: 3.157 ms  statement: SELECT count(*) FROM orders WHERE created_at > now() - interval '1 day'
2026-04-22 10:49:10.271 UTC [2403] app_user@staging LOG:  statement: SELECT id, name FROM users WHERE active = true LIMIT 164
2026-04-22 10:49:12.559 UTC [2403] postgres@test_db LOG:  statement: SELECT id, name FROM users WHERE active = true LIMIT 111
2026-04-22 10:49:15.345 UTC [2401] postgres@staging LOG:  statement: SELECT id, name FROM users WHERE active = true LIMIT 187
2026-04-22 10:49:16.685 UTC [2404] readonly@test_db LOG:  duration: 4.872 ms  statement: SELECT count(*) FROM orders WHERE created_at > now() - interval '1 day'
2026-04-22 10:49:17.143 UTC [2403] admin@analytics LOG:  statement: SELECT id, name FROM users WHERE active = true LIMIT 13
2026-04-22 10:49:20.093 UTC [2402] postgres@production ERROR:  duplicate key value violates unique constraint "users_email_key"
2026-04-22 10:49:20.093 UTC [2402] postgres@production DETAIL:  Key (email)=(test@example.com) already exists.
2026-04-22 10:49:22.849 UTC [2401] odoo@test_db LOG:  statement: SELECT id, name FROM users WHERE active = true LIMIT 71
2026-04-22 10:49:23.301 UTC [2404] readonly@staging LOG:  statement: SELECT id, name FROM users WHERE active = true LIMIT 128
2026-04-22 10:49:23.490 UTC [2402] admin@test_db LOG:  statement: SELECT id, name FROM users WHERE active = true LIMIT 49
2026-04-22 10:49:23.670 UTC [2404] admin@test_db WARNING:  there is already a transaction in progress
2026-04-22 10:49:24.977 UTC [2405] odoo@staging LOG:  duration: 4.186 ms  statement: SELECT count(*) FROM orders WHERE created_at > now() - interval '1 day'
2026-04-22 10:49:25.497 UTC [2401] app_user@production LOG:  duration: 3.594 ms  statement: SELECT count(*) FROM orders WHERE created_at > now() - interval '1 day'
2026-04-22 10:49:25.748 UTC [2404] admin@analytics LOG:  statement: SELECT id, name FROM users WHERE active = true LIMIT 134
2026-04-22 10:49:26.797 UTC [2405] readonly@test_db DEBUG:  query executed in cache
2026-04-22 10:49:29.257 UTC [2405] postgres@test_db LOG:  statement: SELECT id, name FROM users WHERE active = true LIMIT 26
2026-04-22 10:49:29.835 UTC [2403] admin@test_db LOG:  statement: SELECT id, name FROM users WHERE active = true LIMIT 175
2026-04-22 10:49:30.020 UTC [2403] admin@test_db LOG:  statement: SELECT id, name FROM users WHERE active = true LIMIT 195
2026-04-22 10:49:31.914 UTC [2402] admin@analytics LOG:  statement: SELECT id, name FROM users WHERE active = true LIMIT 66
2026-04-22 10:49:32.551 UTC [2405] app_user@test_db WARNING:  there is already a transaction in progress
2026-04-22 10:49:35.911 UTC [2404] admin@analytics LOG:  statement: SELECT id, name FROM users WHERE active = true LIMIT 51
2026-04-22 10:49:38.840 UTC [2405] odoo@analytics DEBUG:  query executed in cache
2026-04-22 10:49:39.757 UTC [2404] odoo@staging LOG:  statement: SELECT id, name FROM users WHERE active = true LIMIT 135
2026-04-22 10:49:41.100 UTC [2401] admin@test_db LOG:  statement: SELECT id, name FROM users WHERE active = true LIMIT 152
2026-04-22 10:49:44.808 UTC [2401] postgres@analytics LOG:  statement: SELECT id, name FROM users WHERE active = true LIMIT 183
2026-04-22 10:49:48.212 UTC [2402] odoo@production LOG:  statement: SELECT id, name FROM users WHERE active = true LIMIT 120
2026-04-22 10:49:48.806 UTC [2401] readonly@staging LOG:  duration: 2.483 ms  statement: SELECT count(*) FROM orders WHERE created_at > now() - interval '1 day'
2026-04-22 10:49:52.060 UTC [2403] app_user@production WARNING:  there is already a transaction in progress
2026-04-22 10:49:55.053 UTC [2403] odoo@production LOG:  statement: SELECT id, name FROM users WHERE active = true LIMIT 122
2026-04-22 10:49:58.354 UTC [2404] postgres@production LOG:  duration: 3.933 ms  statement: SELECT count(*) FROM orders WHERE created_at > now() - interval '1 day'
2026-04-22 10:50:00.531 UTC [2401] readonly@production LOG:  statement: SELECT id, name FROM users WHERE active = true LIMIT 171
2026-04-22 10:50:01.274 UTC [2401] odoo@analytics DEBUG:  query executed in cache
2026-04-22 10:50:04.374 UTC [2404] readonly@test_db WARNING:  there is already a transaction in progress
2026-04-22 10:50:07.829 UTC [2402] app_user@analytics LOG:  statement: SELECT id, name FROM users WHERE active = true LIMIT 61
2026-04-22 10:50:08.933 UTC [2404] admin@production WARNING:  there is already a transaction in progress
2026-04-22 10:50:11.101 UTC [2404] app_user@analytics LOG:  statement: SELECT id, name FROM users WHERE active = true LIMIT 78
2026-04-22 10:50:13.779 UTC [2403] admin@analytics LOG:  duration: 0.843 ms  statement: SELECT count(*) FROM orders WHERE created_at > now() - interval '1 day'
2026-04-22 10:50:14.444 UTC [2405] admin@staging WARNING:  there is already a transaction in progress
2026-04-22 10:50:18.442 UTC [2404] admin@test_db WARNING:  there is already a transaction in progress
2026-04-22 10:50:19.138 UTC [2403] postgres@test_db DEBUG:  query executed in cache
2026-04-22 10:50:20.623 UTC [2405] postgres@production LOG:  statement: SELECT id, name FROM users WHERE active = true LIMIT 52
2026-04-22 10:50:23.832 UTC [2404] postgres@test_db LOG:  statement: SELECT id, name FROM users WHERE active = true LIMIT 174
2026-04-22 10:50:26.519 UTC [2402] readonly@production ERROR:  duplicate key value violates unique constraint "users_email_key"
2026-04-22 10:50:26.519 UTC [2402] readonly@production DETAIL:  Key (email)=(test@example.com) already exists.
2026-04-22 10:50:28.265 UTC [2405] app_user@test_db WARNING:  there is already a transaction in progress
2026-04-22 10:50:32.089 UTC [2405] app_user@analytics LOG:  statement: SELECT id, name FROM users WHERE active = true LIMIT 81
2026-04-22 10:50:35.057 UTC [2405] readonly@staging LOG:  statement: SELECT id, name FROM users WHERE active = true LIMIT 174
2026-04-22 10:50:38.013 UTC [2402] readonly@test_db LOG:  statement: SELECT id, name FROM users WHERE active = true LIMIT 176
2026-04-22 10:50:38.458 UTC [2404] odoo@analytics LOG:  statement: SELECT id, name FROM users WHERE active = true LIMIT 95
2026-04-22 10:50:39.433 UTC [2404] odoo@analytics LOG:  statement: SELECT id, name FROM users WHERE active = true LIMIT 151
2026-04-22 10:50:42.633 UTC [2403] readonly@analytics LOG:  duration: 0.215 ms  statement: SELECT count(*) FROM orders WHERE created_at > now() - interval '1 day'
2026-04-22 10:50:43.721 UTC [2405] readonly@analytics WARNING:  there is already a transaction in progress
2026-04-22 10:50:46.819 UTC [2403] admin@production LOG:  statement: SELECT id, name FROM users WHERE active = true LIMIT 105
2026-04-22 10:50:47.426 UTC [2403] readonly@analytics LOG:  statement: SELECT id, name FROM users WHERE active = true LIMIT 176
2026-04-22 10:50:49.870 UTC [2401] admin@analytics DEBUG:  query executed in cache
2026-04-22 10:50:53.268 UTC [2404] app_user@staging DEBUG:  query executed in cache
2026-04-22 10:50:54.802 UTC [2405] readonly@staging LOG:  statement: SELECT id, name FROM users WHERE active = true LIMIT 180
2026-04-22 10:50:57.030 UTC [2405] odoo@test_db DEBUG:  query executed in cache
2026-04-22 10:51:00.500 UTC [2401] app_user@staging DEBUG:  query executed in cache
2026-04-22 10:51:03.514 UTC [2404] postgres@staging LOG:  statement: SELECT id, name FROM users WHERE active = true LIMIT 115
2026-04-22 10:51:05.354 UTC [2401] postgres@production WARNING:  there is already a transaction in progress
2026-04-22 10:51:05.773 UTC [2404] odoo@test_db LOG:  statement: SELECT id, name FROM users WHERE active = true LIMIT 144
2026-04-22 10:51:09.444 UTC [2404] readonly@test_db LOG:  statement: SELECT id, name FROM users WHERE active = true LIMIT 137
2026-04-22 10:51:12.541 UTC [2404] admin@test_db ERROR:  duplicate key value violates unique constraint "users_email_key"
2026-04-22 10:51:12.541 UTC [2404] admin@test_db DETAIL:  Key (email)=(test@example.com) already exists.
2026-04-22 10:51:14.626 UTC [2402] odoo@staging DEBUG:  query executed in cache
2026-04-22 10:51:17.570 UTC [2402] readonly@production LOG:  statement: SELECT id, name FROM users WHERE active = true LIMIT 131
2026-04-22 10:51:21.445 UTC [2401] odoo@analytics ERROR:  syntax error at or near "SELEC" at character 1
2026-04-22 10:51:21.445 UTC [2401] odoo@analytics STATEMENT:  SELEC * FROM users;
2026-04-22 10:51:22.040 UTC [2405] admin@production LOG:  statement: SELECT id, name FROM users WHERE active = true LIMIT 84
2026-04-22 10:51:22.622 UTC [2401] readonly@staging LOG:  statement: SELECT id, name FROM users WHERE active = true LIMIT 105
2026-04-22 10:51:22.836 UTC [2403] app_user@test_db DEBUG:  query executed in cache
2026-04-22 10:51:23.135 UTC [2402] readonly@test_db ERROR:  syntax error at or near "SELEC" at character 1
2026-04-22 10:51:23.135 UTC [2402] readonly@test_db STATEMENT:  SELEC * FROM users;
2026-04-22 10:51:23.984 UTC [2403] app_user@staging WARNING:  there is already a transaction in progress
2026-04-22 10:51:26.326 UTC [2404] postgres@production LOG:  statement: SELECT id, name FROM users WHERE active = true LIMIT 21
2026-04-22 10:51:28.743 UTC [2404] admin@analytics LOG:  statement: SELECT id, name FROM users WHERE active = true LIMIT 96
2026-04-22 10:51:31.963 UTC [2404] admin@staging LOG:  statement: SELECT id, name FROM users WHERE active = true LIMIT 172
2026-04-22 10:51:32.673 UTC [2404] admin@test_db WARNING:  there is already a transaction in progress
2026-04-22 10:51:34.359 UTC [2403] postgres@test_db LOG:  statement: SELECT id, name FROM users WHERE active = true LIMIT 111
2026-04-22 10:51:37.205 UTC [2403] readonly@production WARNING:  there is already a transaction in progress
2026-04-22 10:51:40.201 UTC [2403] postgres@staging LOG:  statement: SELECT id, name FROM users WHERE active = true LIMIT 171
2026-04-22 10:51:42.938 UTC [2403] readonly@production LOG:  duration: 1.043 ms  statement: SELECT count(*) FROM orders WHERE created_at > now() - interval '1 day'
2026-04-22 10:51:45.373 UTC [2405] readonly@production LOG:  statement: SELECT id, name FROM users WHERE active = true LIMIT 131
2026-04-22 10:51:48.169 UTC [2405] postgres@production ERROR:  syntax error at or near "SELEC" at character 1
2026-04-22 10:51:48.169 UTC [2405] postgres@production STATEMENT:  SELEC * FROM users;
2026-04-22 10:51:51.491 UTC [2402] postgres@analytics LOG:  statement: SELECT id, name FROM users WHERE active = true LIMIT 190
2026-04-22 10:51:54.896 UTC [2405] admin@production LOG:  statement: SELECT id, name FROM users WHERE active = true LIMIT 92
2026-04-22 10:51:57.009 UTC [2404] readonly@production WARNING:  there is already a transaction in progress
2026-04-22 10:51:57.848 UTC [2401] app_user@test_db LOG:  statement: SELECT id, name FROM users WHERE active = true LIMIT 145
2026-04-22 10:51:58.320 UTC [2403] admin@analytics LOG:  statement: SELECT id, name FROM users WHERE active = true LIMIT 35
2026-04-22 10:51:59.009 UTC [2405] odoo@analytics LOG:  statement: SELECT id, name FROM users WHERE active = true LIMIT 32
2026-04-22 10:52:01.888 UTC [2402] app_user@test_db LOG:  statement: SELECT id, name FROM users WHERE active = true LIMIT 167
2026-04-22 10:52:04.909 UTC [2403] odoo@production LOG:  statement: SELECT id, name FROM users WHERE active = true LIMIT 109
2026-04-22 10:52:06.699 UTC [2401] app_user@staging WARNING:  there is already a transaction in progress
2026-04-22 10:52:07.011 UTC [2403] admin@production LOG:  statement: SELECT id, name FROM users WHERE active = true LIMIT 162
2026-04-22 10:52:09.194 UTC [2405] odoo@test_db DEBUG:  query executed in cache
2026-04-22 10:52:09.542 UTC [2404] postgres@analytics LOG:  statement: SELECT id, name FROM users WHERE active = true LIMIT 151
2026-04-22 10:52:09.760 UTC [2404] postgres@test_db LOG:  statement: SELECT id, name FROM users WHERE active = true LIMIT 69
2026-04-22 10:52:10.868 UTC [2401] app_user@production DEBUG:  query executed in cache
2026-04-22 10:52:12.794 UTC [2402] app_user@test_db LOG:  statement: SELECT id, name FROM users WHERE active = true LIMIT 172
2026-04-22 10:52:14.423 UTC [2405] odoo@staging LOG:  statement: SELECT id, name FROM users WHERE active = true LIMIT 53
2026-04-22 10:52:18.256 UTC [2402] readonly@test_db LOG:  duration: 0.305 ms  statement: SELECT count(*) FROM orders WHERE created_at > now() - interval '1 day'
2026-04-22 10:52:21.030 UTC [2404] readonly@analytics ERROR:  duplicate key value violates unique constraint "users_email_key"
2026-04-22 10:52:21.030 UTC [2404] readonly@analytics DETAIL:  Key (email)=(test@example.com) already exists.
2026-04-22 10:52:22.249 UTC [2401] postgres@test_db LOG:  duration: 4.213 ms  statement: SELECT count(*) FROM orders WHERE created_at > now() - interval '1 day'
2026-04-22 10:52:24.745 UTC [2404] app_user@staging WARNING:  there is already a transaction in progress
2026-04-22 10:52:27.872 UTC [2403] postgres@staging LOG:  statement: SELECT id, name FROM users WHERE active = true LIMIT 27
2026-04-22 10:52:30.832 UTC [2403] postgres@test_db LOG:  statement: SELECT id, name FROM users WHERE active = true LIMIT 45
2026-04-22 10:52:31.795 UTC [2405] app_user@test_db LOG:  duration: 4.791 ms  statement: SELECT count(*) FROM orders WHERE created_at > now() - interval '1 day'
2026-04-22 10:52:34.978 UTC [2403] app_user@analytics DEBUG:  query executed in cache
2026-04-22 10:52:36.477 UTC [2403] odoo@analytics LOG:  statement: SELECT id, name FROM users WHERE active = true LIMIT 163
2026-04-22 10:52:39.224 UTC [2403] postgres@staging ERROR:  syntax error at or near "SELEC" at character 1
2026-04-22 10:52:39.224 UTC [2403] postgres@staging STATEMENT:  SELEC * FROM users;
2026-04-22 10:52:43.016 UTC [2405] admin@production LOG:  statement: SELECT id, name FROM users WHERE active = true LIMIT 54
2026-04-22 10:52:46.239 UTC [2404] readonly@test_db LOG:  statement: SELECT id, name FROM users WHERE active = true LIMIT 30
2026-04-22 10:52:49.994 UTC [2401] readonly@production WARNING:  there is already a transaction in progress
2026-04-22 10:52:53.423 UTC [2404] postgres@analytics LOG:  statement: SELECT id, name FROM users WHERE active = true LIMIT 163
2026-04-22 10:52:56.960 UTC [2403] admin@staging DEBUG:  query executed in cache
2026-04-22 10:52:58.577 UTC [2401] postgres@test_db ERROR:  syntax error at or near "SELEC" at character 1
2026-04-22 10:52:58.577 UTC [2401] postgres@test_db STATEMENT:  SELEC * FROM users;
2026-04-22 10:53:01.720 UTC [2404] postgres@staging LOG:  statement: SELECT id, name FROM users WHERE active = true LIMIT 81
2026-04-22 10:53:05.163 UTC [2403] odoo@production LOG:  duration: 1.586 ms  statement: SELECT count(*) FROM orders WHERE created_at > now() - interval '1 day'
2026-04-22 10:53:06.749 UTC [2402] odoo@test_db LOG:  statement: SELECT id, name FROM users WHERE active = true LIMIT 136
2026-04-22 10:53:07.652 UTC [2405] odoo@production ERROR:  duplicate key value violates unique constraint "users_email_key"
2026-04-22 10:53:07.652 UTC [2405] odoo@production DETAIL:  Key (email)=(test@example.com) already exists.
2026-04-22 10:53:10.083 UTC [2404] postgres@analytics LOG:  statement: SELECT id, name FROM users WHERE active = true LIMIT 53
2026-04-22 10:53:10.450 UTC [2405] odoo@staging LOG:  duration: 3.755 ms  statement: SELECT count(*) FROM orders WHERE created_at > now() - interval '1 day'
2026-04-22 10:53:14.158 UTC [2402] app_user@staging LOG:  statement: SELECT id, name FROM users WHERE active = true LIMIT 80
2026-04-22 10:53:17.046 UTC [2402] postgres@analytics LOG:  duration: 2.324 ms  statement: SELECT count(*) FROM orders WHERE created_at > now() - interval '1 day'
2026-04-22 10:53:18.917 UTC [2404] postgres@analytics WARNING:  there is already a transaction in progress
2026-04-22 10:53:21.802 UTC [2404] app_user@production LOG:  statement: SELECT id, name FROM users WHERE active = true LIMIT 136
2026-04-22 10:53:25.522 UTC [2403] readonly@production DEBUG:  query executed in cache
2026-04-22 10:53:27.802 UTC [2401] app_user@test_db LOG:  statement: SELECT id, name FROM users WHERE active = true LIMIT 11
2026-04-22 10:53:28.237 UTC [2404] odoo@analytics WARNING:  there is already a transaction in progress
2026-04-22 10:53:28.641 UTC [2401] odoo@test_db ERROR:  syntax error at or near "SELEC" at character 1
2026-04-22 10:53:28.641 UTC [2401] odoo@test_db STATEMENT:  SELEC * FROM users;
2026-04-22 10:53:30.014 UTC [2402] odoo@analytics LOG:  statement: SELECT id, name FROM users WHERE active = true LIMIT 170
2026-04-22 10:53:31.883 UTC [2401] postgres@test_db WARNING:  there is already a transaction in progress
2026-04-22 10:53:32.995 UTC [2405] app_user@analytics LOG:  statement: SELECT id, name FROM users WHERE active = true LIMIT 71
2026-04-22 10:53:35.223 UTC [2403] postgres@analytics DEBUG:  query executed in cache
2026-04-22 10:53:38.452 UTC [2401] readonly@test_db LOG:  statement: SELECT id, name FROM users WHERE active = true LIMIT 124
2026-04-22 10:53:38.800 UTC [2405] postgres@production ERROR:  syntax error at or near "SELEC" at character 1
2026-04-22 10:53:38.800 UTC [2405] postgres@production STATEMENT:  SELEC * FROM users;
2026-04-22 10:53:42.105 UTC [2404] app_user@production LOG:  statement: SELECT id, name FROM users WHERE active = true LIMIT 123
2026-04-22 10:53:42.474 UTC [2401] app_user@test_db LOG:  statement: SELECT id, name FROM users WHERE active = true LIMIT 24
2026-04-22 10:53:46.055 UTC [2405] postgres@analytics LOG:  statement: SELECT id, name FROM users WHERE active = true LIMIT 34
2026-04-22 10:53:49.696 UTC [2405] admin@staging LOG:  duration: 3.333 ms  statement: SELECT count(*) FROM orders WHERE created_at > now() - interval '1 day'
2026-04-22 10:53:51.697 UTC [2401] admin@test_db DEBUG:  query executed in cache
2026-04-22 10:53:53.188 UTC [2405] readonly@production LOG:  duration: 3.411 ms  statement: SELECT count(*) FROM orders WHERE created_at > now() - interval '1 day'
2026-04-22 10:53:55.695 UTC [2401] admin@analytics LOG:  statement: SELECT id, name FROM users WHERE active = true LIMIT 36
2026-04-22 10:53:58.223 UTC [2401] readonly@production DEBUG:  query executed in cache
2026-04-22 10:54:00.933 UTC [2402] readonly@staging LOG:  statement: SELECT id, name FROM users WHERE active = true LIMIT 100
2026-04-22 10:54:01.794 UTC [2404] admin@test_db LOG:  statement: SELECT id, name FROM users WHERE active = true LIMIT 21
2026-04-22 10:54:04.288 UTC [2401] odoo@analytics LOG:  statement: SELECT id, name FROM users WHERE active = true LIMIT 176
2026-04-22 10:54:04.991 UTC [2403] app_user@staging LOG:  statement: SELECT id, name FROM users WHERE active = true LIMIT 164
2026-04-22 10:54:05.124 UTC [2403] app_user@analytics LOG:  statement: SELECT id, name FROM users WHERE active = true LIMIT 178
2026-04-22 10:54:07.301 UTC [2402] postgres@staging WARNING:  there is already a transaction in progress
2026-04-22 10:54:08.809 UTC [2405] postgres@test_db LOG:  statement: SELECT id, name FROM users WHERE active = true LIMIT 61
2026-04-22 10:54:09.684 UTC [2402] postgres@analytics LOG:  duration: 3.504 ms  statement: SELECT count(*) FROM orders WHERE created_at > now() - interval '1 day'
2026-04-22 10:54:13.273 UTC [2404] readonly@analytics LOG:  duration: 4.819 ms  statement: SELECT count(*) FROM orders WHERE created_at > now() - interval '1 day'
2026-04-22 10:54:14.719 UTC [2405] app_user@test_db LOG:  statement: SELECT id, name FROM users WHERE active = true LIMIT 126
2026-04-22 10:54:18.587 UTC [2401] admin@staging LOG:  statement: SELECT id, name FROM users WHERE active = true LIMIT 67
2026-04-22 10:54:19.666 UTC [2402] admin@staging LOG:  statement: SELECT id, name FROM users WHERE active = true LIMIT 94
2026-04-22 10:54:20.520 UTC [2404] odoo@test_db WARNING:  there is already a transaction in progress
2026-04-22 10:54:20.922 UTC [2401] app_user@production LOG:  statement: SELECT id, name FROM users WHERE active = true LIMIT 152
2026-04-22 10:54:22.825 UTC [2401] odoo@analytics LOG:  statement: SELECT id, name FROM users WHERE active = true LIMIT 159
2026-04-22 10:54:23.740 UTC [2403] postgres@production LOG:  statement: SELECT id, name FROM users WHERE active = true LIMIT 54
2026-04-22 10:54:25.231 UTC [2402] app_user@staging WARNING:  there is already a transaction in progress
2026-04-22 10:54:25.419 UTC [2402] odoo@staging LOG:  statement: SELECT id, name FROM users WHERE active = true LIMIT 77
2026-04-22 10:54:27.071 UTC [2401] postgres@staging LOG:  duration: 4.437 ms  statement: SELECT count(*) FROM orders WHERE created_at > now() - interval '1 day'
2026-04-22 10:54:29.039 UTC [2403] odoo@analytics LOG:  statement: SELECT id, name FROM users WHERE active = true LIMIT 105
2026-04-22 10:54:32.736 UTC [2402] readonly@test_db DEBUG:  query executed in cache
2026-04-22 10:54:36.091 UTC [2401] odoo@staging LOG:  statement: SELECT id, name FROM users WHERE active = true LIMIT 146
2026-04-22 10:54:38.646 UTC [2404] app_user@analytics LOG:  statement: SELECT id, name FROM users WHERE active = true LIMIT 172
2026-04-22 10:54:42.245 UTC [2402] postgres@staging LOG:  statement: SELECT id, name FROM users WHERE active = true LIMIT 48
2026-04-22 10:54:44.923 UTC [2403] odoo@production DEBUG:  query executed in cache
2026-04-22 10:54:45.880 UTC [2402] readonly@test_db DEBUG:  query executed in cache
2026-04-22 10:54:46.665 UTC [2404] readonly@production LOG:  statement: SELECT id, name FROM users WHERE active = true LIMIT 175
2026-04-22 10:54:48.890 UTC [2405] app_user@test_db LOG:  statement: SELECT id, name FROM users WHERE active = true LIMIT 92
2026-04-22 10:54:51.921 UTC [2403] readonly@test_db ERROR:  syntax error at or near "SELEC" at character 1
2026-04-22 10:54:51.921 UTC [2403] readonly@test_db STATEMENT:  SELEC * FROM users;
2026-04-22 10:54:54.634 UTC [2404] app_user@test_db ERROR:  syntax error at or near "SELEC" at character 1
2026-04-22 10:54:54.634 UTC [2404] app_user@test_db STATEMENT:  SELEC * FROM users;
2026-04-22 10:54:55.633 UTC [2405] postgres@staging WARNING:  there is already a transaction in progress
2026-04-22 10:54:56.628 UTC [2404] odoo@test_db LOG:  statement: SELECT id, name FROM users WHERE active = true LIMIT 106
2026-04-22 10:54:57.770 UTC [2405] odoo@analytics LOG:  duration: 0.758 ms  statement: SELECT count(*) FROM orders WHERE created_at > now() - interval '1 day'
2026-04-22 10:54:59.995 UTC [2401] app_user@test_db LOG:  statement: SELECT id, name FROM users WHERE active = true LIMIT 159
2026-04-22 10:55:01.840 UTC [2401] admin@analytics LOG:  statement: SELECT id, name FROM users WHERE active = true LIMIT 120
2026-04-22 10:55:03.238 UTC [2404] app_user@test_db LOG:  statement: SELECT id, name FROM users WHERE active = true LIMIT 16
2026-04-22 10:55:04.425 UTC [2402] admin@staging LOG:  duration: 1.860 ms  statement: SELECT count(*) FROM orders WHERE created_at > now() - interval '1 day'
2026-04-22 10:55:07.743 UTC [2401] app_user@production LOG:  statement: SELECT id, name FROM users WHERE active = true LIMIT 68
2026-04-22 10:55:09.318 UTC [2401] postgres@production LOG:  statement: SELECT id, name FROM users WHERE active = true LIMIT 61
2026-04-22 10:55:10.442 UTC [2403] odoo@analytics LOG:  statement: SELECT id, name FROM users WHERE active = true LIMIT 184
2026-04-22 10:55:14.044 UTC [2403] odoo@staging DEBUG:  query executed in cache
2026-04-22 10:55:17.298 UTC [2405] app_user@production LOG:  statement: SELECT id, name FROM users WHERE active = true LIMIT 98
2026-04-22 10:55:19.331 UTC [2404] admin@production LOG:  duration: 4.947 ms  statement: SELECT count(*) FROM orders WHERE created_at > now() - interval '1 day'
2026-04-22 10:55:20.360 UTC [2402] admin@staging DEBUG:  query executed in cache
2026-04-22 10:55:22.572 UTC [2402] admin@staging LOG:  duration: 2.808 ms  statement: SELECT count(*) FROM orders WHERE created_at > now() - interval '1 day'
2026-04-22 10:55:25.915 UTC [2404] admin@analytics LOG:  statement: SELECT id, name FROM users WHERE active = true LIMIT 58
2026-04-22 10:55:27.811 UTC [2404] admin@staging LOG:  statement: SELECT id, name FROM users WHERE active = true LIMIT 152
2026-04-22 10:55:30.276 UTC [2401] app_user@staging WARNING:  there is already a transaction in progress
2026-04-22 10:55:33.695 UTC [2403] postgres@test_db LOG:  duration: 1.838 ms  statement: SELECT count(*) FROM orders WHERE created_at > now() - interval '1 day'
2026-04-22 10:55:36.603 UTC [2402] admin@test_db DEBUG:  query executed in cache
2026-04-22 10:55:39.107 UTC [2405] app_user@analytics LOG:  statement: SELECT id, name FROM users WHERE active = true LIMIT 18
2026-04-22 10:55:41.534 UTC [2402] odoo@analytics LOG:  duration: 3.055 ms  statement: SELECT count(*) FROM orders WHERE created_at > now() - interval '1 day'
2026-04-22 10:55:43.195 UTC [2405] readonly@test_db LOG:  statement: SELECT id, name FROM users WHERE active = true LIMIT 110
2026-04-22 10:55:44.066 UTC [2401] readonly@test_db LOG:  statement: SELECT id, name FROM users WHERE active = true LIMIT 94
2026-04-22 10:55:44.547 UTC [2405] admin@analytics LOG:  statement: SELECT id, name FROM users WHERE active = true LIMIT 182
2026-04-22 10:55:48.032 UTC [2405] odoo@production LOG:  duration: 2.494 ms  statement: SELECT count(*) FROM orders WHERE created_at > now() - interval '1 day'
2026-04-22 10:55:51.864 UTC [2402] odoo@production ERROR:  duplicate key value violates unique constraint "users_email_key"
2026-04-22 10:55:51.864 UTC [2402] odoo@production DETAIL:  Key (email)=(test@example.com) already exists.
2026-04-22 10:55:53.156 UTC [2403] odoo@staging LOG:  duration: 0.443 ms  statement: SELECT count(*) FROM orders WHERE created_at > now() - interval '1 day'
2026-04-22 10:55:53.959 UTC [2401] app_user@production LOG:  statement: SELECT id, name FROM users WHERE active = true LIMIT 115
2026-04-22 10:55:54.587 UTC [2404] odoo@production LOG:  statement: SELECT id, name FROM users WHERE active = true LIMIT 132
2026-04-22 10:55:55.219 UTC [2401] admin@staging WARNING:  there is already a transaction in progress
2026-04-22 10:55:55.969 UTC [2403] admin@test_db LOG:  duration: 4.702 ms  statement: SELECT count(*) FROM orders WHERE created_at > now() - interval '1 day'
2026-04-22 10:55:57.197 UTC [2405] odoo@test_db LOG:  statement: SELECT id, name FROM users WHERE active = true LIMIT 46
2026-04-22 10:55:59.774 UTC [2404] postgres@test_db WARNING:  there is already a transaction in progress
2026-04-22 10:56:01.758 UTC [2405] app_user@test_db LOG:  statement: SELECT id, name FROM users WHERE active = true LIMIT 20
2026-04-22 10:56:03.278 UTC [2401] app_user@test_db DEBUG:  query executed in cache
2026-04-22 10:56:05.078 UTC [2403] admin@staging LOG:  statement: SELECT id, name FROM users WHERE active = true LIMIT 168
2026-04-22 10:56:08.908 UTC [2404] admin@test_db LOG:  duration: 3.523 ms  statement: SELECT count(*) FROM orders WHERE created_at > now() - interval '1 day'
2026-04-22 10:56:09.989 UTC [2401] admin@production WARNING:  there is already a transaction in progress
2026-04-22 10:56:12.819 UTC [2402] app_user@analytics ERROR:  syntax error at or near "SELEC" at character 1
2026-04-22 10:56:12.819 UTC [2402] app_user@analytics STATEMENT:  SELEC * FROM users;
2026-04-22 10:56:16.039 UTC [2402] admin@test_db LOG:  duration: 4.977 ms  statement: SELECT count(*) FROM orders WHERE created_at > now() - interval '1 day'
2026-04-22 10:56:17.818 UTC [2401] postgres@analytics LOG:  statement: SELECT id, name FROM users WHERE active = true LIMIT 74
2026-04-22 10:56:19.811 UTC [2402] readonly@production LOG:  statement: SELECT id, name FROM users WHERE active = true LIMIT 173
2026-04-22 10:56:22.966 UTC [2404] admin@analytics LOG:  statement: SELECT id, name FROM users WHERE active = true LIMIT 59
2026-04-22 10:56:24.092 UTC [2404] postgres@production LOG:  statement: SELECT id, name FROM users WHERE active = true LIMIT 44
2026-04-22 10:56:26.081 UTC [2403] admin@test_db LOG:  statement: SELECT id, name FROM users WHERE active = true LIMIT 150
2026-04-22 10:56:28.109 UTC [2402] admin@staging WARNING:  there is already a transaction in progress
2026-04-22 10:56:30.695 UTC [2402] odoo@production LOG:  statement: SELECT id, name FROM users WHERE active = true LIMIT 85
2026-04-22 10:56:31.484 UTC [2401] readonly@test_db LOG:  statement: SELECT id, name FROM users WHERE active = true LIMIT 12
2026-04-22 10:56:33.050 UTC [2403] odoo@test_db LOG:  statement: SELECT id, name FROM users WHERE active = true LIMIT 192
2026-04-22 10:56:34.960 UTC [2401] readonly@staging LOG:  duration: 4.199 ms  statement: SELECT count(*) FROM orders WHERE created_at > now() - interval '1 day'
2026-04-22 10:56:37.887 UTC [2405] postgres@test_db LOG:  statement: SELECT id, name FROM users WHERE active = true LIMIT 23
2026-04-22 10:56:41.150 UTC [2405] postgres@production LOG:  statement: SELECT id, name FROM users WHERE active = true LIMIT 61
2026-04-22 10:56:42.069 UTC [2402] app_user@staging LOG:  statement: SELECT id, name FROM users WHERE active = true LIMIT 117
2026-04-22 10:56:45.529 UTC [2401] postgres@analytics LOG:  statement: SELECT id, name FROM users WHERE active = true LIMIT 181
2026-04-22 10:56:48.893 UTC [2401] odoo@production WARNING:  there is already a transaction in progress
2026-04-22 10:56:50.695 UTC [2402] odoo@production LOG:  statement: SELECT id, name FROM users WHERE active = true LIMIT 93
2026-04-22 10:56:53.353 UTC [2403] readonly@staging LOG:  statement: SELECT id, name FROM users WHERE active = true LIMIT 148
2026-04-22 10:56:54.404 UTC [2404] admin@production LOG:  statement: SELECT id, name FROM users WHERE active = true LIMIT 101
2026-04-22 10:56:56.151 UTC [2403] odoo@production LOG:  duration: 0.159 ms  statement: SELECT count(*) FROM orders WHERE created_at > now() - interval '1 day'
2026-04-22 10:56:56.521 UTC [2402] admin@staging LOG:  duration: 1.464 ms  statement: SELECT count(*) FROM orders WHERE created_at > now() - interval '1 day'
2026-04-22 10:56:56.896 UTC [2405] app_user@production WARNING:  there is already a transaction in progress
2026-04-22 10:56:57.413 UTC [2404] app_user@test_db DEBUG:  query executed in cache
2026-04-22 10:56:57.901 UTC [2405] odoo@analytics LOG:  duration: 4.909 ms  statement: SELECT count(*) FROM orders WHERE created_at > now() - interval '1 day'
2026-04-22 10:56:58.719 UTC [2404] odoo@analytics LOG:  duration: 4.431 ms  statement: SELECT count(*) FROM orders WHERE created_at > now() - interval '1 day'
2026-04-22 10:57:00.191 UTC [2403] admin@production LOG:  statement: SELECT id, name FROM users WHERE active = true LIMIT 159
2026-04-22 10:57:02.353 UTC [2404] admin@staging LOG:  duration: 4.943 ms  statement: SELECT count(*) FROM orders WHERE created_at > now() - interval '1 day'
2026-04-22 10:57:03.718 UTC [2402] postgres@production LOG:  statement: SELECT id, name FROM users WHERE active = true LIMIT 119
2026-04-22 10:57:04.063 UTC [2402] readonly@production LOG:  statement: SELECT id, name FROM users WHERE active = true LIMIT 137
2026-04-22 10:57:05.702 UTC [2403] odoo@staging LOG:  statement: SELECT id, name FROM users WHERE active = true LIMIT 19
2026-04-22 10:57:08.829 UTC [2402] readonly@test_db WARNING:  there is already a transaction in progress
2026-04-22 10:57:11.565 UTC [2402] app_user@analytics DEBUG:  query executed in cache
2026-04-22 10:57:14.319 UTC [2401] readonly@test_db WARNING:  there is already a transaction in progress
2026-04-22 10:57:15.822 UTC [2401] odoo@analytics LOG:  statement: SELECT id, name FROM users WHERE active = true LIMIT 148
2026-04-22 10:57:18.412 UTC [2401] odoo@staging WARNING:  there is already a transaction in progress
2026-04-22 10:57:20.323 UTC [2405] app_user@staging LOG:  duration: 0.417 ms  statement: SELECT count(*) FROM orders WHERE created_at > now() - interval '1 day'
2026-04-22 10:57:20.636 UTC [2404] postgres@staging LOG:  duration: 0.794 ms  statement: SELECT count(*) FROM orders WHERE created_at > now() - interval '1 day'
2026-04-22 10:57:21.447 UTC [2402] odoo@production LOG:  duration: 4.173 ms  statement: SELECT count(*) FROM orders WHERE created_at > now() - interval '1 day'
2026-04-22 10:57:23.292 UTC [2402] odoo@production DEBUG:  query executed in cache
2026-04-22 10:57:24.395 UTC [2403] odoo@staging LOG:  statement: SELECT id, name FROM users WHERE active = true LIMIT 165
2026-04-22 10:57:26.856 UTC [2402] app_user@analytics LOG:  statement: SELECT id, name FROM users WHERE active = true LIMIT 172
2026-04-22 10:57:27.283 UTC [2402] app_user@test_db ERROR:  syntax error at or near "SELEC" at character 1
2026-04-22 10:57:27.283 UTC [2402] app_user@test_db STATEMENT:  SELEC * FROM users;
2026-04-22 10:57:28.070 UTC [2403] admin@test_db LOG:  statement: SELECT id, name FROM users WHERE active = true LIMIT 118
2026-04-22 10:57:31.284 UTC [2405] readonly@test_db LOG:  statement: SELECT id, name FROM users WHERE active = true LIMIT 133
2026-04-22 10:57:34.882 UTC [2401] admin@test_db LOG:  statement: SELECT id, name FROM users WHERE active = true LIMIT 86
2026-04-22 10:57:37.246 UTC [2405] readonly@staging DEBUG:  query executed in cache
2026-04-22 10:57:38.598 UTC [2403] admin@test_db LOG:  statement: SELECT id, name FROM users WHERE active = true LIMIT 106
2026-04-22 10:57:38.992 UTC [2405] readonly@test_db LOG:  statement: SELECT id, name FROM users WHERE active = true LIMIT 193
2026-04-22 10:57:42.844 UTC [2404] odoo@staging LOG:  statement: SELECT id, name FROM users WHERE active = true LIMIT 13
2026-04-22 10:57:44.601 UTC [2405] app_user@test_db ERROR:  syntax error at or near "SELEC" at character 1
2026-04-22 10:57:44.601 UTC [2405] app_user@test_db STATEMENT:  SELEC * FROM users;
2026-04-22 10:57:46.706 UTC [2404] app_user@test_db LOG:  statement: SELECT id, name FROM users WHERE active = true LIMIT 160
2026-04-22 10:57:50.580 UTC [2401] admin@production LOG:  statement: SELECT id, name FROM users WHERE active = true LIMIT 154
2026-04-22 10:57:51.725 UTC [2402] odoo@test_db DEBUG:  query executed in cache
2026-04-22 10:57:54.425 UTC [2403] readonly@test_db LOG:  duration: 3.513 ms  statement: SELECT count(*) FROM orders WHERE created_at > now() - interval '1 day'
2026-04-22 10:57:55.517 UTC [2404] admin@staging LOG:  statement: SELECT id, name FROM users WHERE active = true LIMIT 102
2026-04-22 10:57:58.096 UTC [2401] odoo@analytics LOG:  statement: SELECT id, name FROM users WHERE active = true LIMIT 184
2026-04-22 10:58:00.662 UTC [2402] app_user@staging LOG:  duration: 3.347 ms  statement: SELECT count(*) FROM orders WHERE created_at > now() - interval '1 day'
2026-04-22 10:58:03.919 UTC [2402] postgres@production LOG:  statement: SELECT id, name FROM users WHERE active = true LIMIT 192
2026-04-22 10:58:06.142 UTC [2404] admin@production ERROR:  syntax error at or near "SELEC" at character 1
2026-04-22 10:58:06.142 UTC [2404] admin@production STATEMENT:  SELEC * FROM users;
2026-04-22 10:58:07.277 UTC [2404] odoo@test_db LOG:  duration: 2.553 ms  statement: SELECT count(*) FROM orders WHERE created_at > now() - interval '1 day'
2026-04-22 10:58:10.383 UTC [2405] admin@analytics LOG:  statement: SELECT id, name FROM users WHERE active = true LIMIT 196
2026-04-22 10:58:13.818 UTC [2401] postgres@analytics LOG:  statement: SELECT id, name FROM users WHERE active = true LIMIT 63
2026-04-22 10:58:14.607 UTC [2404] app_user@production WARNING:  there is already a transaction in progress
2026-04-22 10:58:17.876 UTC [2401] postgres@production LOG:  duration: 2.672 ms  statement: SELECT count(*) FROM orders WHERE created_at > now() - interval '1 day'
2026-04-22 10:58:18.698 UTC [2403] admin@staging LOG:  statement: SELECT id, name FROM users WHERE active = true LIMIT 190
2026-04-22 10:58:19.543 UTC [2402] odoo@test_db LOG:  statement: SELECT id, name FROM users WHERE active = true LIMIT 38
2026-04-22 10:58:20.403 UTC [2404] readonly@staging LOG:  statement: SELECT id, name FROM users WHERE active = true LIMIT 56
2026-04-22 10:58:22.308 UTC [2402] app_user@test_db LOG:  duration: 3.160 ms  statement: SELECT count(*) FROM orders WHERE created_at > now() - interval '1 day'
2026-04-22 10:58:22.759 UTC [2402] postgres@analytics LOG:  statement: SELECT id, name FROM users WHERE active = true LIMIT 80
2026-04-22 10:58:25.257 UTC [2401] app_user@production LOG:  statement: SELECT id, name FROM users WHERE active = true LIMIT 134
2026-04-22 10:58:26.446 UTC [2401] postgres@production DEBUG:  query executed in cache
2026-04-22 10:58:26.942 UTC [2401] readonly@production LOG:  statement: SELECT id, name FROM users WHERE active = true LIMIT 11
2026-04-22 10:58:30.859 UTC [2404] readonly@analytics LOG:  statement: SELECT id, name FROM users WHERE active = true LIMIT 96
2026-04-22 10:58:32.477 UTC [2405] admin@analytics LOG:  duration: 1.781 ms  statement: SELECT count(*) FROM orders WHERE created_at > now() - interval '1 day'
2026-04-22 10:58:35.301 UTC [2403] odoo@analytics LOG:  statement: SELECT id, name FROM users WHERE active = true LIMIT 166
2026-04-22 10:58:38.703 UTC [2401] app_user@analytics LOG:  statement: SELECT id, name FROM users WHERE active = true LIMIT 126
2026-04-22 10:58:41.268 UTC [2404] odoo@production LOG:  statement: SELECT id, name FROM users WHERE active = true LIMIT 145
2026-04-22 10:58:43.219 UTC [2403] odoo@analytics LOG:  duration: 3.328 ms  statement: SELECT count(*) FROM orders WHERE created_at > now() - interval '1 day'
2026-04-22 10:58:46.023 UTC [2404] readonly@test_db LOG:  statement: SELECT id, name FROM users WHERE active = true LIMIT 173
2026-04-22 10:58:49.700 UTC [2403] postgres@analytics LOG:  statement: SELECT id, name FROM users WHERE active = true LIMIT 198
2026-04-22 10:58:52.285 UTC [2403] admin@staging LOG:  statement: SELECT id, name FROM users WHERE active = true LIMIT 199
2026-04-22 10:58:54.137 UTC [2405] postgres@analytics ERROR:  syntax error at or near "SELEC" at character 1
2026-04-22 10:58:54.137 UTC [2405] postgres@analytics STATEMENT:  SELEC * FROM users;
2026-04-22 10:58:55.440 UTC [2404] postgres@test_db LOG:  duration: 3.589 ms  statement: SELECT count(*) FROM orders WHERE created_at > now() - interval '1 day'
2026-04-22 10:58:56.063 UTC [2405] readonly@production LOG:  statement: SELECT id, name FROM users WHERE active = true LIMIT 32
2026-04-22 10:58:56.851 UTC [2403] readonly@test_db WARNING:  there is already a transaction in progress
2026-04-22 10:58:57.947 UTC [2401] admin@staging LOG:  statement: SELECT id, name FROM users WHERE active = true LIMIT 178
2026-04-22 10:59:00.978 UTC [2401] postgres@test_db LOG:  statement: SELECT id, name FROM users WHERE active = true LIMIT 93
2026-04-22 10:59:04.023 UTC [2404] app_user@staging LOG:  statement: SELECT id, name FROM users WHERE active = true LIMIT 131
2026-04-22 10:59:04.493 UTC [2401] odoo@test_db DEBUG:  query executed in cache
2026-04-22 10:59:07.230 UTC [2403] odoo@production LOG:  statement: SELECT id, name FROM users WHERE active = true LIMIT 193
2026-04-22 10:59:10.641 UTC [2404] readonly@test_db LOG:  statement: SELECT id, name FROM users WHERE active = true LIMIT 76
2026-04-22 10:59:11.197 UTC [2401] app_user@production LOG:  statement: SELECT id, name FROM users WHERE active = true LIMIT 199
2026-04-22 10:59:13.643 UTC [2405] odoo@production LOG:  statement: SELECT id, name FROM users WHERE active = true LIMIT 90
2026-04-22 10:59:15.016 UTC [2404] readonly@production LOG:  statement: SELECT id, name FROM users WHERE active = true LIMIT 147
2026-04-22 10:59:16.425 UTC [2402] admin@test_db DEBUG:  query executed in cache
2026-04-22 10:59:16.961 UTC [2402] readonly@staging LOG:  statement: SELECT id, name FROM users WHERE active = true LIMIT 147
2026-04-22 10:59:20.403 UTC [2404] app_user@staging ERROR:  syntax error at or near "SELEC" at character 1
2026-04-22 10:59:20.403 UTC [2404] app_user@staging STATEMENT:  SELEC * FROM users;
2026-04-22 10:59:21.106 UTC [2402] admin@test_db LOG:  duration: 0.815 ms  statement: SELECT count(*) FROM orders WHERE created_at > now() - interval '1 day'
2026-04-22 10:59:22.471 UTC [2401] readonly@analytics LOG:  statement: SELECT id, name FROM users WHERE active = true LIMIT 186
2026-04-22 10:59:25.155 UTC [2401] app_user@test_db WARNING:  there is already a transaction in progress
2026-04-22 10:59:25.495 UTC [2404] app_user@test_db ERROR:  duplicate key value violates unique constraint "users_email_key"
2026-04-22 10:59:25.495 UTC [2404] app_user@test_db DETAIL:  Key (email)=(test@example.com) already exists.
2026-04-22 10:59:29.068 UTC [2403] odoo@staging DEBUG:  query executed in cache
2026-04-22 10:59:32.677 UTC [2402] postgres@staging LOG:  statement: SELECT id, name FROM users WHERE active = true LIMIT 110
2026-04-22 10:59:35.021 UTC [2403] odoo@production LOG:  statement: SELECT id, name FROM users WHERE active = true LIMIT 118
2026-04-22 10:59:36.722 UTC [2404] app_user@test_db LOG:  statement: SELECT id, name FROM users WHERE active = true LIMIT 196
2026-04-22 10:59:39.693 UTC [2403] app_user@staging WARNING:  there is already a transaction in progress
2026-04-22 10:59:41.117 UTC [2404] postgres@staging DEBUG:  query executed in cache
2026-04-22 10:59:43.091 UTC [2405] postgres@analytics LOG:  duration: 2.928 ms  statement: SELECT count(*) FROM orders WHERE created_at > now() - interval '1 day'
2026-04-22 10:59:46.866 UTC [2404] admin@analytics LOG:  statement: SELECT id, name FROM users WHERE active = true LIMIT 65
2026-04-22 10:59:49.939 UTC [2402] postgres@analytics WARNING:  there is already a transaction in progress
2026-04-22 10:59:53.931 UTC [2401] odoo@test_db ERROR:  duplicate key value violates unique constraint "users_email_key"
2026-04-22 10:59:53.931 UTC [2401] odoo@test_db DETAIL:  Key (email)=(test@example.com) already exists.
2026-04-22 10:59:55.487 UTC [2402] postgres@production ERROR:  duplicate key value violates unique constraint "users_email_key"
2026-04-22 10:59:55.487 UTC [2402] postgres@production DETAIL:  Key (email)=(test@example.com) already exists.
2026-04-22 10:59:57.698 UTC [2402] postgres@production LOG:  duration: 3.008 ms  statement: SELECT count(*) FROM orders WHERE created_at > now() - interval '1 day'
2026-04-22 10:59:57.937 UTC [2402] admin@staging LOG:  statement: SELECT id, name FROM users WHERE active = true LIMIT 111
2026-04-22 11:00:00.710 UTC [2404] app_user@staging DEBUG:  query executed in cache
2026-04-22 11:00:01.937 UTC [2401] admin@test_db LOG:  duration: 2.281 ms  statement: SELECT count(*) FROM orders WHERE created_at > now() - interval '1 day'
2026-04-22 11:00:02.375 UTC [2401] postgres@production LOG:  statement: SELECT id, name FROM users WHERE active = true LIMIT 174
2026-04-22 11:00:04.878 UTC [2405] odoo@production LOG:  duration: 2.906 ms  statement: SELECT count(*) FROM orders WHERE created_at > now() - interval '1 day'
2026-04-22 11:00:06.550 UTC [2403] postgres@staging LOG:  statement: SELECT id, name FROM users WHERE active = true LIMIT 175
2026-04-22 11:00:07.057 UTC [2404] app_user@staging LOG:  statement: SELECT id, name FROM users WHERE active = true LIMIT 192
2026-04-22 11:00:10.486 UTC [2405] odoo@test_db DEBUG:  query executed in cache
2026-04-22 11:00:10.847 UTC [2404] readonly@test_db LOG:  statement: SELECT id, name FROM users WHERE active = true LIMIT 159
2026-04-22 11:00:13.644 UTC [2405] postgres@staging WARNING:  there is already a transaction in progress
2026-04-22 11:00:13.765 UTC [2402] readonly@staging LOG:  duration: 4.023 ms  statement: SELECT count(*) FROM orders WHERE created_at > now() - interval '1 day'
2026-04-22 11:00:16.220 UTC [2401] postgres@staging LOG:  statement: SELECT id, name FROM users WHERE active = true LIMIT 51
2026-04-22 11:00:19.807 UTC [2401] readonly@analytics DEBUG:  query executed in cache
2026-04-22 11:00:21.396 UTC [2401] postgres@analytics ERROR:  duplicate key value violates unique constraint "users_email_key"
2026-04-22 11:00:21.396 UTC [2401] postgres@analytics DETAIL:  Key (email)=(test@example.com) already exists.
2026-04-22 11:00:22.513 UTC [2402] admin@production LOG:  statement: SELECT id, name FROM users WHERE active = true LIMIT 142
2026-04-22 11:00:23.185 UTC [2403] readonly@test_db LOG:  duration: 3.506 ms  statement: SELECT count(*) FROM orders WHERE created_at > now() - interval '1 day'
2026-04-22 11:00:26.102 UTC [2405] app_user@staging LOG:  statement: SELECT id, name FROM users WHERE active = true LIMIT 21
2026-04-22 11:00:26.782 UTC [2402] postgres@staging LOG:  statement: SELECT id, name FROM users WHERE active = true LIMIT 65
2026-04-22 11:00:29.305 UTC [2402] readonly@staging LOG:  statement: SELECT id, name FROM users WHERE active = true LIMIT 42
2026-04-22 11:00:31.657 UTC [2405] admin@production LOG:  statement: SELECT id, name FROM users WHERE active = true LIMIT 107
2026-04-22 11:00:32.098 UTC [2402] admin@test_db ERROR:  syntax error at or near "SELEC" at character 1
2026-04-22 11:00:32.098 UTC [2402] admin@test_db STATEMENT:  SELEC * FROM users;
2026-04-22 11:00:32.487 UTC [2404] odoo@staging LOG:  duration: 1.420 ms  statement: SELECT count(*) FROM orders WHERE created_at > now() - interval '1 day'
2026-04-22 11:00:34.306 UTC [2402] app_user@staging WARNING:  there is already a transaction in progress
2026-04-22 11:00:34.512 UTC [2403] admin@test_db ERROR:  duplicate key value violates unique constraint "users_email_key"
2026-04-22 11:00:34.512 UTC [2403] admin@test_db DETAIL:  Key (email)=(test@example.com) already exists.
2026-04-22 11:00:35.122 UTC [2402] postgres@analytics LOG:  statement: SELECT id, name FROM users WHERE active = true LIMIT 185
2026-04-22 11:00:36.571 UTC [2405] admin@production LOG:  duration: 1.878 ms  statement: SELECT count(*) FROM orders WHERE created_at > now() - interval '1 day'
2026-04-22 11:00:40.229 UTC [2403] app_user@staging DEBUG:  query executed in cache
2026-04-22 11:00:41.873 UTC [2403] postgres@production ERROR:  duplicate key value violates unique constraint "users_email_key"
2026-04-22 11:00:41.873 UTC [2403] postgres@production DETAIL:  Key (email)=(test@example.com) already exists.
2026-04-22 11:00:45.179 UTC [2402] admin@production ERROR:  syntax error at or near "SELEC" at character 1
2026-04-22 11:00:45.179 UTC [2402] admin@production STATEMENT:  SELEC * FROM users;
2026-04-22 11:00:47.690 UTC [2402] readonly@analytics WARNING:  there is already a transaction in progress
2026-04-22 11:00:50.659 UTC [2404] postgres@analytics LOG:  duration: 1.482 ms  statement: SELECT count(*) FROM orders WHERE created_at > now() - interval '1 day'
2026-04-22 11:00:54.431 UTC [2403] readonly@production LOG:  statement: SELECT id, name FROM users WHERE active = true LIMIT 91
2026-04-22 11:00:57.832 UTC [2404] odoo@analytics DEBUG:  query executed in cache
2026-04-22 11:00:59.885 UTC [2405] readonly@test_db LOG:  duration: 1.369 ms  statement: SELECT count(*) FROM orders WHERE created_at > now() - interval '1 day'
2026-04-22 11:01:00.569 UTC [2405] odoo@staging LOG:  statement: SELECT id, name FROM users WHERE active = true LIMIT 198
2026-04-22 11:01:03.566 UTC [2403] postgres@analytics DEBUG:  query executed in cache
2026-04-22 11:01:04.415 UTC [2405] admin@test_db LOG:  statement: SELECT id, name FROM users WHERE active = true LIMIT 100
2026-04-22 11:01:05.644 UTC [2404] readonly@analytics ERROR:  syntax error at or near "SELEC" at character 1
2026-04-22 11:01:05.644 UTC [2404] readonly@analytics STATEMENT:  SELEC * FROM users;
2026-04-22 11:01:08.347 UTC [2405] odoo@analytics WARNING:  there is already a transaction in progress
2026-04-22 11:01:11.909 UTC [2403] admin@analytics LOG:  statement: SELECT id, name FROM users WHERE active = true LIMIT 30
2026-04-22 11:01:12.685 UTC [2401] odoo@production LOG:  duration: 0.514 ms  statement: SELECT count(*) FROM orders WHERE created_at > now() - interval '1 day'
2026-04-22 11:01:16.095 UTC [2403] readonly@test_db WARNING:  there is already a transaction in progress
2026-04-22 11:01:18.159 UTC [2404] readonly@staging LOG:  statement: SELECT id, name FROM users WHERE active = true LIMIT 185
2026-04-22 11:01:18.315 UTC [2405] postgres@test_db LOG:  duration: 4.563 ms  statement: SELECT count(*) FROM orders WHERE created_at > now() - interval '1 day'
2026-04-22 11:01:19.415 UTC [2401] FATAL:  terminating connection due to administrator command
2026-04-22 11:01:22.002 UTC [2405] readonly@production LOG:  statement: SELECT id, name FROM users WHERE active = true LIMIT 53
2026-04-22 11:01:22.409 UTC [2405] odoo@staging LOG:  statement: SELECT id, name FROM users WHERE active = true LIMIT 44
2026-04-22 11:01:24.240 UTC [2405] app_user@production LOG:  statement: SELECT id, name FROM users WHERE active = true LIMIT 53
2026-04-22 11:01:28.083 UTC [2403] postgres@analytics LOG:  duration: 4.175 ms  statement: SELECT count(*) FROM orders WHERE created_at > now() - interval '1 day'
2026-04-22 11:01:30.161 UTC [2401] app_user@analytics LOG:  statement: SELECT id, name FROM users WHERE active = true LIMIT 64
2026-04-22 11:01:31.151 UTC [2401] readonly@test_db ERROR:  syntax error at or near "SELEC" at character 1
2026-04-22 11:01:31.151 UTC [2401] readonly@test_db STATEMENT:  SELEC * FROM users;
2026-04-22 11:01:34.906 UTC [2405] postgres@test_db LOG:  duration: 2.493 ms  statement: SELECT count(*) FROM orders WHERE created_at > now() - interval '1 day'
2026-04-22 11:01:36.351 UTC [2403] postgres@test_db LOG:  statement: SELECT id, name FROM users WHERE active = true LIMIT 37
2026-04-22 11:01:38.097 UTC [2401] app_user@staging LOG:  statement: SELECT id, name FROM users WHERE active = true LIMIT 35
2026-04-22 11:01:38.544 UTC [2404] admin@staging LOG:  statement: SELECT id, name FROM users WHERE active = true LIMIT 49
2026-04-22 11:01:38.672 UTC [2404] postgres@test_db LOG:  statement: SELECT id, name FROM users WHERE active = true LIMIT 178
2026-04-22 11:01:40.391 UTC [2403] odoo@test_db LOG:  statement: SELECT id, name FROM users WHERE active = true LIMIT 103
2026-04-22 11:01:40.936 UTC [2404] odoo@analytics ERROR:  duplicate key value violates unique constraint "users_email_key"
2026-04-22 11:01:40.936 UTC [2404] odoo@analytics DETAIL:  Key (email)=(test@example.com) already exists.
2026-04-22 11:01:42.484 UTC [2404] odoo@staging DEBUG:  query executed in cache
2026-04-22 11:01:43.037 UTC [2401] app_user@staging LOG:  statement: SELECT id, name FROM users WHERE active = true LIMIT 20
2026-04-22 11:01:46.184 UTC [2402] admin@test_db LOG:  statement: SELECT id, name FROM users WHERE active = true LIMIT 18
2026-04-22 11:01:49.008 UTC [2402] odoo@test_db ERROR:  duplicate key value violates unique constraint "users_email_key"
2026-04-22 11:01:49.008 UTC [2402] odoo@test_db DETAIL:  Key (email)=(test@example.com) already exists.
2026-04-22 11:01:51.361 UTC [2401] admin@test_db LOG:  statement: SELECT id, name FROM users WHERE active = true LIMIT 184
2026-04-22 11:01:53.516 UTC [2402] app_user@test_db DEBUG:  query executed in cache
2026-04-22 11:01:54.057 UTC [2404] odoo@production DEBUG:  query executed in cache
2026-04-22 11:01:56.205 UTC [2402] odoo@analytics LOG:  statement: SELECT id, name FROM users WHERE active = true LIMIT 185
2026-04-22 11:01:58.064 UTC [2402] postgres@analytics ERROR:  duplicate key value violates unique constraint "users_email_key"
2026-04-22 11:01:58.064 UTC [2402] postgres@analytics DETAIL:  Key (email)=(test@example.com) already exists.
2026-04-22 11:01:59.349 UTC [2401] admin@test_db LOG:  statement: SELECT id, name FROM users WHERE active = true LIMIT 31
2026-04-22 11:02:02.436 UTC [2404] odoo@staging LOG:  statement: SELECT id, name FROM users WHERE active = true LIMIT 73
2026-04-22 11:02:05.407 UTC [2403] postgres@analytics LOG:  statement: SELECT id, name FROM users WHERE active = true LIMIT 119
2026-04-22 11:02:08.378 UTC [2402] admin@production DEBUG:  query executed in cache
2026-04-22 11:02:11.979 UTC [2405] odoo@staging LOG:  duration: 3.209 ms  statement: SELECT count(*) FROM orders WHERE created_at > now() - interval '1 day'
2026-04-22 11:02:13.722 UTC [2402] postgres@staging LOG:  statement: SELECT id, name FROM users WHERE active = true LIMIT 59
2026-04-22 11:02:16.347 UTC [2402] admin@production LOG:  statement: SELECT id, name FROM users WHERE active = true LIMIT 23
2026-04-22 11:02:19.314 UTC [2404] admin@analytics LOG:  duration: 1.234 ms  statement: SELECT count(*) FROM orders WHERE created_at > now() - interval '1 day'
2026-04-22 11:02:19.665 UTC [2403] admin@test_db LOG:  statement: SELECT id, name FROM users WHERE active = true LIMIT 174
2026-04-22 11:02:20.867 UTC [2401] app_user@production LOG:  statement: SELECT id, name FROM users WHERE active = true LIMIT 99
2026-04-22 11:02:24.633 UTC [2404] odoo@analytics LOG:  statement: SELECT id, name FROM users WHERE active = true LIMIT 20
2026-04-22 11:02:25.601 UTC [2401] postgres@analytics LOG:  statement: SELECT id, name FROM users WHERE active = true LIMIT 81
2026-04-22 11:02:26.458 UTC [2405] postgres@test_db LOG:  statement: SELECT id, name FROM users WHERE active = true LIMIT 135
2026-04-22 11:02:27.014 UTC [2403] app_user@analytics LOG:  statement: SELECT id, name FROM users WHERE active = true LIMIT 13
2026-04-22 11:02:28.590 UTC [2405] odoo@analytics DEBUG:  query executed in cache
2026-04-22 11:02:29.665 UTC [2403] readonly@analytics LOG:  duration: 1.129 ms  statement: SELECT count(*) FROM orders WHERE created_at > now() - interval '1 day'
2026-04-22 11:02:30.299 UTC [2404] postgres@production LOG:  duration: 3.049 ms  statement: SELECT count(*) FROM orders WHERE created_at > now() - interval '1 day'
2026-04-22 11:02:31.189 UTC [2401] readonly@staging DEBUG:  query executed in cache
2026-04-22 11:02:32.523 UTC [2401] postgres@analytics DEBUG:  query executed in cache
2026-04-22 11:02:32.802 UTC [2402] readonly@staging LOG:  statement: SELECT id, name FROM users WHERE active = true LIMIT 117
2026-04-22 11:02:36.567 UTC [2405] app_user@analytics LOG:  statement: SELECT id, name FROM users WHERE active = true LIMIT 171
2026-04-22 11:02:38.644 UTC [2401] admin@production LOG:  statement: SELECT id, name FROM users WHERE active = true LIMIT 138
2026-04-22 11:02:41.597 UTC [2401] odoo@analytics ERROR:  duplicate key value violates unique constraint "users_email_key"
2026-04-22 11:02:41.597 UTC [2401] odoo@analytics DETAIL:  Key (email)=(test@example.com) already exists.
2026-04-22 11:02:44.950 UTC [2403] postgres@production ERROR:  duplicate key value violates unique constraint "users_email_key"
2026-04-22 11:02:44.950 UTC [2403] postgres@production DETAIL:  Key (email)=(test@example.com) already exists.
2026-04-22 11:02:47.854 UTC [2402] admin@test_db LOG:  statement: SELECT id, name FROM users WHERE active = true LIMIT 141
2026-04-22 11:02:51.028 UTC [2401] odoo@test_db LOG:  statement: SELECT id, name FROM users WHERE active = true LIMIT 153
2026-04-22 11:02:51.975 UTC [2404] admin@analytics LOG:  statement: SELECT id, name FROM users WHERE active = true LIMIT 50
2026-04-22 11:02:55.676 UTC [2405] odoo@production ERROR:  syntax error at or near "SELEC" at character 1
2026-04-22 11:02:55.676 UTC [2405] odoo@production STATEMENT:  SELEC * FROM users;
2026-04-22 11:02:57.018 UTC [2405] admin@analytics WARNING:  there is already a transaction in progress
2026-04-22 11:02:57.818 UTC [2403] app_user@production LOG:  statement: SELECT id, name FROM users WHERE active = true LIMIT 146
2026-04-22 11:03:00.537 UTC [2402] app_user@production LOG:  statement: SELECT id, name FROM users WHERE active = true LIMIT 81
2026-04-22 11:03:03.268 UTC [2402] app_user@production ERROR:  duplicate key value violates unique constraint "users_email_key"
2026-04-22 11:03:03.268 UTC [2402] app_user@production DETAIL:  Key (email)=(test@example.com) already exists.
2026-04-22 11:03:03.373 UTC [2402] readonly@production LOG:  duration: 3.200 ms  statement: SELECT count(*) FROM orders WHERE created_at > now() - interval '1 day'
2026-04-22 11:03:07.349 UTC [2403] app_user@production DEBUG:  query executed in cache
2026-04-22 11:03:09.121 UTC [2405] app_user@staging WARNING:  there is already a transaction in progress
2026-04-22 11:03:11.784 UTC [2403] app_user@production WARNING:  there is already a transaction in progress
2026-04-22 11:03:12.607 UTC [2403] odoo@analytics LOG:  statement: SELECT id, name FROM users WHERE active = true LIMIT 14
2026-04-22 11:03:15.666 UTC [2405] readonly@production DEBUG:  query executed in cache
2026-04-22 11:03:19.111 UTC [2404] app_user@staging LOG:  statement: SELECT id, name FROM users WHERE active = true LIMIT 93
2026-04-22 11:03:19.848 UTC [2403] odoo@test_db LOG:  statement: SELECT id, name FROM users WHERE active = true LIMIT 196
2026-04-22 11:03:23.643 UTC [2404] app_user@staging LOG:  statement: SELECT id, name FROM users WHERE active = true LIMIT 136
2026-04-22 11:03:27.083 UTC [2402] admin@staging WARNING:  there is already a transaction in progress
2026-04-22 11:03:31.046 UTC [2402] readonly@test_db DEBUG:  query executed in cache
2026-04-22 11:03:31.813 UTC [2403] postgres@analytics WARNING:  there is already a transaction in progress
2026-04-22 11:03:32.197 UTC [2404] readonly@staging LOG:  statement: SELECT id, name FROM users WHERE active = true LIMIT 119
2026-04-22 11:03:32.707 UTC [2402] admin@test_db DEBUG:  query executed in cache
2026-04-22 11:03:34.354 UTC [2402] postgres@production LOG:  statement: SELECT id, name FROM users WHERE active = true LIMIT 38
2026-04-22 11:03:35.471 UTC [2401] postgres@staging DEBUG:  query executed in cache
2026-04-22 11:03:38.816 UTC [2403] odoo@production ERROR:  duplicate key value violates unique constraint "users_email_key"
2026-04-22 11:03:38.816 UTC [2403] odoo@production DETAIL:  Key (email)=(test@example.com) already exists.
2026-04-22 11:03:42.408 UTC [2401] readonly@analytics DEBUG:  query executed in cache
2026-04-22 11:03:45.619 UTC [2402] odoo@test_db LOG:  duration: 2.277 ms  statement: SELECT count(*) FROM orders WHERE created_at > now() - interval '1 day'
2026-04-22 11:03:47.680 UTC [2402] app_user@analytics LOG:  statement: SELECT id, name FROM users WHERE active = true LIMIT 24
2026-04-22 11:03:47.866 UTC [2405] app_user@production WARNING:  there is already a transaction in progress
2026-04-22 11:03:48.386 UTC [2401] readonly@analytics LOG:  statement: SELECT id, name FROM users WHERE active = true LIMIT 116
2026-04-22 11:03:48.584 UTC [2402] postgres@staging LOG:  statement: SELECT id, name FROM users WHERE active = true LIMIT 108
2026-04-22 11:03:49.609 UTC [2402] app_user@analytics ERROR:  syntax error at or near "SELEC" at character 1
2026-04-22 11:03:49.609 UTC [2402] app_user@analytics STATEMENT:  SELEC * FROM users;
2026-04-22 11:03:50.403 UTC [2404] FATAL:  terminating connection due to administrator command
2026-04-22 11:03:51.966 UTC [2402] postgres@analytics LOG:  statement: SELECT id, name FROM users WHERE active = true LIMIT 95
2026-04-22 11:03:55.734 UTC [2401] app_user@production LOG:  statement: SELECT id, name FROM users WHERE active = true LIMIT 48
2026-04-22 11:03:58.290 UTC [2402] admin@analytics LOG:  statement: SELECT id, name FROM users WHERE active = true LIMIT 118
2026-04-22 11:03:59.816 UTC [2402] app_user@analytics WARNING:  there is already a transaction in progress
2026-04-22 11:04:03.737 UTC [2403] admin@analytics LOG:  statement: SELECT id, name FROM users WHERE active = true LIMIT 192
2026-04-22 11:04:07.022 UTC [2401] postgres@staging LOG:  duration: 1.669 ms  statement: SELECT count(*) FROM orders WHERE created_at > now() - interval '1 day'
2026-04-22 11:04:10.458 UTC [2404] admin@test_db LOG:  statement: SELECT id, name FROM users WHERE active = true LIMIT 157
2026-04-22 11:04:10.928 UTC [2404] app_user@staging LOG:  statement: SELECT id, name FROM users WHERE active = true LIMIT 42
2026-04-22 11:04:12.335 UTC [2402] admin@analytics LOG:  statement: SELECT id, name FROM users WHERE active = true LIMIT 133
2026-04-22 11:04:13.001 UTC [2404] readonly@analytics WARNING:  there is already a transaction in progress
2026-04-22 11:04:15.351 UTC [2402] admin@test_db LOG:  statement: SELECT id, name FROM users WHERE active = true LIMIT 146
2026-04-22 11:04:17.026 UTC [2404] readonly@staging LOG:  statement: SELECT id, name FROM users WHERE active = true LIMIT 193
2026-04-22 11:04:20.005 UTC [2404] readonly@staging LOG:  statement: SELECT id, name FROM users WHERE active = true LIMIT 102
2026-04-22 11:04:21.589 UTC [2401] odoo@production LOG:  duration: 4.792 ms  statement: SELECT count(*) FROM orders WHERE created_at > now() - interval '1 day'
2026-04-22 11:04:23.167 UTC [2401] postgres@analytics WARNING:  there is already a transaction in progress
2026-04-22 11:04:23.857 UTC [2402] app_user@test_db WARNING:  there is already a transaction in progress
2026-04-22 11:04:24.820 UTC [2405] admin@staging WARNING:  there is already a transaction in progress
2026-04-22 11:04:27.769 UTC [2401] odoo@production DEBUG:  query executed in cache
2026-04-22 11:04:29.391 UTC [2404] postgres@test_db LOG:  statement: SELECT id, name FROM users WHERE active = true LIMIT 37
2026-04-22 11:04:32.921 UTC [2405] postgres@test_db LOG:  duration: 0.875 ms  statement: SELECT count(*) FROM orders WHERE created_at > now() - interval '1 day'
2026-04-22 11:04:33.344 UTC [2402] app_user@staging LOG:  statement: SELECT id, name FROM users WHERE active = true LIMIT 13
2026-04-22 11:04:36.579 UTC [2405] admin@staging LOG:  statement: SELECT id, name FROM users WHERE active = true LIMIT 200
2026-04-22 11:04:38.604 UTC [2402] readonly@analytics LOG:  statement: SELECT id, name FROM users WHERE active = true LIMIT 96
2026-04-22 11:04:39.159 UTC [2404] postgres@analytics LOG:  statement: SELECT id, name FROM users WHERE active = true LIMIT 174
2026-04-22 11:04:41.320 UTC [2401] readonly@staging LOG:  statement: SELECT id, name FROM users WHERE active = true LIMIT 111
2026-04-22 11:04:45.184 UTC [2404] admin@analytics LOG:  duration: 1.600 ms  statement: SELECT count(*) FROM orders WHERE created_at > now() - interval '1 day'
2026-04-22 11:04:46.397 UTC [2402] admin@staging ERROR:  duplicate key value violates unique constraint "users_email_key"
2026-04-22 11:04:46.397 UTC [2402] admin@staging DETAIL:  Key (email)=(test@example.com) already exists.
2026-04-22 11:04:49.540 UTC [2405] admin@staging LOG:  statement: SELECT id, name FROM users WHERE active = true LIMIT 168
2026-04-22 11:04:50.392 UTC [2401] odoo@test_db WARNING:  there is already a transaction in progress
2026-04-22 11:04:53.836 UTC [2405] readonly@production LOG:  duration: 2.439 ms  statement: SELECT count(*) FROM orders WHERE created_at > now() - interval '1 day'
2026-04-22 11:04:54.159 UTC [2404] admin@staging WARNING:  there is already a transaction in progress
2026-04-22 11:04:54.703 UTC [2404] odoo@analytics LOG:  statement: SELECT id, name FROM users WHERE active = true LIMIT 102
2026-04-22 11:04:55.784 UTC [2405] app_user@production LOG:  statement: SELECT id, name FROM users WHERE active = true LIMIT 148
2026-04-22 11:04:58.329 UTC [2401] postgres@staging LOG:  statement: SELECT id, name FROM users WHERE active = true LIMIT 89
2026-04-22 11:05:01.043 UTC [2402] readonly@staging ERROR:  syntax error at or near "SELEC" at character 1
2026-04-22 11:05:01.043 UTC [2402] readonly@staging STATEMENT:  SELEC * FROM users;
2026-04-22 11:05:03.478 UTC [2402] app_user@production LOG:  duration: 2.862 ms  statement: SELECT count(*) FROM orders WHERE created_at > now() - interval '1 day'
2026-04-22 11:05:04.866 UTC [2404] postgres@production LOG:  statement: SELECT id, name FROM users WHERE active = true LIMIT 89
2026-04-22 11:05:06.596 UTC [2401] app_user@analytics LOG:  statement: SELECT id, name FROM users WHERE active = true LIMIT 90
2026-04-22 11:05:09.574 UTC [2404] app_user@staging LOG:  duration: 1.723 ms  statement: SELECT count(*) FROM orders WHERE created_at > now() - interval '1 day'
2026-04-22 11:05:09.771 UTC [2405] postgres@staging LOG:  duration: 1.972 ms  statement: SELECT count(*) FROM orders WHERE created_at > now() - interval '1 day'
2026-04-22 11:05:10.531 UTC [2405] postgres@analytics LOG:  statement: SELECT id, name FROM users WHERE active = true LIMIT 128
2026-04-22 11:05:14.253 UTC [2401] postgres@staging LOG:  statement: SELECT id, name FROM users WHERE active = true LIMIT 184
2026-04-22 11:05:16.185 UTC [2402] odoo@analytics DEBUG:  query executed in cache
2026-04-22 11:05:18.838 UTC [2403] app_user@analytics WARNING:  there is already a transaction in progress
2026-04-22 11:05:19.917 UTC [2404] postgres@test_db LOG:  statement: SELECT id, name FROM users WHERE active = true LIMIT 166
2026-04-22 11:05:22.339 UTC [2405] postgres@staging LOG:  duration: 2.538 ms  statement: SELECT count(*) FROM orders WHERE created_at > now() - interval '1 day'
2026-04-22 11:05:24.680 UTC [2401] odoo@analytics WARNING:  there is already a transaction in progress
2026-04-22 11:05:26.642 UTC [2401] admin@production LOG:  statement: SELECT id, name FROM users WHERE active = true LIMIT 85
2026-04-22 11:05:29.103 UTC [2402] postgres@analytics LOG:  statement: SELECT id, name FROM users WHERE active = true LIMIT 32
2026-04-22 11:05:30.259 UTC [2401] odoo@test_db ERROR:  duplicate key value violates unique constraint "users_email_key"
2026-04-22 11:05:30.259 UTC [2401] odoo@test_db DETAIL:  Key (email)=(test@example.com) already exists.
2026-04-22 11:05:34.208 UTC [2403] admin@staging LOG:  statement: SELECT id, name FROM users WHERE active = true LIMIT 155
2026-04-22 11:05:37.826 UTC [2404] postgres@analytics LOG:  statement: SELECT id, name FROM users WHERE active = true LIMIT 114
2026-04-22 11:05:39.428 UTC [2405] odoo@test_db LOG:  statement: SELECT id, name FROM users WHERE active = true LIMIT 169
2026-04-22 11:05:42.322 UTC [2403] app_user@production LOG:  statement: SELECT id, name FROM users WHERE active = true LIMIT 125
2026-04-22 11:05:45.457 UTC [2403] postgres@production DEBUG:  query executed in cache
2026-04-22 11:05:49.051 UTC [2405] postgres@staging LOG:  statement: SELECT id, name FROM users WHERE active = true LIMIT 106
2026-04-22 11:05:52.648 UTC [2402] readonly@test_db LOG:  statement: SELECT id, name FROM users WHERE active = true LIMIT 109
2026-04-22 11:05:54.656 UTC [2404] postgres@analytics LOG:  statement: SELECT id, name FROM users WHERE active = true LIMIT 146
2026-04-22 11:05:55.494 UTC [2404] postgres@production DEBUG:  query executed in cache
2026-04-22 11:05:57.238 UTC [2404] admin@staging LOG:  statement: SELECT id, name FROM users WHERE active = true LIMIT 91
2026-04-22 11:05:58.208 UTC [2403] readonly@test_db DEBUG:  query executed in cache
2026-04-22 11:06:00.169 UTC [2404] postgres@analytics LOG:  statement: SELECT id, name FROM users WHERE active = true LIMIT 49
2026-04-22 11:06:01.580 UTC [2404] odoo@staging LOG:  duration: 4.940 ms  statement: SELECT count(*) FROM orders WHERE created_at > now() - interval '1 day'
2026-04-22 11:06:04.914 UTC [2404] postgres@analytics LOG:  statement: SELECT id, name FROM users WHERE active = true LIMIT 131
2026-04-22 11:06:08.569 UTC [2402] postgres@staging LOG:  statement: SELECT id, name FROM users WHERE active = true LIMIT 185
2026-04-22 11:06:11.272 UTC [2404] app_user@analytics LOG:  statement: SELECT id, name FROM users WHERE active = true LIMIT 46
2026-04-22 11:06:11.706 UTC [2401] app_user@test_db LOG:  statement: SELECT id, name FROM users WHERE active = true LIMIT 192
2026-04-22 11:06:14.548 UTC [2404] admin@staging WARNING:  there is already a transaction in progress
2026-04-22 11:06:18.313 UTC [2402] postgres@production ERROR:  syntax error at or near "SELEC" at character 1
2026-04-22 11:06:18.313 UTC [2402] postgres@production STATEMENT:  SELEC * FROM users;
2026-04-22 11:06:19.226 UTC [2403] app_user@staging LOG:  statement: SELECT id, name FROM users WHERE active = true LIMIT 117
2026-04-22 11:06:22.179 UTC [2404] admin@staging LOG:  statement: SELECT id, name FROM users WHERE active = true LIMIT 187
2026-04-22 11:06:24.576 UTC [2405] admin@production DEBUG:  query executed in cache
2026-04-22 11:06:27.636 UTC [2405] odoo@production LOG:  duration: 3.121 ms  statement: SELECT count(*) FROM orders WHERE created_at > now() - interval '1 day'
2026-04-22 11:06:28.352 UTC [2403] app_user@production WARNING:  there is already a transaction in progress
2026-04-22 11:06:28.917 UTC [2402] admin@analytics DEBUG:  query executed in cache
2026-04-22 11:06:30.862 UTC [2404] app_user@production ERROR:  syntax error at or near "SELEC" at character 1
2026-04-22 11:06:30.862 UTC [2404] app_user@production STATEMENT:  SELEC * FROM users;
2026-04-22 11:06:31.111 UTC [2402] admin@production LOG:  statement: SELECT id, name FROM users WHERE active = true LIMIT 58
2026-04-22 11:06:33.672 UTC [2404] readonly@staging LOG:  statement: SELECT id, name FROM users WHERE active = true LIMIT 99
2026-04-22 11:06:35.288 UTC [2402] odoo@production WARNING:  there is already a transaction in progress
2026-04-22 11:06:37.444 UTC [2401] app_user@analytics WARNING:  there is already a transaction in progress
2026-04-22 11:06:39.239 UTC [2401] admin@test_db LOG:  statement: SELECT id, name FROM users WHERE active = true LIMIT 100
2026-04-22 11:06:39.803 UTC [2405] admin@analytics ERROR:  syntax error at or near "SELEC" at character 1
2026-04-22 11:06:39.803 UTC [2405] admin@analytics STATEMENT:  SELEC * FROM users;
2026-04-22 11:06:40.627 UTC [2404] admin@analytics LOG:  duration: 0.897 ms  statement: SELECT count(*) FROM orders WHERE created_at > now() - interval '1 day'
2026-04-22 11:06:44.188 UTC [2404] admin@analytics LOG:  duration: 3.433 ms  statement: SELECT count(*) FROM orders WHERE created_at > now() - interval '1 day'
2026-04-22 11:06:44.646 UTC [2403] readonly@production WARNING:  there is already a transaction in progress
2026-04-22 11:06:47.270 UTC [2401] postgres@production ERROR:  syntax error at or near "SELEC" at character 1
2026-04-22 11:06:47.270 UTC [2401] postgres@production STATEMENT:  SELEC * FROM users;
2026-04-22 11:06:49.964 UTC [2401] admin@production LOG:  statement: SELECT id, name FROM users WHERE active = true LIMIT 158
2026-04-22 11:06:50.931 UTC [2401] app_user@test_db LOG:  statement: SELECT id, name FROM users WHERE active = true LIMIT 126
2026-04-22 11:06:51.832 UTC [2405] admin@production WARNING:  there is already a transaction in progress
2026-04-22 11:06:53.623 UTC [2401] app_user@test_db ERROR:  syntax error at or near "SELEC" at character 1
2026-04-22 11:06:53.623 UTC [2401] app_user@test_db STATEMENT:  SELEC * FROM users;
2026-04-22 11:06:56.926 UTC [2404] postgres@analytics LOG:  statement: SELECT id, name FROM users WHERE active = true LIMIT 82
2026-04-22 11:07:00.460 UTC [2403] app_user@analytics ERROR:  syntax error at or near "SELEC" at character 1
2026-04-22 11:07:00.460 UTC [2403] app_user@analytics STATEMENT:  SELEC * FROM users;
2026-04-22 11:07:04.247 UTC [2404] odoo@production ERROR:  syntax error at or near "SELEC" at character 1
2026-04-22 11:07:04.247 UTC [2404] odoo@production STATEMENT:  SELEC * FROM users;
2026-04-22 11:07:04.975 UTC [2401] postgres@production DEBUG:  query executed in cache
2026-04-22 11:07:06.447 UTC [2405] readonly@analytics LOG:  statement: SELECT id, name FROM users WHERE active = true LIMIT 156
2026-04-22 11:07:07.336 UTC [2404] odoo@test_db LOG:  duration: 2.027 ms  statement: SELECT count(*) FROM orders WHERE created_at > now() - interval '1 day'
2026-04-22 11:07:07.963 UTC [2401] readonly@test_db ERROR:  syntax error at or near "SELEC" at character 1
2026-04-22 11:07:07.963 UTC [2401] readonly@test_db STATEMENT:  SELEC * FROM users;
2026-04-22 11:07:11.766 UTC [2404] odoo@test_db LOG:  statement: SELECT id, name FROM users WHERE active = true LIMIT 50
2026-04-22 11:07:14.774 UTC [2404] odoo@production WARNING:  there is already a transaction in progress
2026-04-22 11:07:18.327 UTC [2405] postgres@test_db DEBUG:  query executed in cache
2026-04-22 11:07:22.312 UTC [2403] readonly@staging LOG:  statement: SELECT id, name FROM users WHERE active = true LIMIT 33
2026-04-22 11:07:22.459 UTC [2401] postgres@test_db LOG:  duration: 3.007 ms  statement: SELECT count(*) FROM orders WHERE created_at > now() - interval '1 day'
2026-04-22 11:07:24.901 UTC [2401] readonly@production LOG:  statement: SELECT id, name FROM users WHERE active = true LIMIT 200
2026-04-22 11:07:25.765 UTC [2402] admin@analytics LOG:  statement: SELECT id, name FROM users WHERE active = true LIMIT 66
2026-04-22 11:07:28.839 UTC [2403] odoo@staging DEBUG:  query executed in cache
2026-04-22 11:07:30.065 UTC [2404] app_user@production LOG:  statement: SELECT id, name FROM users WHERE active = true LIMIT 46
2026-04-22 11:07:30.619 UTC [2401] readonly@production LOG:  statement: SELECT id, name FROM users WHERE active = true LIMIT 162
2026-04-22 11:07:31.875 UTC [2401] postgres@staging LOG:  statement: SELECT id, name FROM users WHERE active = true LIMIT 56
2026-04-22 11:07:35.434 UTC [2401] postgres@test_db LOG:  statement: SELECT id, name FROM users WHERE active = true LIMIT 63
2026-04-22 11:07:38.792 UTC [2404] postgres@test_db LOG:  statement: SELECT id, name FROM users WHERE active = true LIMIT 28
2026-04-22 11:07:41.707 UTC [2404] postgres@staging LOG:  statement: SELECT id, name FROM users WHERE active = true LIMIT 90
2026-04-22 11:07:43.030 UTC [2404] odoo@staging LOG:  statement: SELECT id, name FROM users WHERE active = true LIMIT 55
2026-04-22 11:07:43.610 UTC [2405] readonly@production ERROR:  duplicate key value violates unique constraint "users_email_key"
2026-04-22 11:07:43.610 UTC [2405] readonly@production DETAIL:  Key (email)=(test@example.com) already exists.
2026-04-22 11:07:44.358 UTC [2403] admin@production LOG:  statement: SELECT id, name FROM users WHERE active = true LIMIT 75
2026-04-22 11:07:46.653 UTC [2401] odoo@production LOG:  statement: SELECT id, name FROM users WHERE active = true LIMIT 141
2026-04-22 11:07:47.223 UTC [2402] odoo@analytics WARNING:  there is already a transaction in progress
2026-04-22 11:07:48.223 UTC [2401] app_user@staging LOG:  statement: SELECT id, name FROM users WHERE active = true LIMIT 187
2026-04-22 11:07:50.295 UTC [2402] app_user@analytics LOG:  statement: SELECT id, name FROM users WHERE active = true LIMIT 33
2026-04-22 11:07:52.308 UTC [2403] readonly@analytics DEBUG:  query executed in cache
2026-04-22 11:07:56.185 UTC [2404] admin@test_db LOG:  statement: SELECT id, name FROM users WHERE active = true LIMIT 54
2026-04-22 11:07:56.706 UTC [2402] app_user@test_db LOG:  duration: 3.856 ms  statement: SELECT count(*) FROM orders WHERE created_at > now() - interval '1 day'
2026-04-22 11:07:59.763 UTC [2403] odoo@staging LOG:  statement: SELECT id, name FROM users WHERE active = true LIMIT 124
2026-04-22 11:08:03.204 UTC [2404] readonly@analytics LOG:  statement: SELECT id, name FROM users WHERE active = true LIMIT 37
2026-04-22 11:08:04.122 UTC [2405] admin@test_db LOG:  duration: 1.932 ms  statement: SELECT count(*) FROM orders WHERE created_at > now() - interval '1 day'
2026-04-22 11:08:07.865 UTC [2401] admin@staging LOG:  statement: SELECT id, name FROM users WHERE active = true LIMIT 140
2026-04-22 11:08:09.167 UTC [2403] readonly@test_db LOG:  duration: 4.399 ms  statement: SELECT count(*) FROM orders WHERE created_at > now() - interval '1 day'
2026-04-22 11:08:09.389 UTC [2405] app_user@test_db LOG:  statement: SELECT id, name FROM users WHERE active = true LIMIT 92
2026-04-22 11:08:10.493 UTC [2404] odoo@analytics LOG:  statement: SELECT id, name FROM users WHERE active = true LIMIT 178
2026-04-22 11:08:13.785 UTC [2403] app_user@staging LOG:  statement: SELECT id, name FROM users WHERE active = true LIMIT 12
2026-04-22 11:08:14.760 UTC [2403] postgres@analytics LOG:  statement: SELECT id, name FROM users WHERE active = true LIMIT 92
2026-04-22 11:08:16.439 UTC [2402] readonly@production LOG:  statement: SELECT id, name FROM users WHERE active = true LIMIT 64
2026-04-22 11:08:18.836 UTC [2405] odoo@production LOG:  statement: SELECT id, name FROM users WHERE active = true LIMIT 165
2026-04-22 11:08:21.730 UTC [2401] readonly@test_db DEBUG:  query executed in cache
2026-04-22 11:08:22.637 UTC [2403] app_user@staging LOG:  statement: SELECT id, name FROM users WHERE active = true LIMIT 136
2026-04-22 11:08:24.462 UTC [2404] postgres@analytics LOG:  statement: SELECT id, name FROM users WHERE active = true LIMIT 125
2026-04-22 11:08:26.983 UTC [2402] readonly@analytics LOG:  statement: SELECT id, name FROM users WHERE active = true LIMIT 157
2026-04-22 11:08:29.719 UTC [2401] app_user@production DEBUG:  query executed in cache
2026-04-22 11:08:30.983 UTC [2405] postgres@test_db LOG:  statement: SELECT id, name FROM users WHERE active = true LIMIT 113
2026-04-22 11:08:32.464 UTC [2401] readonly@production LOG:  duration: 0.440 ms  statement: SELECT count(*) FROM orders WHERE created_at > now() - interval '1 day'
2026-04-22 11:08:33.689 UTC [2401] admin@analytics LOG:  statement: SELECT id, name FROM users WHERE active = true LIMIT 98
2026-04-22 11:08:35.811 UTC [2404] postgres@analytics LOG:  duration: 2.027 ms  statement: SELECT count(*) FROM orders WHERE created_at > now() - interval '1 day'
2026-04-22 11:08:39.364 UTC [2404] admin@production LOG:  statement: SELECT id, name FROM users WHERE active = true LIMIT 168
2026-04-22 11:08:39.659 UTC [2401] postgres@staging WARNING:  there is already a transaction in progress
2026-04-22 11:08:43.287 UTC [2402] postgres@analytics LOG:  duration: 2.235 ms  statement: SELECT count(*) FROM orders WHERE created_at > now() - interval '1 day'
2026-04-22 11:08:46.352 UTC [2402] postgres@staging ERROR:  syntax error at or near "SELEC" at character 1
2026-04-22 11:08:46.352 UTC [2402] postgres@staging STATEMENT:  SELEC * FROM users;
2026-04-22 11:08:50.278 UTC [2403] readonly@production LOG:  duration: 0.357 ms  statement: SELECT count(*) FROM orders WHERE created_at > now() - interval '1 day'
2026-04-22 11:08:54.257 UTC [2401] postgres@production LOG:  statement: SELECT id, name FROM users WHERE active = true LIMIT 77
2026-04-22 11:08:55.462 UTC [2403] readonly@test_db LOG:  duration: 4.632 ms  statement: SELECT count(*) FROM orders WHERE created_at > now() - interval '1 day'
2026-04-22 11:08:56.079 UTC [2405] admin@production LOG:  statement: SELECT id, name FROM users WHERE active = true LIMIT 47
2026-04-22 11:08:58.916 UTC [2405] admin@test_db LOG:  statement: SELECT id, name FROM users WHERE active = true LIMIT 145
2026-04-22 11:09:01.724 UTC [2402] readonly@test_db LOG:  statement: SELECT id, name FROM users WHERE active = true LIMIT 81
2026-04-22 11:09:02.200 UTC [2403] admin@staging LOG:  statement: SELECT id, name FROM users WHERE active = true LIMIT 85
2026-04-22 11:09:05.001 UTC [2401] app_user@staging LOG:  duration: 4.294 ms  statement: SELECT count(*) FROM orders WHERE created_at > now() - interval '1 day'
2026-04-22 11:09:05.347 UTC [2401] postgres@test_db LOG:  statement: SELECT id, name FROM users WHERE active = true LIMIT 181
2026-04-22 11:09:06.216 UTC [2402] admin@test_db LOG:  statement: SELECT id, name FROM users WHERE active = true LIMIT 97
2026-04-22 11:09:09.430 UTC [2402] readonly@analytics ERROR:  syntax error at or near "SELEC" at character 1
2026-04-22 11:09:09.430 UTC [2402] readonly@analytics STATEMENT:  SELEC * FROM users;
2026-04-22 11:09:13.274 UTC [2404] odoo@production LOG:  statement: SELECT id, name FROM users WHERE active = true LIMIT 103
2026-04-22 11:09:16.568 UTC [2404] admin@staging LOG:  statement: SELECT id, name FROM users WHERE active = true LIMIT 27
2026-04-22 11:09:19.478 UTC [2403] admin@staging LOG:  statement: SELECT id, name FROM users WHERE active = true LIMIT 157
2026-04-22 11:09:23.166 UTC [2401] odoo@test_db LOG:  statement: SELECT id, name FROM users WHERE active = true LIMIT 38
2026-04-22 11:09:24.032 UTC [2402] postgres@test_db LOG:  statement: SELECT id, name FROM users WHERE active = true LIMIT 131
2026-04-22 11:09:25.219 UTC [2405] admin@analytics LOG:  statement: SELECT id, name FROM users WHERE active = true LIMIT 150
2026-04-22 11:09:26.187 UTC [2401] app_user@test_db LOG:  statement: SELECT id, name FROM users WHERE active = true LIMIT 138
2026-04-22 11:09:26.504 UTC [2404] readonly@analytics LOG:  statement: SELECT id, name FROM users WHERE active = true LIMIT 104
2026-04-22 11:09:29.602 UTC [2401] postgres@test_db ERROR:  syntax error at or near "SELEC" at character 1
2026-04-22 11:09:29.602 UTC [2401] postgres@test_db STATEMENT:  SELEC * FROM users;
2026-04-22 11:09:31.351 UTC [2402] app_user@staging LOG:  statement: SELECT id, name FROM users WHERE active = true LIMIT 80
2026-04-22 11:09:33.575 UTC [2405] readonly@test_db LOG:  statement: SELECT id, name FROM users WHERE active = true LIMIT 184
2026-04-22 11:09:34.574 UTC [2401] odoo@production LOG:  statement: SELECT id, name FROM users WHERE active = true LIMIT 19
2026-04-22 11:09:34.943 UTC [2405] app_user@staging LOG:  statement: SELECT id, name FROM users WHERE active = true LIMIT 80
2026-04-22 11:09:36.648 UTC [2402] readonly@test_db LOG:  statement: SELECT id, name FROM users WHERE active = true LIMIT 66
2026-04-22 11:09:37.448 UTC [2403] admin@staging DEBUG:  query executed in cache
2026-04-22 11:09:40.553 UTC [2403] app_user@analytics LOG:  statement: SELECT id, name FROM users WHERE active = true LIMIT 57
2026-04-22 11:09:43.680 UTC [2405] readonly@test_db LOG:  statement: SELECT id, name FROM users WHERE active = true LIMIT 186
2026-04-22 11:09:46.571 UTC [2402] odoo@analytics LOG:  statement: SELECT id, name FROM users WHERE active = true LIMIT 57
2026-04-22 11:09:46.723 UTC [2403] admin@staging LOG:  duration: 2.197 ms  statement: SELECT count(*) FROM orders WHERE created_at > now() - interval '1 day'
2026-04-22 11:09:50.432 UTC [2401] odoo@analytics LOG:  statement: SELECT id, name FROM users WHERE active = true LIMIT 183
2026-04-22 11:09:52.472 UTC [2401] readonly@analytics LOG:  duration: 2.493 ms  statement: SELECT count(*) FROM orders WHERE created_at > now() - interval '1 day'
2026-04-22 11:09:52.757 UTC [2402] admin@production WARNING:  there is already a transaction in progress
2026-04-22 11:09:55.008 UTC [2405] app_user@staging LOG:  statement: SELECT id, name FROM users WHERE active = true LIMIT 47
2026-04-22 11:09:58.400 UTC [2401] postgres@analytics DEBUG:  query executed in cache
2026-04-22 11:10:00.735 UTC [2404] admin@analytics LOG:  statement: SELECT id, name FROM users WHERE active = true LIMIT 134
2026-04-22 11:10:00.890 UTC [2403] app_user@test_db WARNING:  there is already a transaction in progress
2026-04-22 11:10:01.451 UTC [2403] app_user@test_db LOG:  statement: SELECT id, name FROM users WHERE active = true LIMIT 142
2026-04-22 11:10:05.058 UTC [2401] odoo@test_db LOG:  statement: SELECT id, name FROM users WHERE active = true LIMIT 46
2026-04-22 11:10:06.158 UTC [2403] admin@production LOG:  duration: 3.509 ms  statement: SELECT count(*) FROM orders WHERE created_at > now() - interval '1 day'
2026-04-22 11:10:09.306 UTC [2404] app_user@staging LOG:  statement: SELECT id, name FROM users WHERE active = true LIMIT 106
2026-04-22 11:10:12.994 UTC [2401] app_user@test_db LOG:  statement: SELECT id, name FROM users WHERE active = true LIMIT 77
2026-04-22 11:10:15.507 UTC [2403] app_user@test_db LOG:  statement: SELECT id, name FROM users WHERE active = true LIMIT 80
2026-04-22 11:10:17.980 UTC [2403] odoo@production LOG:  statement: SELECT id, name FROM users WHERE active = true LIMIT 97
2026-04-22 11:10:21.337 UTC [2405] postgres@test_db LOG:  statement: SELECT id, name FROM users WHERE active = true LIMIT 98
2026-04-22 11:10:23.480 UTC [2403] postgres@production ERROR:  syntax error at or near "SELEC" at character 1
2026-04-22 11:10:23.480 UTC [2403] postgres@production STATEMENT:  SELEC * FROM users;
2026-04-22 11:10:25.722 UTC [2402] admin@staging ERROR:  duplicate key value violates unique constraint "users_email_key"
2026-04-22 11:10:25.722 UTC [2402] admin@staging DETAIL:  Key (email)=(test@example.com) already exists.
2026-04-22 11:10:27.065 UTC [2405] readonly@staging LOG:  statement: SELECT id, name FROM users WHERE active = true LIMIT 26
2026-04-22 11:10:27.332 UTC [2403] postgres@test_db LOG:  statement: SELECT id, name FROM users WHERE active = true LIMIT 161
2026-04-22 11:10:28.684 UTC [2401] postgres@test_db LOG:  statement: SELECT id, name FROM users WHERE active = true LIMIT 100
2026-04-22 11:10:29.348 UTC [2401] postgres@analytics LOG:  statement: SELECT id, name FROM users WHERE active = true LIMIT 82
2026-04-22 11:10:29.800 UTC [2405] readonly@staging DEBUG:  query executed in cache
2026-04-22 11:10:32.297 UTC [2402] odoo@test_db ERROR:  syntax error at or near "SELEC" at character 1
2026-04-22 11:10:32.297 UTC [2402] odoo@test_db STATEMENT:  SELEC * FROM users;
2026-04-22 11:10:34.335 UTC [2403] odoo@production ERROR:  syntax error at or near "SELEC" at character 1
2026-04-22 11:10:34.335 UTC [2403] odoo@production STATEMENT:  SELEC * FROM users;
2026-04-22 11:10:36.069 UTC [2402] admin@test_db ERROR:  duplicate key value violates unique constraint "users_email_key"
2026-04-22 11:10:36.069 UTC [2402] admin@test_db DETAIL:  Key (email)=(test@example.com) already exists.
2026-04-22 11:10:38.614 UTC [2401] app_user@analytics LOG:  statement: SELECT id, name FROM users WHERE active = true LIMIT 154
2026-04-22 11:10:41.512 UTC [2404] app_user@staging DEBUG:  query executed in cache
2026-04-22 11:10:43.882 UTC [2403] odoo@test_db LOG:  statement: SELECT id, name FROM users WHERE active = true LIMIT 88
2026-04-22 11:10:46.217 UTC [2401] app_user@test_db LOG:  statement: SELECT id, name FROM users WHERE active = true LIMIT 121
2026-04-22 11:10:49.160 UTC [2401] odoo@test_db LOG:  statement: SELECT id, name FROM users WHERE active = true LIMIT 185
2026-04-22 11:10:51.011 UTC [2403] admin@analytics LOG:  statement: SELECT id, name FROM users WHERE active = true LIMIT 115
2026-04-22 11:10:54.251 UTC [2404] postgres@production LOG:  statement: SELECT id, name FROM users WHERE active = true LIMIT 45
2026-04-22 11:10:56.728 UTC [2405] app_user@staging LOG:  statement: SELECT id, name FROM users WHERE active = true LIMIT 42
2026-04-22 11:10:57.047 UTC [2405] readonly@analytics DEBUG:  query executed in cache
2026-04-22 11:10:59.891 UTC [2404] odoo@test_db LOG:  statement: SELECT id, name FROM users WHERE active = true LIMIT 142
2026-04-22 11:11:00.215 UTC [2404] postgres@production LOG:  statement: SELECT id, name FROM users WHERE active = true LIMIT 176
2026-04-22 11:11:03.681 UTC [2401] app_user@production LOG:  statement: SELECT id, name FROM users WHERE active = true LIMIT 133
2026-04-22 11:11:06.813 UTC [2403] postgres@production LOG:  duration: 2.603 ms  statement: SELECT count(*) FROM orders WHERE created_at > now() - interval '1 day'
2026-04-22 11:11:09.215 UTC [2401] odoo@staging DEBUG:  query executed in cache
2026-04-22 11:11:12.981 UTC [2404] odoo@staging LOG:  duration: 4.276 ms  statement: SELECT count(*) FROM orders WHERE created_at > now() - interval '1 day'
2026-04-22 11:11:16.380 UTC [2403] app_user@production LOG:  statement: SELECT id, name FROM users WHERE active = true LIMIT 186
2026-04-22 11:11:16.480 UTC [2402] postgres@production LOG:  statement: SELECT id, name FROM users WHERE active = true LIMIT 40
2026-04-22 11:11:17.416 UTC [2405] postgres@staging LOG:  statement: SELECT id, name FROM users WHERE active = true LIMIT 16
2026-04-22 11:11:17.743 UTC [2405] admin@test_db ERROR:  syntax error at or near "SELEC" at character 1
2026-04-22 11:11:17.743 UTC [2405] admin@test_db STATEMENT:  SELEC * FROM users;
2026-04-22 11:11:18.596 UTC [2403] admin@test_db WARNING:  there is already a transaction in progress
2026-04-22 11:11:22.215 UTC [2405] app_user@test_db LOG:  duration: 0.704 ms  statement: SELECT count(*) FROM orders WHERE created_at > now() - interval '1 day'
2026-04-22 11:11:22.895 UTC [2402] postgres@staging WARNING:  there is already a transaction in progress
2026-04-22 11:11:24.945 UTC [2402] odoo@staging LOG:  statement: SELECT id, name FROM users WHERE active = true LIMIT 84
2026-04-22 11:11:26.549 UTC [2401] readonly@test_db LOG:  duration: 2.017 ms  statement: SELECT count(*) FROM orders WHERE created_at > now() - interval '1 day'
2026-04-22 11:11:29.981 UTC [2401] admin@test_db LOG:  statement: SELECT id, name FROM users WHERE active = true LIMIT 17
2026-04-22 11:11:32.392 UTC [2403] admin@production LOG:  statement: SELECT id, name FROM users WHERE active = true LIMIT 158
2026-04-22 11:11:32.666 UTC [2403] postgres@test_db ERROR:  syntax error at or near "SELEC" at character 1
2026-04-22 11:11:32.666 UTC [2403] postgres@test_db STATEMENT:  SELEC * FROM users;
2026-04-22 11:11:36.380 UTC [2403] odoo@test_db DEBUG:  query executed in cache
2026-04-22 11:11:37.945 UTC [2403] postgres@staging LOG:  statement: SELECT id, name FROM users WHERE active = true LIMIT 138
2026-04-22 11:11:40.146 UTC [2402] app_user@test_db LOG:  statement: SELECT id, name FROM users WHERE active = true LIMIT 177
2026-04-22 11:11:42.128 UTC [2402] app_user@analytics DEBUG:  query executed in cache
2026-04-22 11:11:46.010 UTC [2402] app_user@analytics LOG:  statement: SELECT id, name FROM users WHERE active = true LIMIT 175
2026-04-22 11:11:48.591 UTC [2404] admin@test_db LOG:  duration: 2.923 ms  statement: SELECT count(*) FROM orders WHERE created_at > now() - interval '1 day'
2026-04-22 11:11:49.221 UTC [2405] readonly@analytics LOG:  duration: 2.985 ms  statement: SELECT count(*) FROM orders WHERE created_at > now() - interval '1 day'
2026-04-22 11:11:49.597 UTC [2405] app_user@test_db LOG:  statement: SELECT id, name FROM users WHERE active = true LIMIT 197
2026-04-22 11:11:52.421 UTC [2402] odoo@production LOG:  statement: SELECT id, name FROM users WHERE active = true LIMIT 183
2026-04-22 11:11:55.682 UTC [2404] app_user@staging WARNING:  there is already a transaction in progress
2026-04-22 11:11:58.764 UTC [2402] postgres@staging WARNING:  there is already a transaction in progress
2026-04-22 11:12:01.370 UTC [2404] postgres@production LOG:  statement: SELECT id, name FROM users WHERE active = true LIMIT 19
2026-04-22 11:12:03.954 UTC [2401] admin@analytics LOG:  duration: 0.244 ms  statement: SELECT count(*) FROM orders WHERE created_at > now() - interval '1 day'
2026-04-22 11:12:06.915 UTC [2402] app_user@production LOG:  statement: SELECT id, name FROM users WHERE active = true LIMIT 44
2026-04-22 11:12:07.816 UTC [2405] readonly@staging LOG:  statement: SELECT id, name FROM users WHERE active = true LIMIT 122
2026-04-22 11:12:10.955 UTC [2403] odoo@staging LOG:  statement: SELECT id, name FROM users WHERE active = true LIMIT 145
2026-04-22 11:12:13.631 UTC [2402] postgres@production ERROR:  syntax error at or near "SELEC" at character 1
2026-04-22 11:12:13.631 UTC [2402] postgres@production STATEMENT:  SELEC * FROM users;
2026-04-22 11:12:17.048 UTC [2401] odoo@production LOG:  statement: SELECT id, name FROM users WHERE active = true LIMIT 11
2026-04-22 11:12:18.543 UTC [2403] admin@production LOG:  statement: SELECT id, name FROM users WHERE active = true LIMIT 196
2026-04-22 11:12:22.052 UTC [2405] admin@staging LOG:  statement: SELECT id, name FROM users WHERE active = true LIMIT 131
2026-04-22 11:12:24.685 UTC [2405] app_user@analytics WARNING:  there is already a transaction in progress
2026-04-22 11:12:26.536 UTC [2402] postgres@test_db LOG:  duration: 4.382 ms  statement: SELECT count(*) FROM orders WHERE created_at > now() - interval '1 day'
2026-04-22 11:12:29.840 UTC [2405] postgres@staging LOG:  statement: SELECT id, name FROM users WHERE active = true LIMIT 35
2026-04-22 11:12:30.150 UTC [2401] admin@staging LOG:  duration: 1.722 ms  statement: SELECT count(*) FROM orders WHERE created_at > now() - interval '1 day'
2026-04-22 11:12:31.849 UTC [2402] app_user@analytics DEBUG:  query executed in cache
2026-04-22 11:12:32.255 UTC [2401] odoo@analytics LOG:  statement: SELECT id, name FROM users WHERE active = true LIMIT 71
2026-04-22 11:12:33.990 UTC [2405] readonly@analytics LOG:  duration: 2.775 ms  statement: SELECT count(*) FROM orders WHERE created_at > now() - interval '1 day'
2026-04-22 11:12:37.927 UTC [2401] readonly@test_db ERROR:  syntax error at or near "SELEC" at character 1
2026-04-22 11:12:37.927 UTC [2401] readonly@test_db STATEMENT:  SELEC * FROM users;
2026-04-22 11:12:39.411 UTC [2403] postgres@production LOG:  statement: SELECT id, name FROM users WHERE active = true LIMIT 61
2026-04-22 11:12:40.347 UTC [2403] postgres@staging LOG:  statement: SELECT id, name FROM users WHERE active = true LIMIT 197
2026-04-22 11:12:42.468 UTC [2403] postgres@staging LOG:  statement: SELECT id, name FROM users WHERE active = true LIMIT 154
2026-04-22 11:12:42.857 UTC [2405] postgres@analytics ERROR:  syntax error at or near "SELEC" at character 1
2026-04-22 11:12:42.857 UTC [2405] postgres@analytics STATEMENT:  SELEC * FROM users;
2026-04-22 11:12:46.592 UTC [2405] readonly@production LOG:  duration: 4.738 ms  statement: SELECT count(*) FROM orders WHERE created_at > now() - interval '1 day'
2026-04-22 11:12:46.837 UTC [2403] postgres@production LOG:  statement: SELECT id, name FROM users WHERE active = true LIMIT 67
2026-04-22 11:12:48.179 UTC [2403] admin@test_db DEBUG:  query executed in cache
2026-04-22 11:12:48.386 UTC [2402] postgres@production DEBUG:  query executed in cache
2026-04-22 11:12:51.279 UTC [2402] readonly@test_db LOG:  duration: 0.189 ms  statement: SELECT count(*) FROM orders WHERE created_at > now() - interval '1 day'
2026-04-22 11:12:54.515 UTC [2404] postgres@test_db LOG:  statement: SELECT id, name FROM users WHERE active = true LIMIT 42
2026-04-22 11:12:55.088 UTC [2404] admin@staging LOG:  statement: SELECT id, name FROM users WHERE active = true LIMIT 167
2026-04-22 11:12:56.593 UTC [2403] app_user@staging LOG:  statement: SELECT id, name FROM users WHERE active = true LIMIT 24
2026-04-22 11:12:59.103 UTC [2402] odoo@production LOG:  statement: SELECT id, name FROM users WHERE active = true LIMIT 115
2026-04-22 11:13:02.487 UTC [2405] readonly@production LOG:  statement: SELECT id, name FROM users WHERE active = true LIMIT 194
2026-04-22 11:13:02.819 UTC [2402] postgres@production LOG:  statement: SELECT id, name FROM users WHERE active = true LIMIT 56
2026-04-22 11:13:04.351 UTC [2403] postgres@analytics LOG:  duration: 4.463 ms  statement: SELECT count(*) FROM orders WHERE created_at > now() - interval '1 day'
2026-04-22 11:13:06.411 UTC [2403] odoo@test_db LOG:  duration: 3.317 ms  statement: SELECT count(*) FROM orders WHERE created_at > now() - interval '1 day'
2026-04-22 11:13:08.538 UTC [2401] app_user@staging DEBUG:  query executed in cache
2026-04-22 11:13:11.558 UTC [2403] odoo@test_db LOG:  statement: SELECT id, name FROM users WHERE active = true LIMIT 103
2026-04-22 11:13:13.815 UTC [2405] app_user@staging WARNING:  there is already a transaction in progress
2026-04-22 11:13:14.136 UTC [2403] readonly@production LOG:  statement: SELECT id, name FROM users WHERE active = true LIMIT 115
2026-04-22 11:13:14.557 UTC [2405] admin@analytics LOG:  statement: SELECT id, name FROM users WHERE active = true LIMIT 45
2026-04-22 11:13:17.695 UTC [2405] odoo@analytics LOG:  duration: 0.701 ms  statement: SELECT count(*) FROM orders WHERE created_at > now() - interval '1 day'
2026-04-22 11:13:20.655 UTC [2402] postgres@staging LOG:  statement: SELECT id, name FROM users WHERE active = true LIMIT 126
2026-04-22 11:13:24.180 UTC [2401] postgres@test_db LOG:  statement: SELECT id, name FROM users WHERE active = true LIMIT 81
2026-04-22 11:13:27.668 UTC [2405] admin@analytics ERROR:  duplicate key value violates unique constraint "users_email_key"
2026-04-22 11:13:27.668 UTC [2405] admin@analytics DETAIL:  Key (email)=(test@example.com) already exists.
2026-04-22 11:13:29.796 UTC [2401] app_user@test_db LOG:  statement: SELECT id, name FROM users WHERE active = true LIMIT 107
2026-04-22 11:13:30.815 UTC [2404] admin@production LOG:  statement: SELECT id, name FROM users WHERE active = true LIMIT 57
2026-04-22 11:13:33.620 UTC [2404] readonly@production LOG:  statement: SELECT id, name FROM users WHERE active = true LIMIT 148
2026-04-22 11:13:37.499 UTC [2403] postgres@analytics WARNING:  there is already a transaction in progress
2026-04-22 11:13:40.700 UTC [2403] readonly@staging LOG:  statement: SELECT id, name FROM users WHERE active = true LIMIT 195
2026-04-22 11:13:44.005 UTC [2405] admin@test_db DEBUG:  query executed in cache
2026-04-22 11:13:47.059 UTC [2401] postgres@test_db ERROR:  syntax error at or near "SELEC" at character 1
2026-04-22 11:13:47.059 UTC [2401] postgres@test_db STATEMENT:  SELEC * FROM users;
2026-04-22 11:13:48.895 UTC [2403] readonly@test_db LOG:  duration: 2.885 ms  statement: SELECT count(*) FROM orders WHERE created_at > now() - interval '1 day'
2026-04-22 11:13:50.556 UTC [2405] app_user@staging LOG:  statement: SELECT id, name FROM users WHERE active = true LIMIT 70
2026-04-22 11:13:53.931 UTC [2402] postgres@analytics LOG:  duration: 1.445 ms  statement: SELECT count(*) FROM orders WHERE created_at > now() - interval '1 day'
2026-04-22 11:13:55.413 UTC [2402] readonly@analytics LOG:  duration: 0.289 ms  statement: SELECT count(*) FROM orders WHERE created_at > now() - interval '1 day'
2026-04-22 11:13:58.213 UTC [2403] app_user@analytics LOG:  statement: SELECT id, name FROM users WHERE active = true LIMIT 177
2026-04-22 11:13:59.570 UTC [2405] postgres@production LOG:  duration: 1.673 ms  statement: SELECT count(*) FROM orders WHERE created_at > now() - interval '1 day'
2026-04-22 11:14:01.565 UTC [2403] odoo@test_db LOG:  statement: SELECT id, name FROM users WHERE active = true LIMIT 12
2026-04-22 11:14:03.631 UTC [2404] postgres@analytics LOG:  duration: 2.827 ms  statement: SELECT count(*) FROM orders WHERE created_at > now() - interval '1 day'
2026-04-22 11:14:04.863 UTC [2404] postgres@production WARNING:  there is already a transaction in progress
2026-04-22 11:14:06.767 UTC [2405] app_user@production LOG:  statement: SELECT id, name FROM users WHERE active = true LIMIT 80
2026-04-22 11:14:07.798 UTC [2403] admin@staging LOG:  duration: 0.820 ms  statement: SELECT count(*) FROM orders WHERE created_at > now() - interval '1 day'
2026-04-22 11:14:08.366 UTC [2405] postgres@staging LOG:  duration: 1.003 ms  statement: SELECT count(*) FROM orders WHERE created_at > now() - interval '1 day'
2026-04-22 11:14:08.637 UTC [2405] admin@analytics LOG:  duration: 1.217 ms  statement: SELECT count(*) FROM orders WHERE created_at > now() - interval '1 day'
2026-04-22 11:14:11.515 UTC [2403] app_user@production WARNING:  there is already a transaction in progress
2026-04-22 11:14:14.074 UTC [2403] readonly@production LOG:  statement: SELECT id, name FROM users WHERE active = true LIMIT 37
2026-04-22 11:14:14.637 UTC [2401] readonly@test_db LOG:  statement: SELECT id, name FROM users WHERE active = true LIMIT 70
2026-04-22 11:14:18.133 UTC [2402] app_user@analytics WARNING:  there is already a transaction in progress
2026-04-22 11:14:21.820 UTC [2404] postgres@test_db LOG:  statement: SELECT id, name FROM users WHERE active = true LIMIT 16
2026-04-22 11:14:23.292 UTC [2403] readonly@analytics ERROR:  duplicate key value violates unique constraint "users_email_key"
2026-04-22 11:14:23.292 UTC [2403] readonly@analytics DETAIL:  Key (email)=(test@example.com) already exists.
2026-04-22 11:14:25.939 UTC [2403] admin@analytics LOG:  statement: SELECT id, name FROM users WHERE active = true LIMIT 104
2026-04-22 11:14:29.774 UTC [2401] app_user@staging LOG:  duration: 0.621 ms  statement: SELECT count(*) FROM orders WHERE created_at > now() - interval '1 day'
2026-04-22 11:14:33.723 UTC [2402] app_user@analytics LOG:  statement: SELECT id, name FROM users WHERE active = true LIMIT 159
2026-04-22 11:14:36.946 UTC [2401] FATAL:  terminating connection due to administrator command
2026-04-22 11:14:39.361 UTC [2401] postgres@staging LOG:  statement: SELECT id, name FROM users WHERE active = true LIMIT 157
2026-04-22 11:14:42.932 UTC [2405] admin@production WARNING:  there is already a transaction in progress
2026-04-22 11:14:45.732 UTC [2401] readonly@test_db LOG:  statement: SELECT id, name FROM users WHERE active = true LIMIT 122
2026-04-22 11:14:49.256 UTC [2403] app_user@staging LOG:  duration: 4.564 ms  statement: SELECT count(*) FROM orders WHERE created_at > now() - interval '1 day'
2026-04-22 11:14:50.301 UTC [2403] odoo@analytics LOG:  statement: SELECT id, name FROM users WHERE active = true LIMIT 39
2026-04-22 11:14:51.883 UTC [2402] admin@test_db LOG:  statement: SELECT id, name FROM users WHERE active = true LIMIT 153
2026-04-22 11:14:54.659 UTC [2405] postgres@analytics LOG:  statement: SELECT id, name FROM users WHERE active = true LIMIT 68
2026-04-22 11:14:57.091 UTC [2404] admin@staging WARNING:  there is already a transaction in progress
2026-04-22 11:15:00.371 UTC [2402] readonly@staging ERROR:  syntax error at or near "SELEC" at character 1
2026-04-22 11:15:00.371 UTC [2402] readonly@staging STATEMENT:  SELEC * FROM users;
2026-04-22 11:15:03.730 UTC [2405] odoo@analytics LOG:  statement: SELECT id, name FROM users WHERE active = true LIMIT 90
2026-04-22 11:15:05.554 UTC [2401] postgres@test_db LOG:  statement: SELECT id, name FROM users WHERE active = true LIMIT 47
2026-04-22 11:15:09.339 UTC [2405] admin@staging LOG:  statement: SELECT id, name FROM users WHERE active = true LIMIT 126
2026-04-22 11:15:11.153 UTC [2401] odoo@production LOG:  statement: SELECT id, name FROM users WHERE active = true LIMIT 151
2026-04-22 11:15:14.814 UTC [2404] postgres@staging LOG:  statement: SELECT id, name FROM users WHERE active = true LIMIT 120
2026-04-22 11:15:15.456 UTC [2401] odoo@production LOG:  statement: SELECT id, name FROM users WHERE active = true LIMIT 145
2026-04-22 11:15:16.078 UTC [2404] admin@analytics LOG:  statement: SELECT id, name FROM users WHERE active = true LIMIT 152
2026-04-22 11:15:17.557 UTC [2402] app_user@production WARNING:  there is already a transaction in progress
2026-04-22 11:15:20.615 UTC [2403] readonly@production LOG:  statement: SELECT id, name FROM users WHERE active = true LIMIT 199
2026-04-22 11:15:23.298 UTC [2403] admin@test_db LOG:  statement: SELECT id, name FROM users WHERE active = true LIMIT 121
2026-04-22 11:15:26.402 UTC [2403] admin@staging LOG:  statement: SELECT id, name FROM users WHERE active = true LIMIT 160
2026-04-22 11:15:30.170 UTC [2405] postgres@staging LOG:  statement: SELECT id, name FROM users WHERE active = true LIMIT 161
2026-04-22 11:15:31.582 UTC [2403] admin@test_db LOG:  statement: SELECT id, name FROM users WHERE active = true LIMIT 140
2026-04-22 11:15:32.633 UTC [2405] app_user@production LOG:  statement: SELECT id, name FROM users WHERE active = true LIMIT 97
2026-04-22 11:15:33.901 UTC [2401] readonly@test_db LOG:  statement: SELECT id, name FROM users WHERE active = true LIMIT 91
2026-04-22 11:15:37.335 UTC [2402] odoo@production ERROR:  syntax error at or near "SELEC" at character 1
2026-04-22 11:15:37.335 UTC [2402] odoo@production STATEMENT:  SELEC * FROM users;
2026-04-22 11:15:39.790 UTC [2402] admin@analytics WARNING:  there is already a transaction in progress
2026-04-22 11:15:41.056 UTC [2403] postgres@analytics LOG:  statement: SELECT id, name FROM users WHERE active = true LIMIT 83
2026-04-22 11:15:42.072 UTC [2403] admin@test_db WARNING:  there is already a transaction in progress
2026-04-22 11:15:45.958 UTC [2403] app_user@production LOG:  statement: SELECT id, name FROM users WHERE active = true LIMIT 81
2026-04-22 11:15:48.319 UTC [2402] postgres@staging WARNING:  there is already a transaction in progress
2026-04-22 11:15:52.067 UTC [2402] postgres@production LOG:  statement: SELECT id, name FROM users WHERE active = true LIMIT 59
2026-04-22 11:15:53.680 UTC [2401] admin@production LOG:  statement: SELECT id, name FROM users WHERE active = true LIMIT 156
2026-04-22 11:15:57.183 UTC [2404] admin@staging LOG:  statement: SELECT id, name FROM users WHERE active = true LIMIT 38
2026-04-22 11:15:59.303 UTC [2401] admin@test_db LOG:  statement: SELECT id, name FROM users WHERE active = true LIMIT 45
2026-04-22 11:16:02.694 UTC [2403] postgres@analytics LOG:  statement: SELECT id, name FROM users WHERE active = true LIMIT 66
2026-04-22 11:16:04.870 UTC [2401] app_user@staging LOG:  statement: SELECT id, name FROM users WHERE active = true LIMIT 126
2026-04-22 11:16:08.624 UTC [2405] postgres@analytics ERROR:  syntax error at or near "SELEC" at character 1
2026-04-22 11:16:08.624 UTC [2405] postgres@analytics STATEMENT:  SELEC * FROM users;
2026-04-22 11:16:09.503 UTC [2404] postgres@analytics WARNING:  there is already a transaction in progress
2026-04-22 11:16:10.163 UTC [2401] postgres@staging LOG:  duration: 4.373 ms  statement: SELECT count(*) FROM orders WHERE created_at > now() - interval '1 day'
2026-04-22 11:16:12.188 UTC [2402] odoo@analytics LOG:  statement: SELECT id, name FROM users WHERE active = true LIMIT 57
2026-04-22 11:16:13.101 UTC [2404] app_user@staging LOG:  duration: 0.535 ms  statement: SELECT count(*) FROM orders WHERE created_at > now() - interval '1 day'
2026-04-22 11:16:14.979 UTC [2405] odoo@production LOG:  statement: SELECT id, name FROM users WHERE active = true LIMIT 152
2026-04-22 11:16:15.237 UTC [2405] odoo@staging LOG:  statement: SELECT id, name FROM users WHERE active = true LIMIT 77
2026-04-22 11:16:17.949 UTC [2405] admin@staging LOG:  statement: SELECT id, name FROM users WHERE active = true LIMIT 145
2026-04-22 11:16:21.633 UTC [2402] app_user@staging LOG:  statement: SELECT id, name FROM users WHERE active = true LIMIT 134
2026-04-22 11:16:23.958 UTC [2404] admin@analytics LOG:  statement: SELECT id, name FROM users WHERE active = true LIMIT 34
2026-04-22 11:16:25.776 UTC [2402] postgres@analytics ERROR:  duplicate key value violates unique constraint "users_email_key"
2026-04-22 11:16:25.776 UTC [2402] postgres@analytics DETAIL:  Key (email)=(test@example.com) already exists.
2026-04-22 11:16:26.350 UTC [2403] odoo@test_db LOG:  statement: SELECT id, name FROM users WHERE active = true LIMIT 91
2026-04-22 11:16:29.336 UTC [2401] app_user@test_db LOG:  statement: SELECT id, name FROM users WHERE active = true LIMIT 133
2026-04-22 11:16:32.250 UTC [2404] readonly@test_db LOG:  statement: SELECT id, name FROM users WHERE active = true LIMIT 84
2026-04-22 11:16:35.994 UTC [2403] readonly@staging WARNING:  there is already a transaction in progress
2026-04-22 11:16:37.165 UTC [2404] postgres@analytics LOG:  duration: 2.115 ms  statement: SELECT count(*) FROM orders WHERE created_at > now() - interval '1 day'
2026-04-22 11:16:38.332 UTC [2404] admin@test_db ERROR:  syntax error at or near "SELEC" at character 1
2026-04-22 11:16:38.332 UTC [2404] admin@test_db STATEMENT:  SELEC * FROM users;
2026-04-22 11:16:39.823 UTC [2403] admin@staging LOG:  duration: 0.324 ms  statement: SELECT count(*) FROM orders WHERE created_at > now() - interval '1 day'
2026-04-22 11:16:42.267 UTC [2404] admin@staging WARNING:  there is already a transaction in progress
2026-04-22 11:16:46.249 UTC [2405] odoo@production ERROR:  duplicate key value violates unique constraint "users_email_key"
2026-04-22 11:16:46.249 UTC [2405] odoo@production DETAIL:  Key (email)=(test@example.com) already exists.
2026-04-22 11:16:48.826 UTC [2405] app_user@staging LOG:  statement: SELECT id, name FROM users WHERE active = true LIMIT 194
2026-04-22 11:16:52.122 UTC [2401] admin@production DEBUG:  query executed in cache
2026-04-22 11:16:54.904 UTC [2403] readonly@production LOG:  statement: SELECT id, name FROM users WHERE active = true LIMIT 63
2026-04-22 11:16:55.647 UTC [2403] readonly@staging WARNING:  there is already a transaction in progress
2026-04-22 11:16:59.029 UTC [2404] odoo@analytics LOG:  statement: SELECT id, name FROM users WHERE active = true LIMIT 105
2026-04-22 11:17:01.393 UTC [2403] admin@staging DEBUG:  query executed in cache
2026-04-22 11:17:04.585 UTC [2401] postgres@production ERROR:  syntax error at or near "SELEC" at character 1
2026-04-22 11:17:04.585 UTC [2401] postgres@production STATEMENT:  SELEC * FROM users;
2026-04-22 11:17:07.926 UTC [2401] readonly@test_db LOG:  statement: SELECT id, name FROM users WHERE active = true LIMIT 50
2026-04-22 11:17:08.968 UTC [2403] app_user@production LOG:  duration: 3.472 ms  statement: SELECT count(*) FROM orders WHERE created_at > now() - interval '1 day'
2026-04-22 11:17:12.398 UTC [2401] app_user@production DEBUG:  query executed in cache
2026-04-22 11:17:16.028 UTC [2404] odoo@analytics LOG:  statement: SELECT id, name FROM users WHERE active = true LIMIT 28
2026-04-22 11:17:16.188 UTC [2405] admin@production DEBUG:  query executed in cache
2026-04-22 11:17:16.679 UTC [2405] readonly@staging DEBUG:  query executed in cache
2026-04-22 11:17:19.993 UTC [2404] odoo@analytics LOG:  statement: SELECT id, name FROM users WHERE active = true LIMIT 141
2026-04-22 11:17:21.972 UTC [2401] app_user@analytics LOG:  statement: SELECT id, name FROM users WHERE active = true LIMIT 77
2026-04-22 11:17:23.264 UTC [2405] admin@test_db LOG:  statement: SELECT id, name FROM users WHERE active = true LIMIT 66
2026-04-22 11:17:25.343 UTC [2404] readonly@analytics LOG:  statement: SELECT id, name FROM users WHERE active = true LIMIT 189
2026-04-22 11:17:27.009 UTC [2405] readonly@staging LOG:  statement: SELECT id, name FROM users WHERE active = true LIMIT 137
2026-04-22 11:17:28.961 UTC [2404] app_user@production LOG:  statement: SELECT id, name FROM users WHERE active = true LIMIT 16
2026-04-22 11:17:30.575 UTC [2404] odoo@test_db LOG:  statement: SELECT id, name FROM users WHERE active = true LIMIT 37
2026-04-22 11:17:33.991 UTC [2403] app_user@staging LOG:  duration: 0.510 ms  statement: SELECT count(*) FROM orders WHERE created_at > now() - interval '1 day'
2026-04-22 11:17:37.633 UTC [2405] odoo@staging ERROR:  syntax error at or near "SELEC" at character 1
2026-04-22 11:17:37.633 UTC [2405] odoo@staging STATEMENT:  SELEC * FROM users;
2026-04-22 11:17:38.311 UTC [2405] odoo@production LOG:  statement: SELECT id, name FROM users WHERE active = true LIMIT 131
2026-04-22 11:17:38.652 UTC [2405] readonly@staging DEBUG:  query executed in cache
2026-04-22 11:17:41.785 UTC [2403] admin@analytics LOG:  statement: SELECT id, name FROM users WHERE active = true LIMIT 48
2026-04-22 11:17:45.454 UTC [2401] app_user@test_db LOG:  statement: SELECT id, name FROM users WHERE active = true LIMIT 186
2026-04-22 11:17:47.788 UTC [2402] readonly@test_db LOG:  statement: SELECT id, name FROM users WHERE active = true LIMIT 176
2026-04-22 11:17:50.791 UTC [2402] app_user@test_db LOG:  statement: SELECT id, name FROM users WHERE active = true LIMIT 152
2026-04-22 11:17:53.755 UTC [2401] postgres@test_db LOG:  statement: SELECT id, name FROM users WHERE active = true LIMIT 42
2026-04-22 11:17:54.535 UTC [2401] odoo@production LOG:  statement: SELECT id, name FROM users WHERE active = true LIMIT 39
2026-04-22 11:17:55.334 UTC [2401] admin@test_db LOG:  duration: 2.670 ms  statement: SELECT count(*) FROM orders WHERE created_at > now() - interval '1 day'
2026-04-22 11:17:57.069 UTC [2402] readonly@test_db LOG:  statement: SELECT id, name FROM users WHERE active = true LIMIT 40
2026-04-22 11:17:59.309 UTC [2404] app_user@analytics LOG:  statement: SELECT id, name FROM users WHERE active = true LIMIT 105
2026-04-22 11:18:00.597 UTC [2405] odoo@staging LOG:  statement: SELECT id, name FROM users WHERE active = true LIMIT 62
2026-04-22 11:18:02.630 UTC [2405] app_user@analytics LOG:  statement: SELECT id, name FROM users WHERE active = true LIMIT 94
2026-04-22 11:18:02.770 UTC [2402] odoo@test_db LOG:  statement: SELECT id, name FROM users WHERE active = true LIMIT 55
2026-04-22 11:18:02.892 UTC [2402] admin@production LOG:  statement: SELECT id, name FROM users WHERE active = true LIMIT 58
2026-04-22 11:18:04.347 UTC [2402] postgres@test_db LOG:  statement: SELECT id, name FROM users WHERE active = true LIMIT 169
2026-04-22 11:18:04.720 UTC [2404] readonly@staging LOG:  statement: SELECT id, name FROM users WHERE active = true LIMIT 153
2026-04-22 11:18:08.620 UTC [2402] app_user@production LOG:  statement: SELECT id, name FROM users WHERE active = true LIMIT 82
2026-04-22 11:18:10.224 UTC [2404] readonly@analytics LOG:  duration: 2.076 ms  statement: SELECT count(*) FROM orders WHERE created_at > now() - interval '1 day'
2026-04-22 11:18:10.641 UTC [2403] readonly@staging LOG:  duration: 0.605 ms  statement: SELECT count(*) FROM orders WHERE created_at > now() - interval '1 day'
2026-04-22 11:18:11.817 UTC [2402] app_user@staging LOG:  duration: 0.721 ms  statement: SELECT count(*) FROM orders WHERE created_at > now() - interval '1 day'
2026-04-22 11:18:13.269 UTC [2405] readonly@test_db LOG:  duration: 4.282 ms  statement: SELECT count(*) FROM orders WHERE created_at > now() - interval '1 day'
2026-04-22 11:18:14.226 UTC [2405] app_user@test_db LOG:  statement: SELECT id, name FROM users WHERE active = true LIMIT 69
2026-04-22 11:18:14.913 UTC [2402] postgres@staging LOG:  statement: SELECT id, name FROM users WHERE active = true LIMIT 10
2026-04-22 11:18:15.574 UTC [2403] postgres@production LOG:  statement: SELECT id, name FROM users WHERE active = true LIMIT 122
2026-04-22 11:18:16.913 UTC [2404] admin@analytics LOG:  statement: SELECT id, name FROM users WHERE active = true LIMIT 40
2026-04-22 11:18:18.558 UTC [2402] readonly@test_db DEBUG:  query executed in cache
2026-04-22 11:18:22.093 UTC [2404] app_user@analytics LOG:  statement: SELECT id, name FROM users WHERE active = true LIMIT 145
2026-04-22 11:18:22.873 UTC [2401] readonly@staging ERROR:  syntax error at or near "SELEC" at character 1
2026-04-22 11:18:22.873 UTC [2401] readonly@staging STATEMENT:  SELEC * FROM users;
2026-04-22 11:18:25.268 UTC [2403] odoo@test_db LOG:  statement: SELECT id, name FROM users WHERE active = true LIMIT 187
2026-04-22 11:18:28.038 UTC [2403] postgres@test_db LOG:  statement: SELECT id, name FROM users WHERE active = true LIMIT 16
2026-04-22 11:18:31.121 UTC [2403] admin@analytics LOG:  statement: SELECT id, name FROM users WHERE active = true LIMIT 167
2026-04-22 11:18:32.753 UTC [2405] odoo@test_db LOG:  statement: SELECT id, name FROM users WHERE active = true LIMIT 12
2026-04-22 11:18:35.007 UTC [2402] admin@analytics LOG:  statement: SELECT id, name FROM users WHERE active = true LIMIT 160
2026-04-22 11:18:38.838 UTC [2403] app_user@production LOG:  statement: SELECT id, name FROM users WHERE active = true LIMIT 74
2026-04-22 11:18:39.075 UTC [2405] postgres@analytics LOG:  duration: 3.244 ms  statement: SELECT count(*) FROM orders WHERE created_at > now() - interval '1 day'
2026-04-22 11:18:40.298 UTC [2404] postgres@analytics LOG:  duration: 4.859 ms  statement: SELECT count(*) FROM orders WHERE created_at > now() - interval '1 day'
2026-04-22 11:18:42.406 UTC [2401] admin@test_db LOG:  statement: SELECT id, name FROM users WHERE active = true LIMIT 175
2026-04-22 11:18:44.019 UTC [2405] postgres@production LOG:  statement: SELECT id, name FROM users WHERE active = true LIMIT 192
2026-04-22 11:18:44.458 UTC [2402] odoo@staging LOG:  statement: SELECT id, name FROM users WHERE active = true LIMIT 40
2026-04-22 11:18:45.845 UTC [2401] admin@production LOG:  statement: SELECT id, name FROM users WHERE active = true LIMIT 149
2026-04-22 11:18:47.307 UTC [2403] odoo@production WARNING:  there is already a transaction in progress
2026-04-22 11:18:49.521 UTC [2403] odoo@analytics LOG:  statement: SELECT id, name FROM users WHERE active = true LIMIT 180
2026-04-22 11:18:49.887 UTC [2404] admin@production LOG:  statement: SELECT id, name FROM users WHERE active = true LIMIT 138
2026-04-22 11:18:50.693 UTC [2402] app_user@production LOG:  statement: SELECT id, name FROM users WHERE active = true LIMIT 80
2026-04-22 11:18:51.501 UTC [2405] odoo@test_db LOG:  duration: 4.226 ms  statement: SELECT count(*) FROM orders WHERE created_at > now() - interval '1 day'
2026-04-22 11:18:53.897 UTC [2401] app_user@analytics LOG:  statement: SELECT id, name FROM users WHERE active = true LIMIT 97
2026-04-22 11:18:56.316 UTC [2404] readonly@production ERROR:  syntax error at or near "SELEC" at character 1
2026-04-22 11:18:56.316 UTC [2404] readonly@production STATEMENT:  SELEC * FROM users;
2026-04-22 11:18:57.163 UTC [2401] postgres@production DEBUG:  query executed in cache
2026-04-22 11:19:00.403 UTC [2402] app_user@production LOG:  statement: SELECT id, name FROM users WHERE active = true LIMIT 12
2026-04-22 11:19:00.835 UTC [2402] app_user@test_db WARNING:  there is already a transaction in progress
2026-04-22 11:19:03.996 UTC [2402] app_user@staging DEBUG:  query executed in cache
2026-04-22 11:19:05.649 UTC [2402] app_user@production DEBUG:  query executed in cache
2026-04-22 11:19:08.063 UTC [2402] app_user@staging LOG:  statement: SELECT id, name FROM users WHERE active = true LIMIT 67
2026-04-22 11:19:08.888 UTC [2402] app_user@staging ERROR:  duplicate key value violates unique constraint "users_email_key"
2026-04-22 11:19:08.888 UTC [2402] app_user@staging DETAIL:  Key (email)=(test@example.com) already exists.
2026-04-22 11:19:09.366 UTC [2403] admin@analytics LOG:  statement: SELECT id, name FROM users WHERE active = true LIMIT 158
2026-04-22 11:19:12.863 UTC [2403] app_user@test_db LOG:  duration: 4.175 ms  statement: SELECT count(*) FROM orders WHERE created_at > now() - interval '1 day'
2026-04-22 11:19:13.600 UTC [2401] readonly@test_db LOG:  statement: SELECT id, name FROM users WHERE active = true LIMIT 63
2026-04-22 11:19:14.549 UTC [2404] app_user@analytics LOG:  statement: SELECT id, name FROM users WHERE active = true LIMIT 138
2026-04-22 11:19:16.751 UTC [2405] app_user@production DEBUG:  query executed in cache
2026-04-22 11:19:17.919 UTC [2403] odoo@test_db LOG:  statement: SELECT id, name FROM users WHERE active = true LIMIT 39
2026-04-22 11:19:18.591 UTC [2405] odoo@test_db LOG:  statement: SELECT id, name FROM users WHERE active = true LIMIT 92
2026-04-22 11:19:21.387 UTC [2403] readonly@test_db LOG:  duration: 0.266 ms  statement: SELECT count(*) FROM orders WHERE created_at > now() - interval '1 day'
2026-04-22 11:19:22.137 UTC [2401] app_user@production LOG:  statement: SELECT id, name FROM users WHERE active = true LIMIT 95
2026-04-22 11:19:25.977 UTC [2403] postgres@staging LOG:  statement: SELECT id, name FROM users WHERE active = true LIMIT 51
2026-04-22 11:19:29.157 UTC [2404] readonly@staging LOG:  statement: SELECT id, name FROM users WHERE active = true LIMIT 167
2026-04-22 11:19:32.250 UTC [2404] readonly@test_db LOG:  statement: SELECT id, name FROM users WHERE active = true LIMIT 72
2026-04-22 11:19:34.326 UTC [2403] app_user@analytics LOG:  duration: 1.571 ms  statement: SELECT count(*) FROM orders WHERE created_at > now() - interval '1 day'
2026-04-22 11:19:36.150 UTC [2402] readonly@production LOG:  statement: SELECT id, name FROM users WHERE active = true LIMIT 78
2026-04-22 11:19:36.921 UTC [2405] admin@production LOG:  statement: SELECT id, name FROM users WHERE active = true LIMIT 86
2026-04-22 11:19:40.918 UTC [2405] readonly@staging ERROR:  duplicate key value violates unique constraint "users_email_key"
2026-04-22 11:19:40.918 UTC [2405] readonly@staging DETAIL:  Key (email)=(test@example.com) already exists.
2026-04-22 11:19:44.247 UTC [2402] odoo@analytics ERROR:  syntax error at or near "SELEC" at character 1
2026-04-22 11:19:44.247 UTC [2402] odoo@analytics STATEMENT:  SELEC * FROM users;
2026-04-22 11:19:47.629 UTC [2401] app_user@staging LOG:  statement: SELECT id, name FROM users WHERE active = true LIMIT 111
2026-04-22 11:19:50.426 UTC [2402] admin@production LOG:  statement: SELECT id, name FROM users WHERE active = true LIMIT 54
2026-04-22 11:19:51.282 UTC [2403] app_user@production LOG:  statement: SELECT id, name FROM users WHERE active = true LIMIT 62
2026-04-22 11:19:52.013 UTC [2404] postgres@staging LOG:  duration: 4.244 ms  statement: SELECT count(*) FROM orders WHERE created_at > now() - interval '1 day'
2026-04-22 11:19:52.765 UTC [2403] postgres@test_db LOG:  statement: SELECT id, name FROM users WHERE active = true LIMIT 130
2026-04-22 11:19:56.603 UTC [2405] admin@staging LOG:  statement: SELECT id, name FROM users WHERE active = true LIMIT 106
2026-04-22 11:19:58.290 UTC [2404] odoo@production LOG:  statement: SELECT id, name FROM users WHERE active = true LIMIT 44
2026-04-22 11:20:01.747 UTC [2404] app_user@analytics LOG:  duration: 4.376 ms  statement: SELECT count(*) FROM orders WHERE created_at > now() - interval '1 day'
2026-04-22 11:20:03.267 UTC [2405] admin@production LOG:  statement: SELECT id, name FROM users WHERE active = true LIMIT 199
2026-04-22 11:20:06.994 UTC [2405] postgres@staging LOG:  duration: 3.862 ms  statement: SELECT count(*) FROM orders WHERE created_at > now() - interval '1 day'
2026-04-22 11:20:09.147 UTC [2403] app_user@analytics WARNING:  there is already a transaction in progress
2026-04-22 11:20:12.993 UTC [2405] readonly@test_db LOG:  statement: SELECT id, name FROM users WHERE active = true LIMIT 68
2026-04-22 11:20:13.274 UTC [2402] admin@staging LOG:  statement: SELECT id, name FROM users WHERE active = true LIMIT 121
2026-04-22 11:20:16.052 UTC [2401] app_user@test_db LOG:  statement: SELECT id, name FROM users WHERE active = true LIMIT 48
2026-04-22 11:20:18.917 UTC [2403] app_user@test_db WARNING:  there is already a transaction in progress
2026-04-22 11:20:19.752 UTC [2401] app_user@test_db LOG:  statement: SELECT id, name FROM users WHERE active = true LIMIT 184
2026-04-22 11:20:23.154 UTC [2405] postgres@test_db LOG:  statement: SELECT id, name FROM users WHERE active = true LIMIT 185
2026-04-22 11:20:23.912 UTC [2401] admin@production LOG:  statement: SELECT id, name FROM users WHERE active = true LIMIT 157
2026-04-22 11:20:24.059 UTC [2405] admin@test_db LOG:  statement: SELECT id, name FROM users WHERE active = true LIMIT 181
2026-04-22 11:20:25.399 UTC [2404] admin@production LOG:  statement: SELECT id, name FROM users WHERE active = true LIMIT 199
2026-04-22 11:20:27.555 UTC [2401] readonly@test_db LOG:  statement: SELECT id, name FROM users WHERE active = true LIMIT 131
2026-04-22 11:20:28.112 UTC [2403] readonly@analytics DEBUG:  query executed in cache
2026-04-22 11:20:31.776 UTC [2404] readonly@test_db LOG:  duration: 0.837 ms  statement: SELECT count(*) FROM orders WHERE created_at > now() - interval '1 day'
2026-04-22 11:20:32.685 UTC [2403] readonly@analytics LOG:  statement: SELECT id, name FROM users WHERE active = true LIMIT 167
2026-04-22 11:20:34.688 UTC [2404] admin@production LOG:  statement: SELECT id, name FROM users WHERE active = true LIMIT 41
2026-04-22 11:20:34.993 UTC [2404] admin@analytics WARNING:  there is already a transaction in progress
2026-04-22 11:20:36.475 UTC [2403] app_user@test_db LOG:  duration: 3.857 ms  statement: SELECT count(*) FROM orders WHERE created_at > now() - interval '1 day'
2026-04-22 11:20:37.307 UTC [2401] readonly@analytics LOG:  statement: SELECT id, name FROM users WHERE active = true LIMIT 116
2026-04-22 11:20:38.626 UTC [2401] admin@analytics LOG:  duration: 3.019 ms  statement: SELECT count(*) FROM orders WHERE created_at > now() - interval '1 day'
2026-04-22 11:20:39.744 UTC [2403] postgres@test_db LOG:  statement: SELECT id, name FROM users WHERE active = true LIMIT 146
2026-04-22 11:20:42.436 UTC [2401] odoo@staging LOG:  statement: SELECT id, name FROM users WHERE active = true LIMIT 80
2026-04-22 11:20:46.299 UTC [2403] admin@staging WARNING:  there is already a transaction in progress
2026-04-22 11:20:46.565 UTC [2405] readonly@test_db LOG:  statement: SELECT id, name FROM users WHERE active = true LIMIT 105
2026-04-22 11:20:48.229 UTC [2401] odoo@production LOG:  statement: SELECT id, name FROM users WHERE active = true LIMIT 195
2026-04-22 11:20:50.059 UTC [2401] app_user@analytics LOG:  statement: SELECT id, name FROM users WHERE active = true LIMIT 57
2026-04-22 11:20:50.635 UTC [2403] postgres@test_db DEBUG:  query executed in cache
2026-04-22 11:20:53.256 UTC [2405] app_user@analytics LOG:  statement: SELECT id, name FROM users WHERE active = true LIMIT 72
2026-04-22 11:20:54.237 UTC [2401] app_user@test_db DEBUG:  query executed in cache
2026-04-22 11:20:55.470 UTC [2404] app_user@staging LOG:  statement: SELECT id, name FROM users WHERE active = true LIMIT 21
2026-04-22 11:20:58.347 UTC [2405] admin@staging LOG:  statement: SELECT id, name FROM users WHERE active = true LIMIT 11
2026-04-22 11:21:01.650 UTC [2404] odoo@production LOG:  statement: SELECT id, name FROM users WHERE active = true LIMIT 43
2026-04-22 11:21:04.203 UTC [2403] app_user@test_db DEBUG:  query executed in cache
2026-04-22 11:21:05.223 UTC [2403] postgres@staging LOG:  statement: SELECT id, name FROM users WHERE active = true LIMIT 93
2026-04-22 11:21:08.305 UTC [2402] postgres@analytics DEBUG:  query executed in cache
2026-04-22 11:21:11.005 UTC [2404] readonly@test_db LOG:  duration: 2.753 ms  statement: SELECT count(*) FROM orders WHERE created_at > now() - interval '1 day'
2026-04-22 11:21:12.509 UTC [2404] readonly@production LOG:  statement: SELECT id, name FROM users WHERE active = true LIMIT 98
2026-04-22 11:21:16.108 UTC [2404] odoo@test_db DEBUG:  query executed in cache
2026-04-22 11:21:18.964 UTC [2402] readonly@staging LOG:  statement: SELECT id, name FROM users WHERE active = true LIMIT 113
2026-04-22 11:21:21.650 UTC [2401] readonly@production LOG:  statement: SELECT id, name FROM users WHERE active = true LIMIT 98
2026-04-22 11:21:22.995 UTC [2401] odoo@analytics LOG:  statement: SELECT id, name FROM users WHERE active = true LIMIT 90
2026-04-22 11:21:23.733 UTC [2404] admin@production LOG:  duration: 0.917 ms  statement: SELECT count(*) FROM orders WHERE created_at > now() - interval '1 day'
2026-04-22 11:21:25.534 UTC [2403] FATAL:  terminating connection due to administrator command
2026-04-22 11:21:26.595 UTC [2401] app_user@test_db LOG:  statement: SELECT id, name FROM users WHERE active = true LIMIT 147
2026-04-22 11:21:27.092 UTC [2402] admin@production LOG:  statement: SELECT id, name FROM users WHERE active = true LIMIT 64
2026-04-22 11:21:27.923 UTC [2401] readonly@analytics WARNING:  there is already a transaction in progress
2026-04-22 11:21:29.464 UTC [2404] readonly@test_db DEBUG:  query executed in cache
2026-04-22 11:21:30.872 UTC [2404] readonly@analytics DEBUG:  query executed in cache
2026-04-22 11:21:31.894 UTC [2401] app_user@test_db WARNING:  there is already a transaction in progress
2026-04-22 11:21:35.377 UTC [2404] admin@analytics ERROR:  syntax error at or near "SELEC" at character 1
2026-04-22 11:21:35.377 UTC [2404] admin@analytics STATEMENT:  SELEC * FROM users;
2026-04-22 11:21:36.658 UTC [2402] odoo@test_db LOG:  statement: SELECT id, name FROM users WHERE active = true LIMIT 95
2026-04-22 11:21:38.328 UTC [2404] odoo@production LOG:  duration: 2.149 ms  statement: SELECT count(*) FROM orders WHERE created_at > now() - interval '1 day'
2026-04-22 11:21:41.034 UTC [2404] admin@staging LOG:  statement: SELECT id, name FROM users WHERE active = true LIMIT 67
2026-04-22 11:21:43.589 UTC [2402] readonly@production LOG:  duration: 2.103 ms  statement: SELECT count(*) FROM orders WHERE created_at > now() - interval '1 day'
2026-04-22 11:21:44.370 UTC [2401] app_user@staging LOG:  duration: 2.412 ms  statement: SELECT count(*) FROM orders WHERE created_at > now() - interval '1 day'
2026-04-22 11:21:47.513 UTC [2401] app_user@production LOG:  duration: 3.970 ms  statement: SELECT count(*) FROM orders WHERE created_at > now() - interval '1 day'
2026-04-22 11:21:51.095 UTC [2404] readonly@staging ERROR:  syntax error at or near "SELEC" at character 1
2026-04-22 11:21:51.095 UTC [2404] readonly@staging STATEMENT:  SELEC * FROM users;
2026-04-22 11:21:51.912 UTC [2404] app_user@staging LOG:  statement: SELECT id, name FROM users WHERE active = true LIMIT 192
2026-04-22 11:21:53.212 UTC [2402] app_user@staging LOG:  statement: SELECT id, name FROM users WHERE active = true LIMIT 17
2026-04-22 11:21:55.192 UTC [2402] readonly@test_db LOG:  statement: SELECT id, name FROM users WHERE active = true LIMIT 164
2026-04-22 11:21:57.181 UTC [2404] odoo@staging LOG:  statement: SELECT id, name FROM users WHERE active = true LIMIT 38
2026-04-22 11:21:58.283 UTC [2405] app_user@staging LOG:  statement: SELECT id, name FROM users WHERE active = true LIMIT 27
2026-04-22 11:22:01.934 UTC [2401] postgres@test_db LOG:  statement: SELECT id, name FROM users WHERE active = true LIMIT 130
2026-04-22 11:22:03.099 UTC [2404] postgres@test_db WARNING:  there is already a transaction in progress
2026-04-22 11:22:04.995 UTC [2405] postgres@production LOG:  statement: SELECT id, name FROM users WHERE active = true LIMIT 195
2026-04-22 11:22:08.487 UTC [2401] app_user@test_db WARNING:  there is already a transaction in progress
2026-04-22 11:22:11.522 UTC [2401] app_user@test_db ERROR:  syntax error at or near "SELEC" at character 1
2026-04-22 11:22:11.522 UTC [2401] app_user@test_db STATEMENT:  SELEC * FROM users;
2026-04-22 11:22:12.046 UTC [2404] admin@production LOG:  statement: SELECT id, name FROM users WHERE active = true LIMIT 77
2026-04-22 11:22:13.647 UTC [2405] postgres@staging LOG:  statement: SELECT id, name FROM users WHERE active = true LIMIT 96
2026-04-22 11:22:14.607 UTC [2402] odoo@test_db LOG:  statement: SELECT id, name FROM users WHERE active = true LIMIT 94
2026-04-22 11:22:17.789 UTC [2401] admin@test_db LOG:  statement: SELECT id, name FROM users WHERE active = true LIMIT 76
2026-04-22 11:22:19.243 UTC [2403] app_user@test_db DEBUG:  query executed in cache
2026-04-22 11:22:21.777 UTC [2403] readonly@analytics LOG:  statement: SELECT id, name FROM users WHERE active = true LIMIT 45
2026-04-22 11:22:21.983 UTC [2402] readonly@analytics LOG:  statement: SELECT id, name FROM users WHERE active = true LIMIT 104
2026-04-22 11:22:23.339 UTC [2405] app_user@analytics ERROR:  syntax error at or near "SELEC" at character 1
2026-04-22 11:22:23.339 UTC [2405] app_user@analytics STATEMENT:  SELEC * FROM users;
2026-04-22 11:22:25.385 UTC [2402] readonly@analytics DEBUG:  query executed in cache
2026-04-22 11:22:26.085 UTC [2403] odoo@staging LOG:  duration: 4.310 ms  statement: SELECT count(*) FROM orders WHERE created_at > now() - interval '1 day'
2026-04-22 11:22:29.670 UTC [2403] odoo@production LOG:  statement: SELECT id, name FROM users WHERE active = true LIMIT 87
2026-04-22 11:22:30.832 UTC [2402] readonly@production LOG:  statement: SELECT id, name FROM users WHERE active = true LIMIT 140
2026-04-22 11:22:33.465 UTC [2405] admin@test_db ERROR:  syntax error at or near "SELEC" at character 1
2026-04-22 11:22:33.465 UTC [2405] admin@test_db STATEMENT:  SELEC * FROM users;
2026-04-22 11:22:35.708 UTC [2403] odoo@analytics LOG:  statement: SELECT id, name FROM users WHERE active = true LIMIT 134
2026-04-22 11:22:36.526 UTC [2402] readonly@test_db LOG:  statement: SELECT id, name FROM users WHERE active = true LIMIT 107
2026-04-22 11:22:37.546 UTC [2401] postgres@analytics LOG:  statement: SELECT id, name FROM users WHERE active = true LIMIT 67
2026-04-22 11:22:40.308 UTC [2402] app_user@production LOG:  statement: SELECT id, name FROM users WHERE active = true LIMIT 137
2026-04-22 11:22:43.848 UTC [2404] readonly@production DEBUG:  query executed in cache
2026-04-22 11:22:45.437 UTC [2405] odoo@staging LOG:  duration: 2.053 ms  statement: SELECT count(*) FROM orders WHERE created_at > now() - interval '1 day'
2026-04-22 11:22:46.648 UTC [2401] app_user@production LOG:  duration: 2.720 ms  statement: SELECT count(*) FROM orders WHERE created_at > now() - interval '1 day'
2026-04-22 11:22:48.577 UTC [2405] postgres@production LOG:  duration: 1.315 ms  statement: SELECT count(*) FROM orders WHERE created_at > now() - interval '1 day'
2026-04-22 11:22:49.612 UTC [2403] odoo@staging LOG:  duration: 2.335 ms  statement: SELECT count(*) FROM orders WHERE created_at > now() - interval '1 day'
2026-04-22 11:22:51.972 UTC [2401] readonly@analytics LOG:  statement: SELECT id, name FROM users WHERE active = true LIMIT 200
2026-04-22 11:22:54.212 UTC [2402] postgres@staging LOG:  statement: SELECT id, name FROM users WHERE active = true LIMIT 63
2026-04-22 11:22:56.213 UTC [2402] odoo@test_db LOG:  statement: SELECT id, name FROM users WHERE active = true LIMIT 23
2026-04-22 11:22:58.272 UTC [2403] postgres@staging LOG:  statement: SELECT id, name FROM users WHERE active = true LIMIT 31
2026-04-22 11:23:00.593 UTC [2404] odoo@production LOG:  duration: 3.032 ms  statement: SELECT count(*) FROM orders WHERE created_at > now() - interval '1 day'
2026-04-22 11:23:03.075 UTC [2403] readonly@production LOG:  statement: SELECT id, name FROM users WHERE active = true LIMIT 38
2026-04-22 11:23:03.177 UTC [2404] odoo@test_db LOG:  statement: SELECT id, name FROM users WHERE active = true LIMIT 114
2026-04-22 11:23:05.862 UTC [2405] app_user@test_db LOG:  statement: SELECT id, name FROM users WHERE active = true LIMIT 139
2026-04-22 11:23:09.859 UTC [2404] readonly@analytics LOG:  duration: 1.395 ms  statement: SELECT count(*) FROM orders WHERE created_at > now() - interval '1 day'
2026-04-22 11:23:11.086 UTC [2405] odoo@analytics LOG:  duration: 2.565 ms  statement: SELECT count(*) FROM orders WHERE created_at > now() - interval '1 day'
2026-04-22 11:23:13.183 UTC [2404] postgres@staging LOG:  statement: SELECT id, name FROM users WHERE active = true LIMIT 140
2026-04-22 11:23:14.015 UTC [2404] admin@staging LOG:  statement: SELECT id, name FROM users WHERE active = true LIMIT 120
2026-04-22 11:23:15.517 UTC [2403] postgres@test_db LOG:  duration: 2.739 ms  statement: SELECT count(*) FROM orders WHERE created_at > now() - interval '1 day'
2026-04-22 11:23:18.741 UTC [2402] odoo@production LOG:  statement: SELECT id, name FROM users WHERE active = true LIMIT 88
2026-04-22 11:23:21.980 UTC [2405] app_user@analytics LOG:  statement: SELECT id, name FROM users WHERE active = true LIMIT 36
2026-04-22 11:23:24.418 UTC [2403] readonly@staging LOG:  duration: 1.686 ms  statement: SELECT count(*) FROM orders WHERE created_at > now() - interval '1 day'
2026-04-22 11:23:28.009 UTC [2402] admin@staging LOG:  statement: SELECT id, name FROM users WHERE active = true LIMIT 179
2026-04-22 11:23:30.785 UTC [2402] app_user@test_db LOG:  duration: 2.143 ms  statement: SELECT count(*) FROM orders WHERE created_at > now() - interval '1 day'
2026-04-22 11:23:32.818 UTC [2403] odoo@analytics ERROR:  syntax error at or near "SELEC" at character 1
2026-04-22 11:23:32.818 UTC [2403] odoo@analytics STATEMENT:  SELEC * FROM users;
2026-04-22 11:23:34.172 UTC [2403] app_user@staging LOG:  statement: SELECT id, name FROM users WHERE active = true LIMIT 100
2026-04-22 11:23:36.014 UTC [2403] admin@analytics LOG:  duration: 3.837 ms  statement: SELECT count(*) FROM orders WHERE created_at > now() - interval '1 day'
2026-04-22 11:23:37.788 UTC [2401] admin@production LOG:  statement: SELECT id, name FROM users WHERE active = true LIMIT 45
2026-04-22 11:23:41.240 UTC [2404] app_user@production DEBUG:  query executed in cache
2026-04-22 11:23:44.750 UTC [2402] app_user@analytics LOG:  statement: SELECT id, name FROM users WHERE active = true LIMIT 92
2026-04-22 11:23:47.135 UTC [2404] admin@analytics LOG:  duration: 1.077 ms  statement: SELECT count(*) FROM orders WHERE created_at > now() - interval '1 day'
2026-04-22 11:23:50.742 UTC [2402] readonly@test_db LOG:  statement: SELECT id, name FROM users WHERE active = true LIMIT 29
2026-04-22 11:23:53.802 UTC [2402] odoo@analytics LOG:  statement: SELECT id, name FROM users WHERE active = true LIMIT 194
2026-04-22 11:23:57.101 UTC [2405] admin@production LOG:  duration: 3.470 ms  statement: SELECT count(*) FROM orders WHERE created_at > now() - interval '1 day'
2026-04-22 11:23:59.686 UTC [2404] odoo@analytics LOG:  duration: 0.391 ms  statement: SELECT count(*) FROM orders WHERE created_at > now() - interval '1 day'
2026-04-22 11:24:01.989 UTC [2401] app_user@analytics LOG:  statement: SELECT id, name FROM users WHERE active = true LIMIT 82
2026-04-22 11:24:05.696 UTC [2401] admin@staging DEBUG:  query executed in cache
2026-04-22 11:24:09.375 UTC [2403] admin@staging LOG:  statement: SELECT id, name FROM users WHERE active = true LIMIT 86
2026-04-22 11:24:11.270 UTC [2405] odoo@production LOG:  statement: SELECT id, name FROM users WHERE active = true LIMIT 156
2026-04-22 11:24:14.194 UTC [2405] app_user@analytics LOG:  statement: SELECT id, name FROM users WHERE active = true LIMIT 27
2026-04-22 11:24:17.354 UTC [2403] app_user@test_db WARNING:  there is already a transaction in progress
2026-04-22 11:24:18.386 UTC [2402] app_user@test_db LOG:  statement: SELECT id, name FROM users WHERE active = true LIMIT 95
2026-04-22 11:24:20.958 UTC [2402] app_user@analytics DEBUG:  query executed in cache
2026-04-22 11:24:23.688 UTC [2401] odoo@production LOG:  statement: SELECT id, name FROM users WHERE active = true LIMIT 111
2026-04-22 11:24:27.527 UTC [2404] postgres@production ERROR:  duplicate key value violates unique constraint "users_email_key"
2026-04-22 11:24:27.527 UTC [2404] postgres@production DETAIL:  Key (email)=(test@example.com) already exists.
2026-04-22 11:24:27.758 UTC [2403] postgres@test_db ERROR:  syntax error at or near "SELEC" at character 1
2026-04-22 11:24:27.758 UTC [2403] postgres@test_db STATEMENT:  SELEC * FROM users;
2026-04-22 11:24:29.015 UTC [2403] readonly@test_db LOG:  duration: 3.208 ms  statement: SELECT count(*) FROM orders WHERE created_at > now() - interval '1 day'
2026-04-22 11:24:31.401 UTC [2401] readonly@production DEBUG:  query executed in cache
2026-04-22 11:24:33.851 UTC [2405] odoo@production ERROR:  syntax error at or near "SELEC" at character 1
2026-04-22 11:24:33.851 UTC [2405] odoo@production STATEMENT:  SELEC * FROM users;
2026-04-22 11:24:37.093 UTC [2405] odoo@production LOG:  duration: 4.107 ms  statement: SELECT count(*) FROM orders WHERE created_at > now() - interval '1 day'
2026-04-22 11:24:39.857 UTC [2404] admin@staging LOG:  statement: SELECT id, name FROM users WHERE active = true LIMIT 56
2026-04-22 11:24:42.118 UTC [2405] app_user@test_db DEBUG:  query executed in cache
2026-04-22 11:24:44.572 UTC [2404] postgres@test_db LOG:  statement: SELECT id, name FROM users WHERE active = true LIMIT 169
2026-04-22 11:24:45.594 UTC [2404] postgres@production LOG:  statement: SELECT id, name FROM users WHERE active = true LIMIT 48
2026-04-22 11:24:47.874 UTC [2403] odoo@analytics LOG:  statement: SELECT id, name FROM users WHERE active = true LIMIT 180
2026-04-22 11:24:51.632 UTC [2402] readonly@analytics WARNING:  there is already a transaction in progress
2026-04-22 11:24:54.898 UTC [2405] odoo@staging LOG:  statement: SELECT id, name FROM users WHERE active = true LIMIT 88
2026-04-22 11:24:57.182 UTC [2402] postgres@production LOG:  duration: 4.239 ms  statement: SELECT count(*) FROM orders WHERE created_at > now() - interval '1 day'
2026-04-22 11:24:57.565 UTC [2402] readonly@analytics LOG:  statement: SELECT id, name FROM users WHERE active = true LIMIT 90
2026-04-22 11:24:58.905 UTC [2402] odoo@staging LOG:  statement: SELECT id, name FROM users WHERE active = true LIMIT 79
2026-04-22 11:24:59.116 UTC [2402] odoo@analytics LOG:  statement: SELECT id, name FROM users WHERE active = true LIMIT 122
2026-04-22 11:25:01.034 UTC [2401] admin@production WARNING:  there is already a transaction in progress
2026-04-22 11:25:02.964 UTC [2402] admin@production LOG:  statement: SELECT id, name FROM users WHERE active = true LIMIT 60
2026-04-22 11:25:03.444 UTC [2402] admin@production ERROR:  duplicate key value violates unique constraint "users_email_key"
2026-04-22 11:25:03.444 UTC [2402] admin@production DETAIL:  Key (email)=(test@example.com) already exists.
2026-04-22 11:25:04.211 UTC [2405] readonly@production DEBUG:  query executed in cache
2026-04-22 11:25:07.381 UTC [2401] FATAL:  terminating connection due to administrator command
2026-04-22 11:25:07.852 UTC [2404] odoo@staging DEBUG:  query executed in cache
2026-04-22 11:25:10.035 UTC [2403] admin@analytics LOG:  statement: SELECT id, name FROM users WHERE active = true LIMIT 126
2026-04-22 11:25:13.425 UTC [2401] postgres@test_db LOG:  statement: SELECT id, name FROM users WHERE active = true LIMIT 35
2026-04-22 11:25:16.951 UTC [2403] app_user@analytics LOG:  statement: SELECT id, name FROM users WHERE active = true LIMIT 176
2026-04-22 11:25:19.715 UTC [2403] odoo@production LOG:  duration: 2.009 ms  statement: SELECT count(*) FROM orders WHERE created_at > now() - interval '1 day'
2026-04-22 11:25:22.803 UTC [2404] postgres@analytics LOG:  duration: 1.684 ms  statement: SELECT count(*) FROM orders WHERE created_at > now() - interval '1 day'
2026-04-22 11:25:25.215 UTC [2402] odoo@staging LOG:  statement: SELECT id, name FROM users WHERE active = true LIMIT 142
2026-04-22 11:25:28.437 UTC [2402] odoo@test_db LOG:  statement: SELECT id, name FROM users WHERE active = true LIMIT 162
2026-04-22 11:25:31.066 UTC [2402] app_user@analytics LOG:  statement: SELECT id, name FROM users WHERE active = true LIMIT 50
2026-04-22 11:25:35.001 UTC [2404] odoo@staging LOG:  statement: SELECT id, name FROM users WHERE active = true LIMIT 48
2026-04-22 11:25:38.322 UTC [2402] app_user@production LOG:  statement: SELECT id, name FROM users WHERE active = true LIMIT 137
2026-04-22 11:25:40.983 UTC [2402] app_user@test_db LOG:  statement: SELECT id, name FROM users WHERE active = true LIMIT 77
2026-04-22 11:25:44.291 UTC [2405] app_user@production LOG:  statement: SELECT id, name FROM users WHERE active = true LIMIT 17
2026-04-22 11:25:48.133 UTC [2404] postgres@staging LOG:  statement: SELECT id, name FROM users WHERE active = true LIMIT 148
2026-04-22 11:25:48.880 UTC [2404] readonly@staging LOG:  statement: SELECT id, name FROM users WHERE active = true LIMIT 99
2026-04-22 11:25:49.251 UTC [2402] postgres@test_db LOG:  statement: SELECT id, name FROM users WHERE active = true LIMIT 131
2026-04-22 11:25:49.901 UTC [2404] admin@test_db WARNING:  there is already a transaction in progress
2026-04-22 11:25:51.924 UTC [2401] app_user@test_db WARNING:  there is already a transaction in progress
2026-04-22 11:25:54.712 UTC [2403] odoo@analytics LOG:  statement: SELECT id, name FROM users WHERE active = true LIMIT 167
2026-04-22 11:25:57.878 UTC [2401] admin@test_db WARNING:  there is already a transaction in progress
2026-04-22 11:25:58.876 UTC [2405] odoo@staging LOG:  statement: SELECT id, name FROM users WHERE active = true LIMIT 46
2026-04-22 11:26:01.913 UTC [2402] postgres@production LOG:  statement: SELECT id, name FROM users WHERE active = true LIMIT 167
2026-04-22 11:26:03.039 UTC [2401] odoo@staging LOG:  statement: SELECT id, name FROM users WHERE active = true LIMIT 178
2026-04-22 11:26:05.876 UTC [2403] app_user@test_db LOG:  duration: 2.633 ms  statement: SELECT count(*) FROM orders WHERE created_at > now() - interval '1 day'
2026-04-22 11:26:07.704 UTC [2403] odoo@analytics LOG:  statement: SELECT id, name FROM users WHERE active = true LIMIT 47
2026-04-22 11:26:10.392 UTC [2405] postgres@test_db LOG:  statement: SELECT id, name FROM users WHERE active = true LIMIT 60
2026-04-22 11:26:13.091 UTC [2402] postgres@staging LOG:  statement: SELECT id, name FROM users WHERE active = true LIMIT 70
2026-04-22 11:26:13.238 UTC [2402] admin@analytics LOG:  duration: 2.471 ms  statement: SELECT count(*) FROM orders WHERE created_at > now() - interval '1 day'
2026-04-22 11:26:15.189 UTC [2403] FATAL:  terminating connection due to administrator command
2026-04-22 11:26:17.524 UTC [2404] readonly@analytics LOG:  statement: SELECT id, name FROM users WHERE active = true LIMIT 200
2026-04-22 11:26:19.005 UTC [2403] FATAL:  terminating connection due to administrator command
2026-04-22 11:26:22.410 UTC [2402] app_user@analytics WARNING:  there is already a transaction in progress
2026-04-22 11:26:25.246 UTC [2405] admin@production WARNING:  there is already a transaction in progress
2026-04-22 11:26:28.548 UTC [2405] app_user@production LOG:  statement: SELECT id, name FROM users WHERE active = true LIMIT 174
2026-04-22 11:26:29.035 UTC [2401] readonly@staging LOG:  statement: SELECT id, name FROM users WHERE active = true LIMIT 127
2026-04-22 11:26:29.652 UTC [2401] postgres@analytics WARNING:  there is already a transaction in progress
2026-04-22 11:26:32.018 UTC [2403] admin@test_db ERROR:  duplicate key value violates unique constraint "users_email_key"
2026-04-22 11:26:32.018 UTC [2403] admin@test_db DETAIL:  Key (email)=(test@example.com) already exists.
2026-04-22 11:26:33.746 UTC [2401] readonly@staging WARNING:  there is already a transaction in progress
2026-04-22 11:26:37.286 UTC [2405] odoo@staging LOG:  duration: 3.902 ms  statement: SELECT count(*) FROM orders WHERE created_at > now() - interval '1 day'
2026-04-22 11:26:39.691 UTC [2402] app_user@staging WARNING:  there is already a transaction in progress
2026-04-22 11:26:42.000 UTC [2405] postgres@analytics LOG:  statement: SELECT id, name FROM users WHERE active = true LIMIT 145
2026-04-22 11:26:42.510 UTC [2402] app_user@staging LOG:  duration: 3.211 ms  statement: SELECT count(*) FROM orders WHERE created_at > now() - interval '1 day'
2026-04-22 11:26:44.825 UTC [2405] odoo@staging ERROR:  syntax error at or near "SELEC" at character 1
2026-04-22 11:26:44.825 UTC [2405] odoo@staging STATEMENT:  SELEC * FROM users;
2026-04-22 11:26:46.065 UTC [2405] admin@staging LOG:  statement: SELECT id, name FROM users WHERE active = true LIMIT 112
2026-04-22 11:26:49.825 UTC [2403] admin@test_db LOG:  statement: SELECT id, name FROM users WHERE active = true LIMIT 92
2026-04-22 11:26:50.231 UTC [2402] app_user@production LOG:  statement: SELECT id, name FROM users WHERE active = true LIMIT 152
2026-04-22 11:26:50.573 UTC [2403] odoo@production DEBUG:  query executed in cache
2026-04-22 11:26:54.041 UTC [2402] odoo@test_db LOG:  statement: SELECT id, name FROM users WHERE active = true LIMIT 72
2026-04-22 11:26:55.742 UTC [2404] odoo@test_db LOG:  duration: 1.318 ms  statement: SELECT count(*) FROM orders WHERE created_at > now() - interval '1 day'
2026-04-22 11:26:59.729 UTC [2403] postgres@staging LOG:  statement: SELECT id, name FROM users WHERE active = true LIMIT 112
2026-04-22 11:27:00.672 UTC [2401] readonly@staging LOG:  statement: SELECT id, name FROM users WHERE active = true LIMIT 182
2026-04-22 11:27:03.380 UTC [2403] app_user@production LOG:  statement: SELECT id, name FROM users WHERE active = true LIMIT 89
2026-04-22 11:27:04.431 UTC [2405] postgres@test_db LOG:  duration: 1.564 ms  statement: SELECT count(*) FROM orders WHERE created_at > now() - interval '1 day'
2026-04-22 11:27:05.160 UTC [2401] readonly@test_db LOG:  statement: SELECT id, name FROM users WHERE active = true LIMIT 194
2026-04-22 11:27:06.822 UTC [2403] app_user@production WARNING:  there is already a transaction in progress
2026-04-22 11:27:08.666 UTC [2403] postgres@test_db LOG:  duration: 4.394 ms  statement: SELECT count(*) FROM orders WHERE created_at > now() - interval '1 day'
2026-04-22 11:27:10.907 UTC [2404] app_user@staging LOG:  statement: SELECT id, name FROM users WHERE active = true LIMIT 197
2026-04-22 11:27:11.995 UTC [2405] readonly@analytics WARNING:  there is already a transaction in progress
2026-04-22 11:27:12.327 UTC [2404] admin@test_db LOG:  duration: 4.339 ms  statement: SELECT count(*) FROM orders WHERE created_at > now() - interval '1 day'
2026-04-22 11:27:15.049 UTC [2403] app_user@analytics LOG:  statement: SELECT id, name FROM users WHERE active = true LIMIT 117
2026-04-22 11:27:15.201 UTC [2403] app_user@production LOG:  statement: SELECT id, name FROM users WHERE active = true LIMIT 134
2026-04-22 11:27:16.207 UTC [2402] readonly@test_db LOG:  duration: 3.362 ms  statement: SELECT count(*) FROM orders WHERE created_at > now() - interval '1 day'
2026-04-22 11:27:18.791 UTC [2401] admin@test_db LOG:  statement: SELECT id, name FROM users WHERE active = true LIMIT 180
2026-04-22 11:27:21.309 UTC [2404] postgres@production WARNING:  there is already a transaction in progress
2026-04-22 11:27:21.890 UTC [2401] readonly@production ERROR:  duplicate key value violates unique constraint "users_email_key"
2026-04-22 11:27:21.890 UTC [2401] readonly@production DETAIL:  Key (email)=(test@example.com) already exists.
2026-04-22 11:27:25.329 UTC [2402] app_user@test_db LOG:  statement: SELECT id, name FROM users WHERE active = true LIMIT 200
2026-04-22 11:27:28.919 UTC [2401] app_user@test_db LOG:  statement: SELECT id, name FROM users WHERE active = true LIMIT 143
2026-04-22 11:27:31.759 UTC [2401] admin@test_db ERROR:  syntax error at or near "SELEC" at character 1
2026-04-22 11:27:31.759 UTC [2401] admin@test_db STATEMENT:  SELEC * FROM users;
2026-04-22 11:27:31.957 UTC [2402] readonly@staging LOG:  duration: 1.712 ms  statement: SELECT count(*) FROM orders WHERE created_at > now() - interval '1 day'
2026-04-22 11:27:35.043 UTC [2403] admin@production LOG:  statement: SELECT id, name FROM users WHERE active = true LIMIT 74
2026-04-22 11:27:36.161 UTC [2403] app_user@analytics LOG:  statement: SELECT id, name FROM users WHERE active = true LIMIT 22
2026-04-22 11:27:39.409 UTC [2403] admin@analytics DEBUG:  query executed in cache
2026-04-22 11:27:42.542 UTC [2402] readonly@analytics LOG:  statement: SELECT id, name FROM users WHERE active = true LIMIT 99
2026-04-22 11:27:44.009 UTC [2402] admin@production LOG:  statement: SELECT id, name FROM users WHERE active = true LIMIT 147
2026-04-22 11:27:44.523 UTC [2402] app_user@analytics ERROR:  syntax error at or near "SELEC" at character 1
2026-04-22 11:27:44.523 UTC [2402] app_user@analytics STATEMENT:  SELEC * FROM users;
2026-04-22 11:27:47.169 UTC [2401] admin@analytics LOG:  statement: SELECT id, name FROM users WHERE active = true LIMIT 57
2026-04-22 11:27:50.775 UTC [2404] odoo@analytics DEBUG:  query executed in cache
2026-04-22 11:27:54.544 UTC [2403] app_user@test_db LOG:  statement: SELECT id, name FROM users WHERE active = true LIMIT 50
2026-04-22 11:27:55.100 UTC [2402] app_user@production LOG:  statement: SELECT id, name FROM users WHERE active = true LIMIT 89
2026-04-22 11:27:58.299 UTC [2405] readonly@analytics LOG:  duration: 0.972 ms  statement: SELECT count(*) FROM orders WHERE created_at > now() - interval '1 day'
2026-04-22 11:27:58.781 UTC [2405] postgres@staging LOG:  statement: SELECT id, name FROM users WHERE active = true LIMIT 163
2026-04-22 11:28:00.000 UTC [2403] LOG:  disconnection: session time: 0:57:41.754 user=app_user database=test_db
2026-04-22 11:28:01.813 UTC [2404] app_user@staging LOG:  statement: SELECT id, name FROM users WHERE active = true LIMIT 100
2026-04-22 11:28:02.337 UTC [2404] odoo@test_db WARNING:  there is already a transaction in progress
2026-04-22 11:28:03.763 UTC [2403] FATAL:  terminating connection due to administrator command
2026-04-22 11:28:06.107 UTC [2404] postgres@staging LOG:  statement: SELECT id, name FROM users WHERE active = true LIMIT 80
2026-04-22 11:28:08.000 UTC [2402] LOG:  disconnection: session time: 0:28:43.584 user=app_user database=staging
2026-04-22 11:28:09.619 UTC [2401] admin@staging LOG:  duration: 1.173 ms  statement: SELECT count(*) FROM orders WHERE created_at > now() - interval '1 day'
2026-04-22 11:28:10.314 UTC [2402] admin@staging LOG:  statement: SELECT id, name FROM users WHERE active = true LIMIT 72
2026-04-22 11:28:13.846 UTC [2401] readonly@test_db LOG:  statement: SELECT id, name FROM users WHERE active = true LIMIT 152
2026-04-22 11:28:15.634 UTC [2405] readonly@staging LOG:  statement: SELECT id, name FROM users WHERE active = true LIMIT 142
2026-04-22 11:28:18.792 UTC [2405] admin@test_db LOG:  statement: SELECT id, name FROM users WHERE active = true LIMIT 103
2026-04-22 11:28:20.385 UTC [2403] admin@analytics ERROR:  syntax error at or near "SELEC" at character 1
2026-04-22 11:28:20.385 UTC [2403] admin@analytics STATEMENT:  SELEC * FROM users;
2026-04-22 11:28:20.800 UTC [2402] app_user@analytics ERROR:  syntax error at or near "SELEC" at character 1
2026-04-22 11:28:20.800 UTC [2402] app_user@analytics STATEMENT:  SELEC * FROM users;
2026-04-22 11:28:24.158 UTC [2402] app_user@staging LOG:  statement: SELECT id, name FROM users WHERE active = true LIMIT 42
2026-04-22 11:28:26.450 UTC [2401] readonly@test_db LOG:  statement: SELECT id, name FROM users WHERE active = true LIMIT 164
2026-04-22 11:28:28.455 UTC [2402] app_user@staging LOG:  statement: SELECT id, name FROM users WHERE active = true LIMIT 23
2026-04-22 11:28:30.591 UTC [2404] readonly@test_db LOG:  duration: 0.417 ms  statement: SELECT count(*) FROM orders WHERE created_at > now() - interval '1 day'
2026-04-22 11:28:32.980 UTC [2402] postgres@test_db LOG:  duration: 4.490 ms  statement: SELECT count(*) FROM orders WHERE created_at > now() - interval '1 day'
2026-04-22 11:28:35.873 UTC [2404] odoo@production LOG:  statement: SELECT id, name FROM users WHERE active = true LIMIT 194
2026-04-22 11:28:39.853 UTC [2403] readonly@analytics WARNING:  there is already a transaction in progress
2026-04-22 11:28:41.717 UTC [2401] readonly@test_db DEBUG:  query executed in cache
2026-04-22 11:28:44.527 UTC [2402] admin@staging LOG:  statement: SELECT id, name FROM users WHERE active = true LIMIT 147
2026-04-22 11:28:46.961 UTC [2403] app_user@staging DEBUG:  query executed in cache
2026-04-22 11:28:50.199 UTC [2405] admin@staging LOG:  statement: SELECT id, name FROM users WHERE active = true LIMIT 184
2026-04-22 11:28:52.795 UTC [2405] app_user@production LOG:  statement: SELECT id, name FROM users WHERE active = true LIMIT 101
2026-04-22 11:28:55.409 UTC [2405] postgres@production LOG:  statement: SELECT id, name FROM users WHERE active = true LIMIT 115
2026-04-22 11:28:57.972 UTC [2402] odoo@staging DEBUG:  query executed in cache
2026-04-22 11:29:00.731 UTC [2402] odoo@production ERROR:  syntax error at or near "SELEC" at character 1
2026-04-22 11:29:00.731 UTC [2402] odoo@production STATEMENT:  SELEC * FROM users;
2026-04-22 11:29:01.216 UTC [2401] app_user@production ERROR:  syntax error at or near "SELEC" at character 1
2026-04-22 11:29:01.216 UTC [2401] app_user@production STATEMENT:  SELEC * FROM users;
2026-04-22 11:29:02.877 UTC [2405] admin@test_db LOG:  duration: 0.779 ms  statement: SELECT count(*) FROM orders WHERE created_at > now() - interval '1 day'
2026-04-22 11:29:04.251 UTC [2403] odoo@production LOG:  statement: SELECT id, name FROM users WHERE active = true LIMIT 191
2026-04-22 11:29:04.722 UTC [2404] app_user@test_db LOG:  statement: SELECT id, name FROM users WHERE active = true LIMIT 112
2026-04-22 11:29:07.473 UTC [2402] odoo@analytics LOG:  duration: 1.765 ms  statement: SELECT count(*) FROM orders WHERE created_at > now() - interval '1 day'
2026-04-22 11:29:07.656 UTC [2401] readonly@analytics WARNING:  there is already a transaction in progress
2026-04-22 11:29:10.552 UTC [2401] readonly@production LOG:  statement: SELECT id, name FROM users WHERE active = true LIMIT 53
2026-04-22 11:29:10.671 UTC [2401] readonly@production LOG:  statement: SELECT id, name FROM users WHERE active = true LIMIT 88
2026-04-22 11:29:14.290 UTC [2401] readonly@analytics LOG:  statement: SELECT id, name FROM users WHERE active = true LIMIT 54
2026-04-22 11:29:15.134 UTC [2402] readonly@test_db LOG:  statement: SELECT id, name FROM users WHERE active = true LIMIT 98
2026-04-22 11:29:17.585 UTC [2401] odoo@analytics LOG:  statement: SELECT id, name FROM users WHERE active = true LIMIT 122
2026-04-22 11:29:21.020 UTC [2402] readonly@staging WARNING:  there is already a transaction in progress
2026-04-22 11:29:24.950 UTC [2401] readonly@production LOG:  statement: SELECT id, name FROM users WHERE active = true LIMIT 40
2026-04-22 11:29:26.479 UTC [2403] app_user@production LOG:  duration: 2.992 ms  statement: SELECT count(*) FROM orders WHERE created_at > now() - interval '1 day'
2026-04-22 11:29:27.370 UTC [2402] postgres@test_db LOG:  duration: 4.987 ms  statement: SELECT count(*) FROM orders WHERE created_at > now() - interval '1 day'
2026-04-22 11:29:30.681 UTC [2403] admin@test_db LOG:  statement: SELECT id, name FROM users WHERE active = true LIMIT 39
2026-04-22 11:29:31.789 UTC [2405] postgres@analytics LOG:  statement: SELECT id, name FROM users WHERE active = true LIMIT 71
2026-04-22 11:29:32.059 UTC [2404] odoo@test_db LOG:  statement: SELECT id, name FROM users WHERE active = true LIMIT 132
2026-04-22 11:29:34.876 UTC [2405] postgres@production LOG:  duration: 4.568 ms  statement: SELECT count(*) FROM orders WHERE created_at > now() - interval '1 day'
2026-04-22 11:29:38.076 UTC [2405] readonly@test_db LOG:  statement: SELECT id, name FROM users WHERE active = true LIMIT 61
2026-04-22 11:29:40.010 UTC [2403] app_user@staging DEBUG:  query executed in cache
2026-04-22 11:29:41.892 UTC [2403] admin@test_db LOG:  statement: SELECT id, name FROM users WHERE active = true LIMIT 135
2026-04-22 11:29:43.308 UTC [2401] admin@production LOG:  duration: 3.087 ms  statement: SELECT count(*) FROM orders WHERE created_at > now() - interval '1 day'
2026-04-22 11:29:46.565 UTC [2403] admin@analytics LOG:  duration: 0.370 ms  statement: SELECT count(*) FROM orders WHERE created_at > now() - interval '1 day'
2026-04-22 11:29:47.922 UTC [2401] odoo@production WARNING:  there is already a transaction in progress
2026-04-22 11:29:50.647 UTC [2405] readonly@staging LOG:  statement: SELECT id, name FROM users WHERE active = true LIMIT 22
2026-04-22 11:29:51.987 UTC [2405] postgres@production LOG:  statement: SELECT id, name FROM users WHERE active = true LIMIT 100
2026-04-22 11:29:55.000 UTC [2401] LOG:  disconnection: session time: 0:10:09.613 user=odoo database=analytics
2026-04-22 11:29:55.112 UTC [2405] postgres@test_db LOG:  statement: SELECT id, name FROM users WHERE active = true LIMIT 55
2026-04-22 11:29:58.942 UTC [2405] app_user@production LOG:  statement: SELECT id, name FROM users WHERE active = true LIMIT 127
2026-04-22 11:29:59.340 UTC [2402] odoo@analytics DEBUG:  query executed in cache
2026-04-22 11:29:59.625 UTC [2404] odoo@production ERROR:  syntax error at or near "SELEC" at character 1
2026-04-22 11:29:59.625 UTC [2404] odoo@production STATEMENT:  SELEC * FROM users;
2026-04-22 11:29:59.744 UTC [2402] postgres@analytics ERROR:  syntax error at or near "SELEC" at character 1
2026-04-22 11:29:59.744 UTC [2402] postgres@analytics STATEMENT:  SELEC * FROM users;
2026-04-22 11:30:03.229 UTC [2403] odoo@test_db LOG:  statement: SELECT id, name FROM users WHERE active = true LIMIT 112
